Domain Code,Domain,Area Code (FAO),Area,Element Code,Element,Item Code (CPC),Year Code,Year,Unit,Value,Flag,Flag Description,Note,Item
QCL,Crops and livestock products,4,Algeria,5312,Area harvested,1312,2010,2010,ha,12,I,Value imputed by a receiving agency,,Banana
QCL,Crops and livestock products,4,Algeria,5412,Yield,1312,2010,2010,kg/ha,18903.1,E,Estimated value,,Banana
QCL,Crops and livestock products,4,Algeria,5510,Production,1312,2010,2010,t,226.74,I,Value imputed by a receiving agency,,Banana
QCL,Crops and livestock products,4,Algeria,5312,Area harvested,1312,2011,2011,ha,12,I,Value imputed by a receiving agency,,Banana
QCL,Crops and livestock products,4,Algeria,5412,Yield,1312,2011,2011,kg/ha,22340.9,E,Estimated value,,Banana
QCL,Crops and livestock products,4,Algeria,5510,Production,1312,2011,2011,t,277.29,I,Value imputed by a receiving agency,,Banana
QCL,Crops and livestock products,4,Algeria,5312,Area harvested,1312,2012,2012,ha,13,E,Estimated value,,Banana
QCL,Crops and livestock products,4,Algeria,5412,Yield,1312,2012,2012,kg/ha,25769.2,E,Estimated value,,Banana
QCL,Crops and livestock products,4,Algeria,5510,Production,1312,2012,2012,t,335,E,Estimated value,,Banana
QCL,Crops and livestock products,4,Algeria,5312,Area harvested,1312,2013,2013,ha,13,E,Estimated value,,Banana
QCL,Crops and livestock products,4,Algeria,5412,Yield,1312,2013,2013,kg/ha,25769.2,E,Estimated value,,Banana
QCL,Crops and livestock products,4,Algeria,5510,Production,1312,2013,2013,t,335,E,Estimated value,,Banana
QCL,Crops and livestock products,4,Algeria,5312,Area harvested,1312,2014,2014,ha,12,I,Value imputed by a receiving agency,,Banana
QCL,Crops and livestock products,4,Algeria,5412,Yield,1312,2014,2014,kg/ha,25259.5,E,Estimated value,,Banana
QCL,Crops and livestock products,4,Algeria,5510,Production,1312,2014,2014,t,305.11,I,Value imputed by a receiving agency,,Banana
QCL,Crops and livestock products,4,Algeria,5312,Area harvested,1312,2015,2015,ha,7,I,Value imputed by a receiving agency,,Banana
QCL,Crops and livestock products,4,Algeria,5412,Yield,1312,2015,2015,kg/ha,23130.6,E,Estimated value,,Banana
QCL,Crops and livestock products,4,Algeria,5510,Production,1312,2015,2015,t,155.16,I,Value imputed by a receiving agency,,Banana
QCL,Crops and livestock products,4,Algeria,5312,Area harvested,1312,2016,2016,ha,11,E,Estimated value,,Banana
QCL,Crops and livestock products,4,Algeria,5412,Yield,1312,2016,2016,kg/ha,25018.7,E,Estimated value,,Banana
QCL,Crops and livestock products,4,Algeria,5510,Production,1312,2016,2016,t,265.09,E,Estimated value,,Banana
QCL,Crops and livestock products,4,Algeria,5312,Area harvested,1312,2017,2017,ha,10,E,Estimated value,,Banana
QCL,Crops and livestock products,4,Algeria,5412,Yield,1312,2017,2017,kg/ha,24686.6,E,Estimated value,,Banana
QCL,Crops and livestock products,4,Algeria,5510,Production,1312,2017,2017,t,241.79,E,Estimated value,,Banana
QCL,Crops and livestock products,4,Algeria,5312,Area harvested,1312,2018,2018,ha,9,E,Estimated value,,Banana
QCL,Crops and livestock products,4,Algeria,5412,Yield,1312,2018,2018,kg/ha,24431.3,E,Estimated value,,Banana
QCL,Crops and livestock products,4,Algeria,5510,Production,1312,2018,2018,t,220.68,E,Estimated value,,Banana
QCL,Crops and livestock products,4,Algeria,5312,Area harvested,1312,2019,2019,ha,10,E,Estimated value,,Banana
QCL,Crops and livestock products,4,Algeria,5412,Yield,1312,2019,2019,kg/ha,24727.8,E,Estimated value,,Banana
QCL,Crops and livestock products,4,Algeria,5510,Production,1312,2019,2019,t,242.52,E,Estimated value,,Banana
QCL,Crops and livestock products,4,Algeria,5312,Area harvested,1312,2020,2020,ha,10,E,Estimated value,,Banana
QCL,Crops and livestock products,4,Algeria,5412,Yield,1312,2020,2020,kg/ha,24620.2,E,Estimated value,,Banana
QCL,Crops and livestock products,4,Algeria,5510,Production,1312,2020,2020,t,234.99,E,Estimated value,,Banana
QCL,Crops and livestock products,4,Algeria,5312,Area harvested,1312,2021,2021,ha,9,E,Estimated value,,Banana
QCL,Crops and livestock products,4,Algeria,5412,Yield,1312,2021,2021,kg/ha,24597.3,E,Estimated value,,Banana
QCL,Crops and livestock products,4,Algeria,5510,Production,1312,2021,2021,t,232.73,E,Estimated value,,Banana
QCL,Crops and livestock products,4,Algeria,5312,Area harvested,1312,2022,2022,ha,10,E,Estimated value,,Banana
QCL,Crops and livestock products,4,Algeria,5412,Yield,1312,2022,2022,kg/ha,24649.3,E,Estimated value,,Banana
QCL,Crops and livestock products,4,Algeria,5510,Production,1312,2022,2022,t,236.75,E,Estimated value,,Banana
QCL,Crops and livestock products,4,Algeria,5312,Area harvested,1312,2023,2023,ha,10,E,Estimated value,,Banana
QCL,Crops and livestock products,4,Algeria,5412,Yield,1312,2023,2023,kg/ha,24622.4,E,Estimated value,,Banana
QCL,Crops and livestock products,4,Algeria,5510,Production,1312,2023,2023,t,234.82,E,Estimated value,,Banana
QCL,Crops and livestock products,4,Algeria,5312,Area harvested,1312,2024,2024,ha,10,E,Estimated value,,Banana
QCL,Crops and livestock products,4,Algeria,5412,Yield,1312,2024,2024,kg/ha,24623.1,E,Estimated value,,Banana
QCL,Crops and livestock products,4,Algeria,5510,Production,1312,2024,2024,t,234.77,E,Estimated value,,Banana
QCL,Crops and livestock products,7,Angola,5312,Area harvested,1312,2010,2010,ha,108740,A,Official value,,Banana
QCL,Crops and livestock products,7,Angola,5412,Yield,1312,2010,2010,kg/ha,18833.5,A,Official value,,Banana
QCL,Crops and livestock products,7,Angola,5510,Production,1312,2010,2010,t,2047955,A,Official value,,Banana
QCL,Crops and livestock products,7,Angola,5312,Area harvested,1312,2011,2011,ha,104750,A,Official value,,Banana
QCL,Crops and livestock products,7,Angola,5412,Yield,1312,2011,2011,kg/ha,25260.8,A,Official value,,Banana
QCL,Crops and livestock products,7,Angola,5510,Production,1312,2011,2011,t,2646073,A,Official value,,Banana
QCL,Crops and livestock products,7,Angola,5312,Area harvested,1312,2012,2012,ha,115749,A,Official value,,Banana
QCL,Crops and livestock products,7,Angola,5412,Yield,1312,2012,2012,kg/ha,25844.3,A,Official value,,Banana
QCL,Crops and livestock products,7,Angola,5510,Production,1312,2012,2012,t,2991454,A,Official value,,Banana
QCL,Crops and livestock products,7,Angola,5312,Area harvested,1312,2013,2013,ha,126582,A,Official value,,Banana
QCL,Crops and livestock products,7,Angola,5412,Yield,1312,2013,2013,kg/ha,24450.7,A,Official value,,Banana
QCL,Crops and livestock products,7,Angola,5510,Production,1312,2013,2013,t,3095013,A,Official value,,Banana
QCL,Crops and livestock products,7,Angola,5312,Area harvested,1312,2014,2014,ha,126966,A,Official value,,Banana
QCL,Crops and livestock products,7,Angola,5412,Yield,1312,2014,2014,kg/ha,27435.9,A,Official value,,Banana
QCL,Crops and livestock products,7,Angola,5510,Production,1312,2014,2014,t,3483431.5,A,Official value,,Banana
QCL,Crops and livestock products,7,Angola,5312,Area harvested,1312,2015,2015,ha,127034,A,Official value,,Banana
QCL,Crops and livestock products,7,Angola,5412,Yield,1312,2015,2015,kg/ha,28301.9,A,Official value,,Banana
QCL,Crops and livestock products,7,Angola,5510,Production,1312,2015,2015,t,3595306,A,Official value,,Banana
QCL,Crops and livestock products,7,Angola,5312,Area harvested,1312,2016,2016,ha,135849,A,Official value,,Banana
QCL,Crops and livestock products,7,Angola,5412,Yield,1312,2016,2016,kg/ha,27372.9,A,Official value,,Banana
QCL,Crops and livestock products,7,Angola,5510,Production,1312,2016,2016,t,3718579,A,Official value,,Banana
QCL,Crops and livestock products,7,Angola,5312,Area harvested,1312,2017,2017,ha,149554,A,Official value,,Banana
QCL,Crops and livestock products,7,Angola,5412,Yield,1312,2017,2017,kg/ha,26184.2,A,Official value,,Banana
QCL,Crops and livestock products,7,Angola,5510,Production,1312,2017,2017,t,3915948,A,Official value,,Banana
QCL,Crops and livestock products,7,Angola,5312,Area harvested,1312,2018,2018,ha,162154,A,Official value,,Banana
QCL,Crops and livestock products,7,Angola,5412,Yield,1312,2018,2018,kg/ha,24384.4,A,Official value,,Banana
QCL,Crops and livestock products,7,Angola,5510,Production,1312,2018,2018,t,3954036,A,Official value,,Banana
QCL,Crops and livestock products,7,Angola,5312,Area harvested,1312,2019,2019,ha,162156,A,Official value,,Banana
QCL,Crops and livestock products,7,Angola,5412,Yield,1312,2019,2019,kg/ha,24895.5,A,Official value,,Banana
QCL,Crops and livestock products,7,Angola,5510,Production,1312,2019,2019,t,4036959,A,Official value,,Banana
QCL,Crops and livestock products,7,Angola,5312,Area harvested,1312,2020,2020,ha,165191,A,Official value,,Banana
QCL,Crops and livestock products,7,Angola,5412,Yield,1312,2020,2020,kg/ha,25452.6,A,Official value,,Banana
QCL,Crops and livestock products,7,Angola,5510,Production,1312,2020,2020,t,4204538,A,Official value,,Banana
QCL,Crops and livestock products,7,Angola,5312,Area harvested,1312,2021,2021,ha,169971,A,Official value,,Banana
QCL,Crops and livestock products,7,Angola,5412,Yield,1312,2021,2021,kg/ha,25567.9,A,Official value,,Banana
QCL,Crops and livestock products,7,Angola,5510,Production,1312,2021,2021,t,4345799,A,Official value,,Banana
QCL,Crops and livestock products,7,Angola,5312,Area harvested,1312,2022,2022,ha,172102,A,Official value,,Banana
QCL,Crops and livestock products,7,Angola,5412,Yield,1312,2022,2022,kg/ha,26665,A,Official value,,Banana
QCL,Crops and livestock products,7,Angola,5510,Production,1312,2022,2022,t,4589099,A,Official value,,Banana
QCL,Crops and livestock products,7,Angola,5312,Area harvested,1312,2023,2023,ha,188724,A,Official value,,Banana
QCL,Crops and livestock products,7,Angola,5412,Yield,1312,2023,2023,kg/ha,25930.4,A,Official value,,Banana
QCL,Crops and livestock products,7,Angola,5510,Production,1312,2023,2023,t,4893686,A,Official value,,Banana
QCL,Crops and livestock products,7,Angola,5312,Area harvested,1312,2024,2024,ha,190740,A,Official value,,Banana
QCL,Crops and livestock products,7,Angola,5412,Yield,1312,2024,2024,kg/ha,27331,A,Official value,,Banana
QCL,Crops and livestock products,7,Angola,5510,Production,1312,2024,2024,t,5213106,A,Official value,,Banana
QCL,Crops and livestock products,8,Antigua and Barbuda,5312,Area harvested,1312,2010,2010,ha,6,I,Value imputed by a receiving agency,,Banana
QCL,Crops and livestock products,8,Antigua and Barbuda,5412,Yield,1312,2010,2010,kg/ha,843.3,E,Estimated value,,Banana
QCL,Crops and livestock products,8,Antigua and Barbuda,5510,Production,1312,2010,2010,t,4.91,I,Value imputed by a receiving agency,,Banana
QCL,Crops and livestock products,8,Antigua and Barbuda,5312,Area harvested,1312,2011,2011,ha,6,I,Value imputed by a receiving agency,,Banana
QCL,Crops and livestock products,8,Antigua and Barbuda,5412,Yield,1312,2011,2011,kg/ha,849.6,E,Estimated value,,Banana
QCL,Crops and livestock products,8,Antigua and Barbuda,5510,Production,1312,2011,2011,t,4.91,I,Value imputed by a receiving agency,,Banana
QCL,Crops and livestock products,8,Antigua and Barbuda,5312,Area harvested,1312,2012,2012,ha,6,I,Value imputed by a receiving agency,,Banana
QCL,Crops and livestock products,8,Antigua and Barbuda,5412,Yield,1312,2012,2012,kg/ha,856,E,Estimated value,,Banana
QCL,Crops and livestock products,8,Antigua and Barbuda,5510,Production,1312,2012,2012,t,4.91,I,Value imputed by a receiving agency,,Banana
QCL,Crops and livestock products,8,Antigua and Barbuda,5312,Area harvested,1312,2013,2013,ha,6,I,Value imputed by a receiving agency,,Banana
QCL,Crops and livestock products,8,Antigua and Barbuda,5412,Yield,1312,2013,2013,kg/ha,862.3,E,Estimated value,,Banana
QCL,Crops and livestock products,8,Antigua and Barbuda,5510,Production,1312,2013,2013,t,4.9,I,Value imputed by a receiving agency,,Banana
QCL,Crops and livestock products,8,Antigua and Barbuda,5312,Area harvested,1312,2014,2014,ha,6,I,Value imputed by a receiving agency,,Banana
QCL,Crops and livestock products,8,Antigua and Barbuda,5412,Yield,1312,2014,2014,kg/ha,868.7,E,Estimated value,,Banana
QCL,Crops and livestock products,8,Antigua and Barbuda,5510,Production,1312,2014,2014,t,4.9,I,Value imputed by a receiving agency,,Banana
QCL,Crops and livestock products,8,Antigua and Barbuda,5312,Area harvested,1312,2015,2015,ha,6,I,Value imputed by a receiving agency,,Banana
QCL,Crops and livestock products,8,Antigua and Barbuda,5412,Yield,1312,2015,2015,kg/ha,875.1,E,Estimated value,,Banana
QCL,Crops and livestock products,8,Antigua and Barbuda,5510,Production,1312,2015,2015,t,4.89,I,Value imputed by a receiving agency,,Banana
QCL,Crops and livestock products,8,Antigua and Barbuda,5312,Area harvested,1312,2016,2016,ha,6,I,Value imputed by a receiving agency,,Banana
QCL,Crops and livestock products,8,Antigua and Barbuda,5412,Yield,1312,2016,2016,kg/ha,881.4,E,Estimated value,,Banana
QCL,Crops and livestock products,8,Antigua and Barbuda,5510,Production,1312,2016,2016,t,4.89,I,Value imputed by a receiving agency,,Banana
QCL,Crops and livestock products,8,Antigua and Barbuda,5312,Area harvested,1312,2017,2017,ha,6,I,Value imputed by a receiving agency,,Banana
QCL,Crops and livestock products,8,Antigua and Barbuda,5412,Yield,1312,2017,2017,kg/ha,887.8,E,Estimated value,,Banana
QCL,Crops and livestock products,8,Antigua and Barbuda,5510,Production,1312,2017,2017,t,4.89,I,Value imputed by a receiving agency,,Banana
QCL,Crops and livestock products,8,Antigua and Barbuda,5312,Area harvested,1312,2018,2018,ha,5,I,Value imputed by a receiving agency,,Banana
QCL,Crops and livestock products,8,Antigua and Barbuda,5412,Yield,1312,2018,2018,kg/ha,894.2,E,Estimated value,,Banana
QCL,Crops and livestock products,8,Antigua and Barbuda,5510,Production,1312,2018,2018,t,4.89,I,Value imputed by a receiving agency,,Banana
QCL,Crops and livestock products,8,Antigua and Barbuda,5312,Area harvested,1312,2019,2019,ha,5,I,Value imputed by a receiving agency,,Banana
QCL,Crops and livestock products,8,Antigua and Barbuda,5412,Yield,1312,2019,2019,kg/ha,905.3,E,Estimated value,,Banana
QCL,Crops and livestock products,8,Antigua and Barbuda,5510,Production,1312,2019,2019,t,4.92,I,Value imputed by a receiving agency,,Banana
QCL,Crops and livestock products,8,Antigua and Barbuda,5312,Area harvested,1312,2020,2020,ha,11,A,Official value,,Banana
QCL,Crops and livestock products,8,Antigua and Barbuda,5412,Yield,1312,2020,2020,kg/ha,415.9,A,Official value,,Banana
QCL,Crops and livestock products,8,Antigua and Barbuda,5510,Production,1312,2020,2020,t,4.7,A,Official value,,Banana
QCL,Crops and livestock products,8,Antigua and Barbuda,5312,Area harvested,1312,2021,2021,ha,6,I,Value imputed by a receiving agency,,Banana
QCL,Crops and livestock products,8,Antigua and Barbuda,5412,Yield,1312,2021,2021,kg/ha,919,E,Estimated value,,Banana
QCL,Crops and livestock products,8,Antigua and Barbuda,5510,Production,1312,2021,2021,t,5.11,I,Value imputed by a receiving agency,,Banana
QCL,Crops and livestock products,8,Antigua and Barbuda,5312,Area harvested,1312,2022,2022,ha,5,A,Official value,,Banana
QCL,Crops and livestock products,8,Antigua and Barbuda,5412,Yield,1312,2022,2022,kg/ha,1459.8,A,Official value,,Banana
QCL,Crops and livestock products,8,Antigua and Barbuda,5510,Production,1312,2022,2022,t,7.04,A,Official value,,Banana
QCL,Crops and livestock products,8,Antigua and Barbuda,5312,Area harvested,1312,2023,2023,ha,2,A,Official value,,Banana
QCL,Crops and livestock products,8,Antigua and Barbuda,5412,Yield,1312,2023,2023,kg/ha,1973.1,A,Official value,,Banana
QCL,Crops and livestock products,8,Antigua and Barbuda,5510,Production,1312,2023,2023,t,4.83,A,Official value,,Banana
QCL,Crops and livestock products,8,Antigua and Barbuda,5312,Area harvested,1312,2024,2024,ha,5,A,Official value,,Banana
QCL,Crops and livestock products,8,Antigua and Barbuda,5412,Yield,1312,2024,2024,kg/ha,521.6,A,Official value,,Banana
QCL,Crops and livestock products,8,Antigua and Barbuda,5510,Production,1312,2024,2024,t,2.37,A,Official value,,Banana
QCL,Crops and livestock products,9,Argentina,5312,Area harvested,1312,2010,2010,ha,8176,I,Value imputed by a receiving agency,,Banana
QCL,Crops and livestock products,9,Argentina,5412,Yield,1312,2010,2010,kg/ha,20919.1,E,Estimated value,,Banana
QCL,Crops and livestock products,9,Argentina,5510,Production,1312,2010,2010,t,171038.84,I,Value imputed by a receiving agency,,Banana
QCL,Crops and livestock products,9,Argentina,5312,Area harvested,1312,2011,2011,ha,8353,I,Value imputed by a receiving agency,,Banana
QCL,Crops and livestock products,9,Argentina,5412,Yield,1312,2011,2011,kg/ha,20938.1,E,Estimated value,,Banana
QCL,Crops and livestock products,9,Argentina,5510,Production,1312,2011,2011,t,174901.47,I,Value imputed by a receiving agency,,Banana
QCL,Crops and livestock products,9,Argentina,5312,Area harvested,1312,2012,2012,ha,8360,I,Value imputed by a receiving agency,,Banana
QCL,Crops and livestock products,9,Argentina,5412,Yield,1312,2012,2012,kg/ha,20957,E,Estimated value,,Banana
QCL,Crops and livestock products,9,Argentina,5510,Production,1312,2012,2012,t,175203.3,I,Value imputed by a receiving agency,,Banana
QCL,Crops and livestock products,9,Argentina,5312,Area harvested,1312,2013,2013,ha,8359,I,Value imputed by a receiving agency,,Banana
QCL,Crops and livestock products,9,Argentina,5412,Yield,1312,2013,2013,kg/ha,20976,E,Estimated value,,Banana
QCL,Crops and livestock products,9,Argentina,5510,Production,1312,2013,2013,t,175334.11,I,Value imputed by a receiving agency,,Banana
QCL,Crops and livestock products,9,Argentina,5312,Area harvested,1312,2014,2014,ha,8382,I,Value imputed by a receiving agency,,Banana
QCL,Crops and livestock products,9,Argentina,5412,Yield,1312,2014,2014,kg/ha,20984,E,Estimated value,,Banana
QCL,Crops and livestock products,9,Argentina,5510,Production,1312,2014,2014,t,175890.64,I,Value imputed by a receiving agency,,Banana
QCL,Crops and livestock products,9,Argentina,5312,Area harvested,1312,2015,2015,ha,8394,I,Value imputed by a receiving agency,,Banana
QCL,Crops and livestock products,9,Argentina,5412,Yield,1312,2015,2015,kg/ha,20977,E,Estimated value,,Banana
QCL,Crops and livestock products,9,Argentina,5510,Production,1312,2015,2015,t,176076.16,I,Value imputed by a receiving agency,,Banana
QCL,Crops and livestock products,9,Argentina,5312,Area harvested,1312,2016,2016,ha,8394,I,Value imputed by a receiving agency,,Banana
QCL,Crops and livestock products,9,Argentina,5412,Yield,1312,2016,2016,kg/ha,20995.4,E,Estimated value,,Banana
QCL,Crops and livestock products,9,Argentina,5510,Production,1312,2016,2016,t,176237.08,I,Value imputed by a receiving agency,,Banana
QCL,Crops and livestock products,9,Argentina,5312,Area harvested,1312,2017,2017,ha,8395,I,Value imputed by a receiving agency,,Banana
QCL,Crops and livestock products,9,Argentina,5412,Yield,1312,2017,2017,kg/ha,21013.8,E,Estimated value,,Banana
QCL,Crops and livestock products,9,Argentina,5510,Production,1312,2017,2017,t,176409.63,I,Value imputed by a receiving agency,,Banana
QCL,Crops and livestock products,9,Argentina,5312,Area harvested,1312,2018,2018,ha,8403,I,Value imputed by a receiving agency,,Banana
QCL,Crops and livestock products,9,Argentina,5412,Yield,1312,2018,2018,kg/ha,21008.1,E,Estimated value,,Banana
QCL,Crops and livestock products,9,Argentina,5510,Production,1312,2018,2018,t,176530.16,I,Value imputed by a receiving agency,,Banana
QCL,Crops and livestock products,9,Argentina,5312,Area harvested,1312,2019,2019,ha,8405,I,Value imputed by a receiving agency,,Banana
QCL,Crops and livestock products,9,Argentina,5412,Yield,1312,2019,2019,kg/ha,21011.3,E,Estimated value,,Banana
QCL,Crops and livestock products,9,Argentina,5510,Production,1312,2019,2019,t,176605.24,I,Value imputed by a receiving agency,,Banana
QCL,Crops and livestock products,9,Argentina,5312,Area harvested,1312,2020,2020,ha,8421,I,Value imputed by a receiving agency,,Banana
QCL,Crops and livestock products,9,Argentina,5412,Yield,1312,2020,2020,kg/ha,21005.9,E,Estimated value,,Banana
QCL,Crops and livestock products,9,Argentina,5510,Production,1312,2020,2020,t,176890.01,I,Value imputed by a receiving agency,,Banana
QCL,Crops and livestock products,9,Argentina,5312,Area harvested,1312,2021,2021,ha,8433,I,Value imputed by a receiving agency,,Banana
QCL,Crops and livestock products,9,Argentina,5412,Yield,1312,2021,2021,kg/ha,20990.9,E,Estimated value,,Banana
QCL,Crops and livestock products,9,Argentina,5510,Production,1312,2021,2021,t,177009.47,I,Value imputed by a receiving agency,,Banana
QCL,Crops and livestock products,9,Argentina,5312,Area harvested,1312,2022,2022,ha,8437,I,Value imputed by a receiving agency,,Banana
QCL,Crops and livestock products,9,Argentina,5412,Yield,1312,2022,2022,kg/ha,20945.2,E,Estimated value,,Banana
QCL,Crops and livestock products,9,Argentina,5510,Production,1312,2022,2022,t,176709.92,I,Value imputed by a receiving agency,,Banana
QCL,Crops and livestock products,9,Argentina,5312,Area harvested,1312,2023,2023,ha,8443,I,Value imputed by a receiving agency,,Banana
QCL,Crops and livestock products,9,Argentina,5412,Yield,1312,2023,2023,kg/ha,20951.2,E,Estimated value,,Banana
QCL,Crops and livestock products,9,Argentina,5510,Production,1312,2023,2023,t,176895.88,I,Value imputed by a receiving agency,,Banana
QCL,Crops and livestock products,9,Argentina,5312,Area harvested,1312,2024,2024,ha,8450,I,Value imputed by a receiving agency,,Banana
QCL,Crops and livestock products,9,Argentina,5412,Yield,1312,2024,2024,kg/ha,20957.2,E,Estimated value,,Banana
QCL,Crops and livestock products,9,Argentina,5510,Production,1312,2024,2024,t,177081.85,I,Value imputed by a receiving agency,,Banana
QCL,Crops and livestock products,10,Australia,5312,Area harvested,1312,2010,2010,ha,11543,A,Official value,,Banana
QCL,Crops and livestock products,10,Australia,5412,Yield,1312,2010,2010,kg/ha,26178,A,Official value,,Banana
QCL,Crops and livestock products,10,Australia,5510,Production,1312,2010,2010,t,302173,A,Official value,,Banana
QCL,Crops and livestock products,10,Australia,5312,Area harvested,1312,2011,2011,ha,11196,A,Official value,,Banana
QCL,Crops and livestock products,10,Australia,5412,Yield,1312,2011,2011,kg/ha,18109.2,A,Official value,,Banana
QCL,Crops and livestock products,10,Australia,5510,Production,1312,2011,2011,t,202751,A,Official value,,Banana
QCL,Crops and livestock products,10,Australia,5312,Area harvested,1312,2012,2012,ha,13496,A,Official value,,Banana
QCL,Crops and livestock products,10,Australia,5412,Yield,1312,2012,2012,kg/ha,21157,A,Official value,,Banana
QCL,Crops and livestock products,10,Australia,5510,Production,1312,2012,2012,t,285535,A,Official value,,Banana
QCL,Crops and livestock products,10,Australia,5312,Area harvested,1312,2013,2013,ha,14218,A,Official value,,Banana
QCL,Crops and livestock products,10,Australia,5412,Yield,1312,2013,2013,kg/ha,23233.9,A,Official value,,Banana
QCL,Crops and livestock products,10,Australia,5510,Production,1312,2013,2013,t,330340,A,Official value,,Banana
QCL,Crops and livestock products,10,Australia,5312,Area harvested,1312,2014,2014,ha,12085,A,Official value,,Banana
QCL,Crops and livestock products,10,Australia,5412,Yield,1312,2014,2014,kg/ha,21057,A,Official value,,Banana
QCL,Crops and livestock products,10,Australia,5510,Production,1312,2014,2014,t,254474,A,Official value,,Banana
QCL,Crops and livestock products,10,Australia,5312,Area harvested,1312,2015,2015,ha,11788,A,Official value,,Banana
QCL,Crops and livestock products,10,Australia,5412,Yield,1312,2015,2015,kg/ha,21379.7,A,Official value,,Banana
QCL,Crops and livestock products,10,Australia,5510,Production,1312,2015,2015,t,252024,A,Official value,,Banana
QCL,Crops and livestock products,10,Australia,5312,Area harvested,1312,2016,2016,ha,16612,A,Official value,,Banana
QCL,Crops and livestock products,10,Australia,5412,Yield,1312,2016,2016,kg/ha,21324.4,A,Official value,,Banana
QCL,Crops and livestock products,10,Australia,5510,Production,1312,2016,2016,t,354241,A,Official value,,Banana
QCL,Crops and livestock products,10,Australia,5312,Area harvested,1312,2017,2017,ha,14021,A,Official value,,Banana
QCL,Crops and livestock products,10,Australia,5412,Yield,1312,2017,2017,kg/ha,29454,A,Official value,,Banana
QCL,Crops and livestock products,10,Australia,5510,Production,1312,2017,2017,t,412972.36,A,Official value,,Banana
QCL,Crops and livestock products,10,Australia,5312,Area harvested,1312,2018,2018,ha,12477,A,Official value,,Banana
QCL,Crops and livestock products,10,Australia,5412,Yield,1312,2018,2018,kg/ha,29969.6,A,Official value,,Banana
QCL,Crops and livestock products,10,Australia,5510,Production,1312,2018,2018,t,373931,A,Official value,,Banana
QCL,Crops and livestock products,10,Australia,5312,Area harvested,1312,2019,2019,ha,10962,A,Official value,,Banana
QCL,Crops and livestock products,10,Australia,5412,Yield,1312,2019,2019,kg/ha,28293.6,A,Official value,,Banana
QCL,Crops and livestock products,10,Australia,5510,Production,1312,2019,2019,t,310160,A,Official value,,Banana
QCL,Crops and livestock products,10,Australia,5312,Area harvested,1312,2020,2020,ha,12254,A,Official value,,Banana
QCL,Crops and livestock products,10,Australia,5412,Yield,1312,2020,2020,kg/ha,30393.3,A,Official value,,Banana
QCL,Crops and livestock products,10,Australia,5510,Production,1312,2020,2020,t,372432.65,A,Official value,,Banana
QCL,Crops and livestock products,10,Australia,5312,Area harvested,1312,2021,2021,ha,14200,I,Value imputed by a receiving agency,,Banana
QCL,Crops and livestock products,10,Australia,5412,Yield,1312,2021,2021,kg/ha,28378.4,E,Estimated value,,Banana
QCL,Crops and livestock products,10,Australia,5510,Production,1312,2021,2021,t,402982,A,Official value,,Banana
QCL,Crops and livestock products,10,Australia,5312,Area harvested,1312,2022,2022,ha,13452,I,Value imputed by a receiving agency,,Banana
QCL,Crops and livestock products,10,Australia,5412,Yield,1312,2022,2022,kg/ha,27804.8,E,Estimated value,,Banana
QCL,Crops and livestock products,10,Australia,5510,Production,1312,2022,2022,t,374033,A,Official value,,Banana
QCL,Crops and livestock products,10,Australia,5312,Area harvested,1312,2023,2023,ha,13022,I,Value imputed by a receiving agency,,Banana
QCL,Crops and livestock products,10,Australia,5412,Yield,1312,2023,2023,kg/ha,28740.9,E,Estimated value,,Banana
QCL,Crops and livestock products,10,Australia,5510,Production,1312,2023,2023,t,374251,A,Official value,,Banana
QCL,Crops and livestock products,10,Australia,5312,Area harvested,1312,2024,2024,ha,12633,I,Value imputed by a receiving agency,,Banana
QCL,Crops and livestock products,10,Australia,5412,Yield,1312,2024,2024,kg/ha,29188.6,E,Estimated value,,Banana
QCL,Crops and livestock products,10,Australia,5510,Production,1312,2024,2024,t,368735,A,Official value,,Banana
QCL,Crops and livestock products,11,Austria,5312,Area harvested,1312,2018,2018,ha,0,A,Official value,,Banana
QCL,Crops and livestock products,11,Austria,5510,Production,1312,2018,2018,t,0,A,Official value,,Banana
QCL,Crops and livestock products,11,Austria,5312,Area harvested,1312,2019,2019,ha,0,A,Official value,,Banana
QCL,Crops and livestock products,11,Austria,5510,Production,1312,2019,2019,t,0,A,Official value,,Banana
QCL,Crops and livestock products,11,Austria,5312,Area harvested,1312,2020,2020,ha,0,A,Official value,,Banana
QCL,Crops and livestock products,11,Austria,5510,Production,1312,2020,2020,t,0,A,Official value,,Banana
QCL,Crops and livestock products,11,Austria,5312,Area harvested,1312,2021,2021,ha,0,A,Official value,,Banana
QCL,Crops and livestock products,11,Austria,5510,Production,1312,2021,2021,t,0,A,Official value,,Banana
QCL,Crops and livestock products,11,Austria,5312,Area harvested,1312,2022,2022,ha,0,A,Official value,,Banana
QCL,Crops and livestock products,11,Austria,5510,Production,1312,2022,2022,t,0,A,Official value,,Banana
QCL,Crops and livestock products,11,Austria,5312,Area harvested,1312,2023,2023,ha,0,A,Official value,,Banana
QCL,Crops and livestock products,11,Austria,5510,Production,1312,2023,2023,t,0,A,Official value,,Banana
QCL,Crops and livestock products,11,Austria,5312,Area harvested,1312,2024,2024,ha,0,A,Official value,,Banana
QCL,Crops and livestock products,11,Austria,5510,Production,1312,2024,2024,t,0,A,Official value,,Banana
QCL,Crops and livestock products,12,Bahamas,5312,Area harvested,1312,2010,2010,ha,385,A,Official value,,Banana
QCL,Crops and livestock products,12,Bahamas,5412,Yield,1312,2010,2010,kg/ha,21366.8,E,Estimated value,,Banana
QCL,Crops and livestock products,12,Bahamas,5510,Production,1312,2010,2010,t,8226.23,I,Value imputed by a receiving agency,,Banana
QCL,Crops and livestock products,12,Bahamas,5312,Area harvested,1312,2011,2011,ha,389,A,Official value,,Banana
QCL,Crops and livestock products,12,Bahamas,5412,Yield,1312,2011,2011,kg/ha,24213.4,A,Official value,,Banana
QCL,Crops and livestock products,12,Bahamas,5510,Production,1312,2011,2011,t,9419,A,Official value,,Banana
QCL,Crops and livestock products,12,Bahamas,5312,Area harvested,1312,2012,2012,ha,391,A,Official value,,Banana
QCL,Crops and livestock products,12,Bahamas,5412,Yield,1312,2012,2012,kg/ha,24199.5,A,Official value,,Banana
QCL,Crops and livestock products,12,Bahamas,5510,Production,1312,2012,2012,t,9462,A,Official value,,Banana
QCL,Crops and livestock products,12,Bahamas,5312,Area harvested,1312,2013,2013,ha,401,I,Value imputed by a receiving agency,,Banana
QCL,Crops and livestock products,12,Bahamas,5412,Yield,1312,2013,2013,kg/ha,24101.4,E,Estimated value,,Banana
QCL,Crops and livestock products,12,Bahamas,5510,Production,1312,2013,2013,t,9661.25,I,Value imputed by a receiving agency,,Banana
QCL,Crops and livestock products,12,Bahamas,5312,Area harvested,1312,2014,2014,ha,417,I,Value imputed by a receiving agency,,Banana
QCL,Crops and livestock products,12,Bahamas,5412,Yield,1312,2014,2014,kg/ha,23703,E,Estimated value,,Banana
QCL,Crops and livestock products,12,Bahamas,5510,Production,1312,2014,2014,t,9891.8,I,Value imputed by a receiving agency,,Banana
QCL,Crops and livestock products,12,Bahamas,5312,Area harvested,1312,2015,2015,ha,441,I,Value imputed by a receiving agency,,Banana
QCL,Crops and livestock products,12,Bahamas,5412,Yield,1312,2015,2015,kg/ha,22412.1,E,Estimated value,,Banana
QCL,Crops and livestock products,12,Bahamas,5510,Production,1312,2015,2015,t,9883.86,I,Value imputed by a receiving agency,,Banana
QCL,Crops and livestock products,12,Bahamas,5312,Area harvested,1312,2016,2016,ha,420,E,Estimated value,,Banana
QCL,Crops and livestock products,12,Bahamas,5412,Yield,1312,2016,2016,kg/ha,23768.3,E,Estimated value,,Banana
QCL,Crops and livestock products,12,Bahamas,5510,Production,1312,2016,2016,t,9976.21,I,Value imputed by a receiving agency,,Banana
QCL,Crops and livestock products,12,Bahamas,5312,Area harvested,1312,2017,2017,ha,413,I,Value imputed by a receiving agency,,Banana
QCL,Crops and livestock products,12,Bahamas,5412,Yield,1312,2017,2017,kg/ha,24446.6,E,Estimated value,,Banana
QCL,Crops and livestock products,12,Bahamas,5510,Production,1312,2017,2017,t,10084.27,I,Value imputed by a receiving agency,,Banana
QCL,Crops and livestock products,12,Bahamas,5312,Area harvested,1312,2018,2018,ha,409,I,Value imputed by a receiving agency,,Banana
QCL,Crops and livestock products,12,Bahamas,5412,Yield,1312,2018,2018,kg/ha,24941.9,E,Estimated value,,Banana
QCL,Crops and livestock products,12,Bahamas,5510,Production,1312,2018,2018,t,10196.86,I,Value imputed by a receiving agency,,Banana
QCL,Crops and livestock products,12,Bahamas,5312,Area harvested,1312,2019,2019,ha,409,I,Value imputed by a receiving agency,,Banana
QCL,Crops and livestock products,12,Bahamas,5412,Yield,1312,2019,2019,kg/ha,25183.2,E,Estimated value,,Banana
QCL,Crops and livestock products,12,Bahamas,5510,Production,1312,2019,2019,t,10301.58,I,Value imputed by a receiving agency,,Banana
QCL,Crops and livestock products,12,Bahamas,5312,Area harvested,1312,2020,2020,ha,412,I,Value imputed by a receiving agency,,Banana
QCL,Crops and livestock products,12,Bahamas,5412,Yield,1312,2020,2020,kg/ha,25204.6,E,Estimated value,,Banana
QCL,Crops and livestock products,12,Bahamas,5510,Production,1312,2020,2020,t,10394.19,I,Value imputed by a receiving agency,,Banana
QCL,Crops and livestock products,12,Bahamas,5312,Area harvested,1312,2021,2021,ha,417,I,Value imputed by a receiving agency,,Banana
QCL,Crops and livestock products,12,Bahamas,5412,Yield,1312,2021,2021,kg/ha,25285.3,E,Estimated value,,Banana
QCL,Crops and livestock products,12,Bahamas,5510,Production,1312,2021,2021,t,10550.62,I,Value imputed by a receiving agency,,Banana
QCL,Crops and livestock products,12,Bahamas,5312,Area harvested,1312,2022,2022,ha,412,I,Value imputed by a receiving agency,,Banana
QCL,Crops and livestock products,12,Bahamas,5412,Yield,1312,2022,2022,kg/ha,25496.6,E,Estimated value,,Banana
QCL,Crops and livestock products,12,Bahamas,5510,Production,1312,2022,2022,t,10502.4,I,Value imputed by a receiving agency,,Banana
QCL,Crops and livestock products,12,Bahamas,5312,Area harvested,1312,2023,2023,ha,412,I,Value imputed by a receiving agency,,Banana
QCL,Crops and livestock products,12,Bahamas,5412,Yield,1312,2023,2023,kg/ha,25675.6,E,Estimated value,,Banana
QCL,Crops and livestock products,12,Bahamas,5510,Production,1312,2023,2023,t,10569.56,I,Value imputed by a receiving agency,,Banana
QCL,Crops and livestock products,12,Bahamas,5312,Area harvested,1312,2024,2024,ha,411,I,Value imputed by a receiving agency,,Banana
QCL,Crops and livestock products,12,Bahamas,5412,Yield,1312,2024,2024,kg/ha,25621.5,E,Estimated value,,Banana
QCL,Crops and livestock products,12,Bahamas,5510,Production,1312,2024,2024,t,10540.86,E,Estimated value,,Banana
QCL,Crops and livestock products,13,Bahrain,5312,Area harvested,1312,2010,2010,ha,,M,Missing value; data cannot exist,,Banana
QCL,Crops and livestock products,13,Bahrain,5510,Production,1312,2010,2010,t,,M,Missing value; data cannot exist,,Banana
QCL,Crops and livestock products,13,Bahrain,5312,Area harvested,1312,2011,2011,ha,,M,Missing value; data cannot exist,,Banana
QCL,Crops and livestock products,13,Bahrain,5510,Production,1312,2011,2011,t,,M,Missing value; data cannot exist,,Banana
QCL,Crops and livestock products,13,Bahrain,5312,Area harvested,1312,2012,2012,ha,,M,Missing value; data cannot exist,,Banana
QCL,Crops and livestock products,13,Bahrain,5510,Production,1312,2012,2012,t,,M,Missing value; data cannot exist,,Banana
QCL,Crops and livestock products,13,Bahrain,5312,Area harvested,1312,2013,2013,ha,,M,Missing value; data cannot exist,,Banana
QCL,Crops and livestock products,13,Bahrain,5510,Production,1312,2013,2013,t,,M,Missing value; data cannot exist,,Banana
QCL,Crops and livestock products,13,Bahrain,5312,Area harvested,1312,2014,2014,ha,,M,Missing value; data cannot exist,,Banana
QCL,Crops and livestock products,13,Bahrain,5510,Production,1312,2014,2014,t,,M,Missing value; data cannot exist,,Banana
QCL,Crops and livestock products,13,Bahrain,5312,Area harvested,1312,2015,2015,ha,,M,Missing value; data cannot exist,,Banana
QCL,Crops and livestock products,13,Bahrain,5510,Production,1312,2015,2015,t,,M,Missing value; data cannot exist,,Banana
QCL,Crops and livestock products,13,Bahrain,5312,Area harvested,1312,2016,2016,ha,,M,Missing value; data cannot exist,,Banana
QCL,Crops and livestock products,13,Bahrain,5510,Production,1312,2016,2016,t,,M,Missing value; data cannot exist,,Banana
QCL,Crops and livestock products,13,Bahrain,5312,Area harvested,1312,2017,2017,ha,,M,Missing value; data cannot exist,,Banana
QCL,Crops and livestock products,13,Bahrain,5510,Production,1312,2017,2017,t,,M,Missing value; data cannot exist,,Banana
QCL,Crops and livestock products,13,Bahrain,5312,Area harvested,1312,2018,2018,ha,,M,Missing value; data cannot exist,,Banana
QCL,Crops and livestock products,13,Bahrain,5510,Production,1312,2018,2018,t,,M,Missing value; data cannot exist,,Banana
QCL,Crops and livestock products,13,Bahrain,5312,Area harvested,1312,2019,2019,ha,,M,Missing value; data cannot exist,,Banana
QCL,Crops and livestock products,13,Bahrain,5510,Production,1312,2019,2019,t,,M,Missing value; data cannot exist,,Banana
QCL,Crops and livestock products,13,Bahrain,5312,Area harvested,1312,2020,2020,ha,,M,Missing value; data cannot exist,,Banana
QCL,Crops and livestock products,13,Bahrain,5510,Production,1312,2020,2020,t,,M,Missing value; data cannot exist,,Banana
QCL,Crops and livestock products,13,Bahrain,5312,Area harvested,1312,2021,2021,ha,,M,Missing value; data cannot exist,,Banana
QCL,Crops and livestock products,13,Bahrain,5510,Production,1312,2021,2021,t,,M,Missing value; data cannot exist,,Banana
QCL,Crops and livestock products,13,Bahrain,5312,Area harvested,1312,2022,2022,ha,,M,Missing value; data cannot exist,,Banana
QCL,Crops and livestock products,13,Bahrain,5510,Production,1312,2022,2022,t,,M,Missing value; data cannot exist,,Banana
QCL,Crops and livestock products,13,Bahrain,5312,Area harvested,1312,2023,2023,ha,,M,Missing value; data cannot exist,,Banana
QCL,Crops and livestock products,13,Bahrain,5510,Production,1312,2023,2023,t,,M,Missing value; data cannot exist,,Banana
QCL,Crops and livestock products,13,Bahrain,5312,Area harvested,1312,2024,2024,ha,,M,Missing value; data cannot exist,,Banana
QCL,Crops and livestock products,13,Bahrain,5510,Production,1312,2024,2024,t,,M,Missing value; data cannot exist,,Banana
QCL,Crops and livestock products,16,Bangladesh,5312,Area harvested,1312,2010,2010,ha,53946,A,Official value,,Banana
QCL,Crops and livestock products,16,Bangladesh,5412,Yield,1312,2010,2010,kg/ha,15168,A,Official value,,Banana
QCL,Crops and livestock products,16,Bangladesh,5510,Production,1312,2010,2010,t,818254,A,Official value,,Banana
QCL,Crops and livestock products,16,Bangladesh,5312,Area harvested,1312,2011,2011,ha,52847,A,Official value,,Banana
QCL,Crops and livestock products,16,Bangladesh,5412,Yield,1312,2011,2011,kg/ha,15153.9,A,Official value,,Banana
QCL,Crops and livestock products,16,Bangladesh,5510,Production,1312,2011,2011,t,800840,A,Official value,,Banana
QCL,Crops and livestock products,16,Bangladesh,5312,Area harvested,1312,2012,2012,ha,49278,A,Official value,,Banana
QCL,Crops and livestock products,16,Bangladesh,5412,Yield,1312,2012,2012,kg/ha,15137.1,A,Official value,,Banana
QCL,Crops and livestock products,16,Bangladesh,5510,Production,1312,2012,2012,t,745927,A,Official value,,Banana
QCL,Crops and livestock products,16,Bangladesh,5312,Area harvested,1312,2013,2013,ha,48157,A,Official value,,Banana
QCL,Crops and livestock products,16,Bangladesh,5412,Yield,1312,2013,2013,kg/ha,16089.6,A,Official value,,Banana
QCL,Crops and livestock products,16,Bangladesh,5510,Production,1312,2013,2013,t,774826,A,Official value,,Banana
QCL,Crops and livestock products,16,Bangladesh,5312,Area harvested,1312,2014,2014,ha,46134,A,Official value,,Banana
QCL,Crops and livestock products,16,Bangladesh,5412,Yield,1312,2014,2014,kg/ha,16694.9,A,Official value,,Banana
QCL,Crops and livestock products,16,Bangladesh,5510,Production,1312,2014,2014,t,770203,A,Official value,,Banana
QCL,Crops and livestock products,16,Bangladesh,5312,Area harvested,1312,2015,2015,ha,46714,A,Official value,,Banana
QCL,Crops and livestock products,16,Bangladesh,5412,Yield,1312,2015,2015,kg/ha,16642.3,A,Official value,,Banana
QCL,Crops and livestock products,16,Bangladesh,5510,Production,1312,2015,2015,t,777427,A,Official value,,Banana
QCL,Crops and livestock products,16,Bangladesh,5312,Area harvested,1312,2016,2016,ha,47432,A,Official value,,Banana
QCL,Crops and livestock products,16,Bangladesh,5412,Yield,1312,2016,2016,kg/ha,16824.3,A,Official value,,Banana
QCL,Crops and livestock products,16,Bangladesh,5510,Production,1312,2016,2016,t,798012,A,Official value,,Banana
QCL,Crops and livestock products,16,Bangladesh,5312,Area harvested,1312,2017,2017,ha,48644,A,Official value,,Banana
QCL,Crops and livestock products,16,Bangladesh,5412,Yield,1312,2017,2017,kg/ha,16592.1,A,Official value,,Banana
QCL,Crops and livestock products,16,Bangladesh,5510,Production,1312,2017,2017,t,807104,A,Official value,,Banana
QCL,Crops and livestock products,16,Bangladesh,5312,Area harvested,1312,2018,2018,ha,49123,A,Official value,,Banana
QCL,Crops and livestock products,16,Bangladesh,5412,Yield,1312,2018,2018,kg/ha,16496.3,A,Official value,,Banana
QCL,Crops and livestock products,16,Bangladesh,5510,Production,1312,2018,2018,t,810347,A,Official value,,Banana
QCL,Crops and livestock products,16,Bangladesh,5312,Area harvested,1312,2019,2019,ha,48850,A,Official value,,Banana
QCL,Crops and livestock products,16,Bangladesh,5412,Yield,1312,2019,2019,kg/ha,17058.4,A,Official value,,Banana
QCL,Crops and livestock products,16,Bangladesh,5510,Production,1312,2019,2019,t,833309,A,Official value,,Banana
QCL,Crops and livestock products,16,Bangladesh,5312,Area harvested,1312,2020,2020,ha,49280,A,Official value,,Banana
QCL,Crops and livestock products,16,Bangladesh,5412,Yield,1312,2020,2020,kg/ha,16597.2,A,Official value,,Banana
QCL,Crops and livestock products,16,Bangladesh,5510,Production,1312,2020,2020,t,817908,A,Official value,,Banana
QCL,Crops and livestock products,16,Bangladesh,5312,Area harvested,1312,2021,2021,ha,49450,A,Official value,,Banana
QCL,Crops and livestock products,16,Bangladesh,5412,Yield,1312,2021,2021,kg/ha,16706.8,A,Official value,,Banana
QCL,Crops and livestock products,16,Bangladesh,5510,Production,1312,2021,2021,t,826151,A,Official value,,Banana
QCL,Crops and livestock products,16,Bangladesh,5312,Area harvested,1312,2022,2022,ha,49609,A,Official value,,Banana
QCL,Crops and livestock products,16,Bangladesh,5412,Yield,1312,2022,2022,kg/ha,16653.8,A,Official value,,Banana
QCL,Crops and livestock products,16,Bangladesh,5510,Production,1312,2022,2022,t,826179,A,Official value,,Banana
QCL,Crops and livestock products,16,Bangladesh,5312,Area harvested,1312,2023,2023,ha,49637,A,Official value,,Banana
QCL,Crops and livestock products,16,Bangladesh,5412,Yield,1312,2023,2023,kg/ha,16930.2,A,Official value,,Banana
QCL,Crops and livestock products,16,Bangladesh,5510,Production,1312,2023,2023,t,840362,A,Official value,,Banana
QCL,Crops and livestock products,16,Bangladesh,5312,Area harvested,1312,2024,2024,ha,49720,A,Official value,,Banana
QCL,Crops and livestock products,16,Bangladesh,5412,Yield,1312,2024,2024,kg/ha,16362.8,A,Official value,,Banana
QCL,Crops and livestock products,16,Bangladesh,5510,Production,1312,2024,2024,t,813560,A,Official value,,Banana
QCL,Crops and livestock products,14,Barbados,5312,Area harvested,1312,2010,2010,ha,150,I,Value imputed by a receiving agency,,Banana
QCL,Crops and livestock products,14,Barbados,5412,Yield,1312,2010,2010,kg/ha,5639.4,E,Estimated value,,Banana
QCL,Crops and livestock products,14,Barbados,5510,Production,1312,2010,2010,t,845.79,I,Value imputed by a receiving agency,,Banana
QCL,Crops and livestock products,14,Barbados,5312,Area harvested,1312,2011,2011,ha,158,E,Estimated value,,Banana
QCL,Crops and livestock products,14,Barbados,5412,Yield,1312,2011,2011,kg/ha,5659.8,E,Estimated value,,Banana
QCL,Crops and livestock products,14,Barbados,5510,Production,1312,2011,2011,t,894.25,I,Value imputed by a receiving agency,,Banana
QCL,Crops and livestock products,14,Barbados,5312,Area harvested,1312,2012,2012,ha,160,E,Estimated value,,Banana
QCL,Crops and livestock products,14,Barbados,5412,Yield,1312,2012,2012,kg/ha,5937.5,E,Estimated value,,Banana
QCL,Crops and livestock products,14,Barbados,5510,Production,1312,2012,2012,t,950,E,Estimated value,,Banana
QCL,Crops and livestock products,14,Barbados,5312,Area harvested,1312,2013,2013,ha,169,I,Value imputed by a receiving agency,,Banana
QCL,Crops and livestock products,14,Barbados,5412,Yield,1312,2013,2013,kg/ha,5658.8,E,Estimated value,,Banana
QCL,Crops and livestock products,14,Barbados,5510,Production,1312,2013,2013,t,955.78,I,Value imputed by a receiving agency,,Banana
QCL,Crops and livestock products,14,Barbados,5312,Area harvested,1312,2014,2014,ha,170,E,Estimated value,,Banana
QCL,Crops and livestock products,14,Barbados,5412,Yield,1312,2014,2014,kg/ha,5764.7,E,Estimated value,,Banana
QCL,Crops and livestock products,14,Barbados,5510,Production,1312,2014,2014,t,980,E,Estimated value,,Banana
QCL,Crops and livestock products,14,Barbados,5312,Area harvested,1312,2015,2015,ha,173,I,Value imputed by a receiving agency,,Banana
QCL,Crops and livestock products,14,Barbados,5412,Yield,1312,2015,2015,kg/ha,5724.1,E,Estimated value,,Banana
QCL,Crops and livestock products,14,Barbados,5510,Production,1312,2015,2015,t,991.74,I,Value imputed by a receiving agency,,Banana
QCL,Crops and livestock products,14,Barbados,5312,Area harvested,1312,2016,2016,ha,177,I,Value imputed by a receiving agency,,Banana
QCL,Crops and livestock products,14,Barbados,5412,Yield,1312,2016,2016,kg/ha,5691,E,Estimated value,,Banana
QCL,Crops and livestock products,14,Barbados,5510,Production,1312,2016,2016,t,1004.91,I,Value imputed by a receiving agency,,Banana
QCL,Crops and livestock products,14,Barbados,5312,Area harvested,1312,2017,2017,ha,180,I,Value imputed by a receiving agency,,Banana
QCL,Crops and livestock products,14,Barbados,5412,Yield,1312,2017,2017,kg/ha,5691.5,E,Estimated value,,Banana
QCL,Crops and livestock products,14,Barbados,5510,Production,1312,2017,2017,t,1024.54,I,Value imputed by a receiving agency,,Banana
QCL,Crops and livestock products,14,Barbados,5312,Area harvested,1312,2018,2018,ha,169,I,Value imputed by a receiving agency,,Banana
QCL,Crops and livestock products,14,Barbados,5412,Yield,1312,2018,2018,kg/ha,5689.7,E,Estimated value,,Banana
QCL,Crops and livestock products,14,Barbados,5510,Production,1312,2018,2018,t,961.48,I,Value imputed by a receiving agency,,Banana
QCL,Crops and livestock products,14,Barbados,5312,Area harvested,1312,2019,2019,ha,170,I,Value imputed by a receiving agency,,Banana
QCL,Crops and livestock products,14,Barbados,5412,Yield,1312,2019,2019,kg/ha,5691.5,E,Estimated value,,Banana
QCL,Crops and livestock products,14,Barbados,5510,Production,1312,2019,2019,t,965.82,I,Value imputed by a receiving agency,,Banana
QCL,Crops and livestock products,14,Barbados,5312,Area harvested,1312,2020,2020,ha,195,I,Value imputed by a receiving agency,,Banana
QCL,Crops and livestock products,14,Barbados,5412,Yield,1312,2020,2020,kg/ha,5703.2,E,Estimated value,,Banana
QCL,Crops and livestock products,14,Barbados,5510,Production,1312,2020,2020,t,1114,A,Official value,,Banana
QCL,Crops and livestock products,14,Barbados,5312,Area harvested,1312,2021,2021,ha,229,I,Value imputed by a receiving agency,,Banana
QCL,Crops and livestock products,14,Barbados,5412,Yield,1312,2021,2021,kg/ha,5710.3,E,Estimated value,,Banana
QCL,Crops and livestock products,14,Barbados,5510,Production,1312,2021,2021,t,1305,A,Official value,,Banana
QCL,Crops and livestock products,14,Barbados,5312,Area harvested,1312,2022,2022,ha,45,I,Value imputed by a receiving agency,,Banana
QCL,Crops and livestock products,14,Barbados,5412,Yield,1312,2022,2022,kg/ha,5728.3,E,Estimated value,,Banana
QCL,Crops and livestock products,14,Barbados,5510,Production,1312,2022,2022,t,259,A,Official value,,Banana
QCL,Crops and livestock products,14,Barbados,5312,Area harvested,1312,2023,2023,ha,144,I,Value imputed by a receiving agency,,Banana
QCL,Crops and livestock products,14,Barbados,5412,Yield,1312,2023,2023,kg/ha,5736.3,E,Estimated value,,Banana
QCL,Crops and livestock products,14,Barbados,5510,Production,1312,2023,2023,t,825.51,I,Value imputed by a receiving agency,,Banana
QCL,Crops and livestock products,14,Barbados,5312,Area harvested,1312,2024,2024,ha,171,I,Value imputed by a receiving agency,,Banana
QCL,Crops and livestock products,14,Barbados,5412,Yield,1312,2024,2024,kg/ha,5744.2,E,Estimated value,,Banana
QCL,Crops and livestock products,14,Barbados,5510,Production,1312,2024,2024,t,981.37,I,Value imputed by a receiving agency,,Banana
QCL,Crops and livestock products,255,Belgium,5312,Area harvested,1312,2018,2018,ha,0,A,Official value,,Banana
QCL,Crops and livestock products,255,Belgium,5510,Production,1312,2018,2018,t,0,A,Official value,,Banana
QCL,Crops and livestock products,255,Belgium,5312,Area harvested,1312,2019,2019,ha,0,A,Official value,,Banana
QCL,Crops and livestock products,255,Belgium,5510,Production,1312,2019,2019,t,0,A,Official value,,Banana
QCL,Crops and livestock products,255,Belgium,5312,Area harvested,1312,2020,2020,ha,0,A,Official value,,Banana
QCL,Crops and livestock products,255,Belgium,5510,Production,1312,2020,2020,t,0,A,Official value,,Banana
QCL,Crops and livestock products,255,Belgium,5312,Area harvested,1312,2021,2021,ha,0,A,Official value,,Banana
QCL,Crops and livestock products,255,Belgium,5510,Production,1312,2021,2021,t,0,A,Official value,,Banana
QCL,Crops and livestock products,255,Belgium,5312,Area harvested,1312,2022,2022,ha,0,A,Official value,,Banana
QCL,Crops and livestock products,255,Belgium,5510,Production,1312,2022,2022,t,0,A,Official value,,Banana
QCL,Crops and livestock products,255,Belgium,5312,Area harvested,1312,2023,2023,ha,0,A,Official value,,Banana
QCL,Crops and livestock products,255,Belgium,5510,Production,1312,2023,2023,t,0,A,Official value,,Banana
QCL,Crops and livestock products,255,Belgium,5312,Area harvested,1312,2024,2024,ha,0,A,Official value,,Banana
QCL,Crops and livestock products,255,Belgium,5510,Production,1312,2024,2024,t,0,A,Official value,,Banana
QCL,Crops and livestock products,23,Belize,5312,Area harvested,1312,2010,2010,ha,2643,A,Official value,,Banana
QCL,Crops and livestock products,23,Belize,5412,Yield,1312,2010,2010,kg/ha,29433.2,A,Official value,,Banana
QCL,Crops and livestock products,23,Belize,5510,Production,1312,2010,2010,t,77792,A,Official value,,Banana
QCL,Crops and livestock products,23,Belize,5312,Area harvested,1312,2011,2011,ha,2685,A,Official value,,Banana
QCL,Crops and livestock products,23,Belize,5412,Yield,1312,2011,2011,kg/ha,28178.8,A,Official value,,Banana
QCL,Crops and livestock products,23,Belize,5510,Production,1312,2011,2011,t,75660,A,Official value,,Banana
QCL,Crops and livestock products,23,Belize,5312,Area harvested,1312,2012,2012,ha,2822,A,Official value,,Banana
QCL,Crops and livestock products,23,Belize,5412,Yield,1312,2012,2012,kg/ha,37519.8,A,Official value,,Banana
QCL,Crops and livestock products,23,Belize,5510,Production,1312,2012,2012,t,105881,A,Official value,,Banana
QCL,Crops and livestock products,23,Belize,5312,Area harvested,1312,2013,2013,ha,2713,A,Official value,,Banana
QCL,Crops and livestock products,23,Belize,5412,Yield,1312,2013,2013,kg/ha,37187.6,A,Official value,,Banana
QCL,Crops and livestock products,23,Belize,5510,Production,1312,2013,2013,t,100890,A,Official value,,Banana
QCL,Crops and livestock products,23,Belize,5312,Area harvested,1312,2014,2014,ha,2900,A,Official value,,Banana
QCL,Crops and livestock products,23,Belize,5412,Yield,1312,2014,2014,kg/ha,36365.5,A,Official value,,Banana
QCL,Crops and livestock products,23,Belize,5510,Production,1312,2014,2014,t,105445,A,Official value,,Banana
QCL,Crops and livestock products,23,Belize,5312,Area harvested,1312,2015,2015,ha,4096,A,Official value,,Banana
QCL,Crops and livestock products,23,Belize,5412,Yield,1312,2015,2015,kg/ha,24672.4,A,Official value,,Banana
QCL,Crops and livestock products,23,Belize,5510,Production,1312,2015,2015,t,101058,A,Official value,,Banana
QCL,Crops and livestock products,23,Belize,5312,Area harvested,1312,2016,2016,ha,2472,A,Official value,,Banana
QCL,Crops and livestock products,23,Belize,5412,Yield,1312,2016,2016,kg/ha,29273.9,A,Official value,,Banana
QCL,Crops and livestock products,23,Belize,5510,Production,1312,2016,2016,t,72365,A,Official value,,Banana
QCL,Crops and livestock products,23,Belize,5312,Area harvested,1312,2017,2017,ha,2472,A,Official value,,Banana
QCL,Crops and livestock products,23,Belize,5412,Yield,1312,2017,2017,kg/ha,35167.9,A,Official value,,Banana
QCL,Crops and livestock products,23,Belize,5510,Production,1312,2017,2017,t,86935,A,Official value,,Banana
QCL,Crops and livestock products,23,Belize,5312,Area harvested,1312,2018,2018,ha,2472,A,Official value,,Banana
QCL,Crops and livestock products,23,Belize,5412,Yield,1312,2018,2018,kg/ha,33204.3,A,Official value,,Banana
QCL,Crops and livestock products,23,Belize,5510,Production,1312,2018,2018,t,82081,A,Official value,,Banana
QCL,Crops and livestock products,23,Belize,5312,Area harvested,1312,2019,2019,ha,3036,A,Official value,,Banana
QCL,Crops and livestock products,23,Belize,5412,Yield,1312,2019,2019,kg/ha,28196,A,Official value,,Banana
QCL,Crops and livestock products,23,Belize,5510,Production,1312,2019,2019,t,85603,A,Official value,,Banana
QCL,Crops and livestock products,23,Belize,5312,Area harvested,1312,2020,2020,ha,3044,A,Official value,,Banana
QCL,Crops and livestock products,23,Belize,5412,Yield,1312,2020,2020,kg/ha,30434.8,A,Official value,,Banana
QCL,Crops and livestock products,23,Belize,5510,Production,1312,2020,2020,t,92635,A,Official value,,Banana
QCL,Crops and livestock products,23,Belize,5312,Area harvested,1312,2021,2021,ha,3162,A,Official value,,Banana
QCL,Crops and livestock products,23,Belize,5412,Yield,1312,2021,2021,kg/ha,31461.6,A,Official value,,Banana
QCL,Crops and livestock products,23,Belize,5510,Production,1312,2021,2021,t,99467,A,Official value,,Banana
QCL,Crops and livestock products,23,Belize,5312,Area harvested,1312,2022,2022,ha,3158,A,Official value,,Banana
QCL,Crops and livestock products,23,Belize,5412,Yield,1312,2022,2022,kg/ha,27298.9,A,Official value,,Banana
QCL,Crops and livestock products,23,Belize,5510,Production,1312,2022,2022,t,86210,A,Official value,,Banana
QCL,Crops and livestock products,23,Belize,5312,Area harvested,1312,2023,2023,ha,2865,A,Official value,,Banana
QCL,Crops and livestock products,23,Belize,5412,Yield,1312,2023,2023,kg/ha,23462.5,A,Official value,,Banana
QCL,Crops and livestock products,23,Belize,5510,Production,1312,2023,2023,t,67220,A,Official value,,Banana
QCL,Crops and livestock products,23,Belize,5312,Area harvested,1312,2024,2024,ha,2949,A,Official value,,Banana
QCL,Crops and livestock products,23,Belize,5412,Yield,1312,2024,2024,kg/ha,28847.7,A,Official value,,Banana
QCL,Crops and livestock products,23,Belize,5510,Production,1312,2024,2024,t,85071.99,A,Official value,,Banana
QCL,Crops and livestock products,53,Benin,5312,Area harvested,1312,2010,2010,ha,3182,I,Value imputed by a receiving agency,,Banana
QCL,Crops and livestock products,53,Benin,5412,Yield,1312,2010,2010,kg/ha,5088.7,E,Estimated value,,Banana
QCL,Crops and livestock products,53,Benin,5510,Production,1312,2010,2010,t,16194.5,I,Value imputed by a receiving agency,,Banana
QCL,Crops and livestock products,53,Benin,5312,Area harvested,1312,2011,2011,ha,3412,I,Value imputed by a receiving agency,,Banana
QCL,Crops and livestock products,53,Benin,5412,Yield,1312,2011,2011,kg/ha,5009,E,Estimated value,,Banana
QCL,Crops and livestock products,53,Benin,5510,Production,1312,2011,2011,t,17088.34,I,Value imputed by a receiving agency,,Banana
QCL,Crops and livestock products,53,Benin,5312,Area harvested,1312,2012,2012,ha,4000,E,Estimated value,,Banana
QCL,Crops and livestock products,53,Benin,5412,Yield,1312,2012,2012,kg/ha,4625,E,Estimated value,,Banana
QCL,Crops and livestock products,53,Benin,5510,Production,1312,2012,2012,t,18500,E,Estimated value,,Banana
QCL,Crops and livestock products,53,Benin,5312,Area harvested,1312,2013,2013,ha,3895,I,Value imputed by a receiving agency,,Banana
QCL,Crops and livestock products,53,Benin,5412,Yield,1312,2013,2013,kg/ha,4868.4,E,Estimated value,,Banana
QCL,Crops and livestock products,53,Benin,5510,Production,1312,2013,2013,t,18962.62,I,Value imputed by a receiving agency,,Banana
QCL,Crops and livestock products,53,Benin,5312,Area harvested,1312,2014,2014,ha,3991,I,Value imputed by a receiving agency,,Banana
QCL,Crops and livestock products,53,Benin,5412,Yield,1312,2014,2014,kg/ha,4910,E,Estimated value,,Banana
QCL,Crops and livestock products,53,Benin,5510,Production,1312,2014,2014,t,19594.49,I,Value imputed by a receiving agency,,Banana
QCL,Crops and livestock products,53,Benin,5312,Area harvested,1312,2015,2015,ha,4039,I,Value imputed by a receiving agency,,Banana
QCL,Crops and livestock products,53,Benin,5412,Yield,1312,2015,2015,kg/ha,4875.2,E,Estimated value,,Banana
QCL,Crops and livestock products,53,Benin,5510,Production,1312,2015,2015,t,19692.62,I,Value imputed by a receiving agency,,Banana
QCL,Crops and livestock products,53,Benin,5312,Area harvested,1312,2016,2016,ha,4118,I,Value imputed by a receiving agency,,Banana
QCL,Crops and livestock products,53,Benin,5412,Yield,1312,2016,2016,kg/ha,4856,E,Estimated value,,Banana
QCL,Crops and livestock products,53,Benin,5510,Production,1312,2016,2016,t,19997.96,I,Value imputed by a receiving agency,,Banana
QCL,Crops and livestock products,53,Benin,5312,Area harvested,1312,2017,2017,ha,4195,I,Value imputed by a receiving agency,,Banana
QCL,Crops and livestock products,53,Benin,5412,Yield,1312,2017,2017,kg/ha,4841.9,E,Estimated value,,Banana
QCL,Crops and livestock products,53,Benin,5510,Production,1312,2017,2017,t,20310.71,I,Value imputed by a receiving agency,,Banana
QCL,Crops and livestock products,53,Benin,5312,Area harvested,1312,2018,2018,ha,4264,I,Value imputed by a receiving agency,,Banana
QCL,Crops and livestock products,53,Benin,5412,Yield,1312,2018,2018,kg/ha,4834.6,E,Estimated value,,Banana
QCL,Crops and livestock products,53,Benin,5510,Production,1312,2018,2018,t,20612.81,I,Value imputed by a receiving agency,,Banana
QCL,Crops and livestock products,53,Benin,5312,Area harvested,1312,2019,2019,ha,4333,I,Value imputed by a receiving agency,,Banana
QCL,Crops and livestock products,53,Benin,5412,Yield,1312,2019,2019,kg/ha,4825.4,E,Estimated value,,Banana
QCL,Crops and livestock products,53,Benin,5510,Production,1312,2019,2019,t,20907.94,I,Value imputed by a receiving agency,,Banana
QCL,Crops and livestock products,53,Benin,5312,Area harvested,1312,2020,2020,ha,4395,I,Value imputed by a receiving agency,,Banana
QCL,Crops and livestock products,53,Benin,5412,Yield,1312,2020,2020,kg/ha,4818.2,E,Estimated value,,Banana
QCL,Crops and livestock products,53,Benin,5510,Production,1312,2020,2020,t,21177.94,I,Value imputed by a receiving agency,,Banana
QCL,Crops and livestock products,53,Benin,5312,Area harvested,1312,2021,2021,ha,4331,E,Estimated value,,Banana
QCL,Crops and livestock products,53,Benin,5412,Yield,1312,2021,2021,kg/ha,4826,E,Estimated value,,Banana
QCL,Crops and livestock products,53,Benin,5510,Production,1312,2021,2021,t,20899.56,E,Estimated value,,Banana
QCL,Crops and livestock products,53,Benin,5312,Area harvested,1312,2022,2022,ha,4353,E,Estimated value,,Banana
QCL,Crops and livestock products,53,Benin,5412,Yield,1312,2022,2022,kg/ha,4823.2,E,Estimated value,,Banana
QCL,Crops and livestock products,53,Benin,5510,Production,1312,2022,2022,t,20995.15,E,Estimated value,,Banana
QCL,Crops and livestock products,53,Benin,5312,Area harvested,1312,2023,2023,ha,4360,E,Estimated value,,Banana
QCL,Crops and livestock products,53,Benin,5412,Yield,1312,2023,2023,kg/ha,4822.5,E,Estimated value,,Banana
QCL,Crops and livestock products,53,Benin,5510,Production,1312,2023,2023,t,21024.22,E,Estimated value,,Banana
QCL,Crops and livestock products,53,Benin,5312,Area harvested,1312,2024,2024,ha,4348,E,Estimated value,,Banana
QCL,Crops and livestock products,53,Benin,5412,Yield,1312,2024,2024,kg/ha,4823.9,E,Estimated value,,Banana
QCL,Crops and livestock products,53,Benin,5510,Production,1312,2024,2024,t,20972.97,E,Estimated value,,Banana
QCL,Crops and livestock products,18,Bhutan,5312,Area harvested,1312,2010,2010,ha,33,E,Estimated value,,Banana
QCL,Crops and livestock products,18,Bhutan,5412,Yield,1312,2010,2010,kg/ha,66000,E,Estimated value,,Banana
QCL,Crops and livestock products,18,Bhutan,5510,Production,1312,2010,2010,t,2208,A,Official value,,Banana
QCL,Crops and livestock products,18,Bhutan,5312,Area harvested,1312,2011,2011,ha,37,I,Value imputed by a receiving agency,,Banana
QCL,Crops and livestock products,18,Bhutan,5412,Yield,1312,2011,2011,kg/ha,66677.5,E,Estimated value,,Banana
QCL,Crops and livestock products,18,Bhutan,5510,Production,1312,2011,2011,t,2439,A,Official value,,Banana
QCL,Crops and livestock products,18,Bhutan,5312,Area harvested,1312,2012,2012,ha,23,I,Value imputed by a receiving agency,,Banana
QCL,Crops and livestock products,18,Bhutan,5412,Yield,1312,2012,2012,kg/ha,66762.9,E,Estimated value,,Banana
QCL,Crops and livestock products,18,Bhutan,5510,Production,1312,2012,2012,t,1547,A,Official value,,Banana
QCL,Crops and livestock products,18,Bhutan,5312,Area harvested,1312,2013,2013,ha,22,I,Value imputed by a receiving agency,,Banana
QCL,Crops and livestock products,18,Bhutan,5412,Yield,1312,2013,2013,kg/ha,66847.7,E,Estimated value,,Banana
QCL,Crops and livestock products,18,Bhutan,5510,Production,1312,2013,2013,t,1479,A,Official value,,Banana
QCL,Crops and livestock products,18,Bhutan,5312,Area harvested,1312,2014,2014,ha,23,I,Value imputed by a receiving agency,,Banana
QCL,Crops and livestock products,18,Bhutan,5412,Yield,1312,2014,2014,kg/ha,66932,E,Estimated value,,Banana
QCL,Crops and livestock products,18,Bhutan,5510,Production,1312,2014,2014,t,1510,A,Official value,,Banana
QCL,Crops and livestock products,18,Bhutan,5312,Area harvested,1312,2015,2015,ha,39,I,Value imputed by a receiving agency,,Banana
QCL,Crops and livestock products,18,Bhutan,5412,Yield,1312,2015,2015,kg/ha,67015.8,E,Estimated value,,Banana
QCL,Crops and livestock products,18,Bhutan,5510,Production,1312,2015,2015,t,2636,A,Official value,,Banana
QCL,Crops and livestock products,18,Bhutan,5312,Area harvested,1312,2016,2016,ha,46,I,Value imputed by a receiving agency,,Banana
QCL,Crops and livestock products,18,Bhutan,5412,Yield,1312,2016,2016,kg/ha,67099.3,E,Estimated value,,Banana
QCL,Crops and livestock products,18,Bhutan,5510,Production,1312,2016,2016,t,3076,A,Official value,,Banana
QCL,Crops and livestock products,18,Bhutan,5312,Area harvested,1312,2017,2017,ha,47,I,Value imputed by a receiving agency,,Banana
QCL,Crops and livestock products,18,Bhutan,5412,Yield,1312,2017,2017,kg/ha,65923.4,E,Estimated value,,Banana
QCL,Crops and livestock products,18,Bhutan,5510,Production,1312,2017,2017,t,3113,A,Official value,,Banana
QCL,Crops and livestock products,18,Bhutan,5312,Area harvested,1312,2018,2018,ha,42,A,Official value,,Banana
QCL,Crops and livestock products,18,Bhutan,5412,Yield,1312,2018,2018,kg/ha,65871.6,A,Official value,,Banana
QCL,Crops and livestock products,18,Bhutan,5510,Production,1312,2018,2018,t,2762.22,A,Official value,,Banana
QCL,Crops and livestock products,18,Bhutan,5312,Area harvested,1312,2019,2019,ha,53,A,Official value,,Banana
QCL,Crops and livestock products,18,Bhutan,5412,Yield,1312,2019,2019,kg/ha,70530.2,A,Official value,,Banana
QCL,Crops and livestock products,18,Bhutan,5510,Production,1312,2019,2019,t,3753.73,A,Official value,,Banana
QCL,Crops and livestock products,18,Bhutan,5312,Area harvested,1312,2020,2020,ha,46,A,Official value,,Banana
QCL,Crops and livestock products,18,Bhutan,5412,Yield,1312,2020,2020,kg/ha,67948.3,A,Official value,,Banana
QCL,Crops and livestock products,18,Bhutan,5510,Production,1312,2020,2020,t,3149.81,A,Official value,,Banana
QCL,Crops and livestock products,18,Bhutan,5312,Area harvested,1312,2021,2021,ha,54,A,Official value,,Banana
QCL,Crops and livestock products,18,Bhutan,5412,Yield,1312,2021,2021,kg/ha,58771.1,A,Official value,,Banana
QCL,Crops and livestock products,18,Bhutan,5510,Production,1312,2021,2021,t,3173.64,A,Official value,,Banana
QCL,Crops and livestock products,18,Bhutan,5312,Area harvested,1312,2022,2022,ha,41,A,Official value,,Banana
QCL,Crops and livestock products,18,Bhutan,5412,Yield,1312,2022,2022,kg/ha,52681,A,Official value,,Banana
QCL,Crops and livestock products,18,Bhutan,5510,Production,1312,2022,2022,t,2139.16,A,Official value,,Banana
QCL,Crops and livestock products,18,Bhutan,5312,Area harvested,1312,2023,2023,ha,77,A,Official value,,Banana
QCL,Crops and livestock products,18,Bhutan,5412,Yield,1312,2023,2023,kg/ha,30593.5,A,Official value,,Banana
QCL,Crops and livestock products,18,Bhutan,5510,Production,1312,2023,2023,t,2348.53,A,Official value,,Banana
QCL,Crops and livestock products,18,Bhutan,5312,Area harvested,1312,2024,2024,ha,37,A,Official value,,Banana
QCL,Crops and livestock products,18,Bhutan,5412,Yield,1312,2024,2024,kg/ha,56155,A,Official value,,Banana
QCL,Crops and livestock products,18,Bhutan,5510,Production,1312,2024,2024,t,2049.66,A,Official value,,Banana
QCL,Crops and livestock products,19,Bolivia (Plurinational State of),5312,Area harvested,1312,2010,2010,ha,17393,A,Official value,,Banana
QCL,Crops and livestock products,19,Bolivia (Plurinational State of),5412,Yield,1312,2010,2010,kg/ha,9180.8,A,Official value,,Banana
QCL,Crops and livestock products,19,Bolivia (Plurinational State of),5510,Production,1312,2010,2010,t,159681.28,A,Official value,,Banana
QCL,Crops and livestock products,19,Bolivia (Plurinational State of),5312,Area harvested,1312,2011,2011,ha,17830,A,Official value,,Banana
QCL,Crops and livestock products,19,Bolivia (Plurinational State of),5412,Yield,1312,2011,2011,kg/ha,9234.6,A,Official value,,Banana
QCL,Crops and livestock products,19,Bolivia (Plurinational State of),5510,Production,1312,2011,2011,t,164656.78,A,Official value,,Banana
QCL,Crops and livestock products,19,Bolivia (Plurinational State of),5312,Area harvested,1312,2012,2012,ha,18680,A,Official value,,Banana
QCL,Crops and livestock products,19,Bolivia (Plurinational State of),5412,Yield,1312,2012,2012,kg/ha,9080.2,A,Official value,,Banana
QCL,Crops and livestock products,19,Bolivia (Plurinational State of),5510,Production,1312,2012,2012,t,169615.37,A,Official value,,Banana
QCL,Crops and livestock products,19,Bolivia (Plurinational State of),5312,Area harvested,1312,2013,2013,ha,18545,A,Official value,,Banana
QCL,Crops and livestock products,19,Bolivia (Plurinational State of),5412,Yield,1312,2013,2013,kg/ha,8857.2,A,Official value,,Banana
QCL,Crops and livestock products,19,Bolivia (Plurinational State of),5510,Production,1312,2013,2013,t,164255.59,A,Official value,,Banana
QCL,Crops and livestock products,19,Bolivia (Plurinational State of),5312,Area harvested,1312,2014,2014,ha,18601,A,Official value,,Banana
QCL,Crops and livestock products,19,Bolivia (Plurinational State of),5412,Yield,1312,2014,2014,kg/ha,15230.9,A,Official value,,Banana
QCL,Crops and livestock products,19,Bolivia (Plurinational State of),5510,Production,1312,2014,2014,t,283310,A,Official value,,Banana
QCL,Crops and livestock products,19,Bolivia (Plurinational State of),5312,Area harvested,1312,2015,2015,ha,19670,A,Official value,,Banana
QCL,Crops and livestock products,19,Bolivia (Plurinational State of),5412,Yield,1312,2015,2015,kg/ha,14856.2,A,Official value,,Banana
QCL,Crops and livestock products,19,Bolivia (Plurinational State of),5510,Production,1312,2015,2015,t,292221,A,Official value,,Banana
QCL,Crops and livestock products,19,Bolivia (Plurinational State of),5312,Area harvested,1312,2016,2016,ha,19837,A,Official value,,Banana
QCL,Crops and livestock products,19,Bolivia (Plurinational State of),5412,Yield,1312,2016,2016,kg/ha,15102.1,A,Official value,,Banana
QCL,Crops and livestock products,19,Bolivia (Plurinational State of),5510,Production,1312,2016,2016,t,299580,A,Official value,,Banana
QCL,Crops and livestock products,19,Bolivia (Plurinational State of),5312,Area harvested,1312,2017,2017,ha,20191,A,Official value,,Banana
QCL,Crops and livestock products,19,Bolivia (Plurinational State of),5412,Yield,1312,2017,2017,kg/ha,14346.7,A,Official value,,Banana
QCL,Crops and livestock products,19,Bolivia (Plurinational State of),5510,Production,1312,2017,2017,t,289673.6,A,Official value,,Banana
QCL,Crops and livestock products,19,Bolivia (Plurinational State of),5312,Area harvested,1312,2018,2018,ha,20155,A,Official value,,Banana
QCL,Crops and livestock products,19,Bolivia (Plurinational State of),5412,Yield,1312,2018,2018,kg/ha,15179.8,A,Official value,,Banana
QCL,Crops and livestock products,19,Bolivia (Plurinational State of),5510,Production,1312,2018,2018,t,305949.88,A,Official value,,Banana
QCL,Crops and livestock products,19,Bolivia (Plurinational State of),5312,Area harvested,1312,2019,2019,ha,20103,A,Official value,,Banana
QCL,Crops and livestock products,19,Bolivia (Plurinational State of),5412,Yield,1312,2019,2019,kg/ha,14985.6,A,Official value,,Banana
QCL,Crops and livestock products,19,Bolivia (Plurinational State of),5510,Production,1312,2019,2019,t,301255,A,Official value,,Banana
QCL,Crops and livestock products,19,Bolivia (Plurinational State of),5312,Area harvested,1312,2020,2020,ha,20010,A,Official value,,Banana
QCL,Crops and livestock products,19,Bolivia (Plurinational State of),5412,Yield,1312,2020,2020,kg/ha,15050.6,A,Official value,,Banana
QCL,Crops and livestock products,19,Bolivia (Plurinational State of),5510,Production,1312,2020,2020,t,301162,A,Official value,,Banana
QCL,Crops and livestock products,19,Bolivia (Plurinational State of),5312,Area harvested,1312,2021,2021,ha,19994,A,Official value,,Banana
QCL,Crops and livestock products,19,Bolivia (Plurinational State of),5412,Yield,1312,2021,2021,kg/ha,15047.8,A,Official value,,Banana
QCL,Crops and livestock products,19,Bolivia (Plurinational State of),5510,Production,1312,2021,2021,t,300870.6,A,Official value,,Banana
QCL,Crops and livestock products,19,Bolivia (Plurinational State of),5312,Area harvested,1312,2022,2022,ha,20091,A,Official value,,Banana
QCL,Crops and livestock products,19,Bolivia (Plurinational State of),5412,Yield,1312,2022,2022,kg/ha,15339.5,A,Official value,,Banana
QCL,Crops and livestock products,19,Bolivia (Plurinational State of),5510,Production,1312,2022,2022,t,308180.58,A,Official value,,Banana
QCL,Crops and livestock products,19,Bolivia (Plurinational State of),5312,Area harvested,1312,2023,2023,ha,20232,A,Official value,,Banana
QCL,Crops and livestock products,19,Bolivia (Plurinational State of),5412,Yield,1312,2023,2023,kg/ha,15100.7,A,Official value,,Banana
QCL,Crops and livestock products,19,Bolivia (Plurinational State of),5510,Production,1312,2023,2023,t,305524.7,A,Official value,,Banana
QCL,Crops and livestock products,19,Bolivia (Plurinational State of),5312,Area harvested,1312,2024,2024,ha,20061,A,Official value,,Banana
QCL,Crops and livestock products,19,Bolivia (Plurinational State of),5412,Yield,1312,2024,2024,kg/ha,15036,A,Official value,,Banana
QCL,Crops and livestock products,19,Bolivia (Plurinational State of),5510,Production,1312,2024,2024,t,301638.28,A,Official value,,Banana
QCL,Crops and livestock products,21,Brazil,5312,Area harvested,1312,2010,2010,ha,487790,A,Official value,,Banana
QCL,Crops and livestock products,21,Brazil,5412,Yield,1312,2010,2010,kg/ha,14287.5,A,Official value,,Banana
QCL,Crops and livestock products,21,Brazil,5510,Production,1312,2010,2010,t,6969306,A,Official value,,Banana
QCL,Crops and livestock products,21,Brazil,5312,Area harvested,1312,2011,2011,ha,503354,A,Official value,,Banana
QCL,Crops and livestock products,21,Brazil,5412,Yield,1312,2011,2011,kg/ha,14561.3,A,Official value,,Banana
QCL,Crops and livestock products,21,Brazil,5510,Production,1312,2011,2011,t,7329471,A,Official value,,Banana
QCL,Crops and livestock products,21,Brazil,5312,Area harvested,1312,2012,2012,ha,481116,A,Official value,,Banana
QCL,Crops and livestock products,21,Brazil,5412,Yield,1312,2012,2012,kg/ha,14346.2,A,Official value,,Banana
QCL,Crops and livestock products,21,Brazil,5510,Production,1312,2012,2012,t,6902184,A,Official value,,Banana
QCL,Crops and livestock products,21,Brazil,5312,Area harvested,1312,2013,2013,ha,485075,A,Official value,,Banana
QCL,Crops and livestock products,21,Brazil,5412,Yield,1312,2013,2013,kg/ha,14209.4,A,Official value,,Banana
QCL,Crops and livestock products,21,Brazil,5510,Production,1312,2013,2013,t,6892622,A,Official value,,Banana
QCL,Crops and livestock products,21,Brazil,5312,Area harvested,1312,2014,2014,ha,478765,A,Official value,,Banana
QCL,Crops and livestock products,21,Brazil,5412,Yield,1312,2014,2014,kg/ha,14524.3,A,Official value,,Banana
QCL,Crops and livestock products,21,Brazil,5510,Production,1312,2014,2014,t,6953747,A,Official value,,Banana
QCL,Crops and livestock products,21,Brazil,5312,Area harvested,1312,2015,2015,ha,478169,A,Official value,,Banana
QCL,Crops and livestock products,21,Brazil,5412,Yield,1312,2015,2015,kg/ha,14344.8,A,Official value,,Banana
QCL,Crops and livestock products,21,Brazil,5510,Production,1312,2015,2015,t,6859227,A,Official value,,Banana
QCL,Crops and livestock products,21,Brazil,5312,Area harvested,1312,2016,2016,ha,463771,A,Official value,,Banana
QCL,Crops and livestock products,21,Brazil,5412,Yield,1312,2016,2016,kg/ha,14285.5,A,Official value,,Banana
QCL,Crops and livestock products,21,Brazil,5510,Production,1312,2016,2016,t,6625211,A,Official value,,Banana
QCL,Crops and livestock products,21,Brazil,5312,Area harvested,1312,2017,2017,ha,461365,A,Official value,,Banana
QCL,Crops and livestock products,21,Brazil,5412,Yield,1312,2017,2017,kg/ha,14272.8,A,Official value,,Banana
QCL,Crops and livestock products,21,Brazil,5510,Production,1312,2017,2017,t,6584967,A,Official value,,Banana
QCL,Crops and livestock products,21,Brazil,5312,Area harvested,1312,2018,2018,ha,458054,A,Official value,,Banana
QCL,Crops and livestock products,21,Brazil,5412,Yield,1312,2018,2018,kg/ha,14678.6,A,Official value,,Banana
QCL,Crops and livestock products,21,Brazil,5510,Production,1312,2018,2018,t,6723590,A,Official value,,Banana
QCL,Crops and livestock products,21,Brazil,5312,Area harvested,1312,2019,2019,ha,462026,A,Official value,,Banana
QCL,Crops and livestock products,21,Brazil,5412,Yield,1312,2019,2019,kg/ha,14786.8,A,Official value,,Banana
QCL,Crops and livestock products,21,Brazil,5510,Production,1312,2019,2019,t,6831874,A,Official value,,Banana
QCL,Crops and livestock products,21,Brazil,5312,Area harvested,1312,2020,2020,ha,451874,A,Official value,,Banana
QCL,Crops and livestock products,21,Brazil,5412,Yield,1312,2020,2020,kg/ha,14591.3,A,Official value,,Banana
QCL,Crops and livestock products,21,Brazil,5510,Production,1312,2020,2020,t,6593437,A,Official value,,Banana
QCL,Crops and livestock products,21,Brazil,5312,Area harvested,1312,2021,2021,ha,453305,A,Official value,,Banana
QCL,Crops and livestock products,21,Brazil,5412,Yield,1312,2021,2021,kg/ha,15008.3,A,Official value,,Banana
QCL,Crops and livestock products,21,Brazil,5510,Production,1312,2021,2021,t,6803350,A,Official value,,Banana
QCL,Crops and livestock products,21,Brazil,5312,Area harvested,1312,2022,2022,ha,458489,A,Official value,,Banana
QCL,Crops and livestock products,21,Brazil,5412,Yield,1312,2022,2022,kg/ha,15100,A,Official value,,Banana
QCL,Crops and livestock products,21,Brazil,5510,Production,1312,2022,2022,t,6923179,A,Official value,,Banana
QCL,Crops and livestock products,21,Brazil,5312,Area harvested,1312,2023,2023,ha,458795,A,Official value,,Banana
QCL,Crops and livestock products,21,Brazil,5412,Yield,1312,2023,2023,kg/ha,15041.7,A,Official value,,Banana
QCL,Crops and livestock products,21,Brazil,5510,Production,1312,2023,2023,t,6901079,A,Official value,,Banana
QCL,Crops and livestock products,21,Brazil,5312,Area harvested,1312,2024,2024,ha,469989,A,Official value,,Banana
QCL,Crops and livestock products,21,Brazil,5412,Yield,1312,2024,2024,kg/ha,14992.6,A,Official value,,Banana
QCL,Crops and livestock products,21,Brazil,5510,Production,1312,2024,2024,t,7046345,A,Official value,,Banana
QCL,Crops and livestock products,26,Brunei Darussalam,5312,Area harvested,1312,2010,2010,ha,254,I,Value imputed by a receiving agency,,Banana
QCL,Crops and livestock products,26,Brunei Darussalam,5412,Yield,1312,2010,2010,kg/ha,3316,E,Estimated value,,Banana
QCL,Crops and livestock products,26,Brunei Darussalam,5510,Production,1312,2010,2010,t,842.51,I,Value imputed by a receiving agency,,Banana
QCL,Crops and livestock products,26,Brunei Darussalam,5312,Area harvested,1312,2011,2011,ha,259,I,Value imputed by a receiving agency,,Banana
QCL,Crops and livestock products,26,Brunei Darussalam,5412,Yield,1312,2011,2011,kg/ha,3284.4,E,Estimated value,,Banana
QCL,Crops and livestock products,26,Brunei Darussalam,5510,Production,1312,2011,2011,t,852.12,I,Value imputed by a receiving agency,,Banana
QCL,Crops and livestock products,26,Brunei Darussalam,5312,Area harvested,1312,2012,2012,ha,260,E,Estimated value,,Banana
QCL,Crops and livestock products,26,Brunei Darussalam,5412,Yield,1312,2012,2012,kg/ha,3269.2,E,Estimated value,,Banana
QCL,Crops and livestock products,26,Brunei Darussalam,5510,Production,1312,2012,2012,t,850,E,Estimated value,,Banana
QCL,Crops and livestock products,26,Brunei Darussalam,5312,Area harvested,1312,2013,2013,ha,303,I,Value imputed by a receiving agency,,Banana
QCL,Crops and livestock products,26,Brunei Darussalam,5412,Yield,1312,2013,2013,kg/ha,3186.3,E,Estimated value,,Banana
QCL,Crops and livestock products,26,Brunei Darussalam,5510,Production,1312,2013,2013,t,965.76,I,Value imputed by a receiving agency,,Banana
QCL,Crops and livestock products,26,Brunei Darussalam,5312,Area harvested,1312,2014,2014,ha,357,I,Value imputed by a receiving agency,,Banana
QCL,Crops and livestock products,26,Brunei Darussalam,5412,Yield,1312,2014,2014,kg/ha,3107,E,Estimated value,,Banana
QCL,Crops and livestock products,26,Brunei Darussalam,5510,Production,1312,2014,2014,t,1108.2,I,Value imputed by a receiving agency,,Banana
QCL,Crops and livestock products,26,Brunei Darussalam,5312,Area harvested,1312,2015,2015,ha,415,I,Value imputed by a receiving agency,,Banana
QCL,Crops and livestock products,26,Brunei Darussalam,5412,Yield,1312,2015,2015,kg/ha,3060.6,E,Estimated value,,Banana
QCL,Crops and livestock products,26,Brunei Darussalam,5510,Production,1312,2015,2015,t,1269,A,Official value,,Banana
QCL,Crops and livestock products,26,Brunei Darussalam,5312,Area harvested,1312,2016,2016,ha,540,I,Value imputed by a receiving agency,,Banana
QCL,Crops and livestock products,26,Brunei Darussalam,5412,Yield,1312,2016,2016,kg/ha,3015.8,E,Estimated value,,Banana
QCL,Crops and livestock products,26,Brunei Darussalam,5510,Production,1312,2016,2016,t,1630,A,Official value,,Banana
QCL,Crops and livestock products,26,Brunei Darussalam,5312,Area harvested,1312,2017,2017,ha,613,I,Value imputed by a receiving agency,,Banana
QCL,Crops and livestock products,26,Brunei Darussalam,5412,Yield,1312,2017,2017,kg/ha,2971.7,E,Estimated value,,Banana
QCL,Crops and livestock products,26,Brunei Darussalam,5510,Production,1312,2017,2017,t,1822,A,Official value,,Banana
QCL,Crops and livestock products,26,Brunei Darussalam,5312,Area harvested,1312,2018,2018,ha,624,I,Value imputed by a receiving agency,,Banana
QCL,Crops and livestock products,26,Brunei Darussalam,5412,Yield,1312,2018,2018,kg/ha,2920.7,E,Estimated value,,Banana
QCL,Crops and livestock products,26,Brunei Darussalam,5510,Production,1312,2018,2018,t,1822,A,Official value,,Banana
QCL,Crops and livestock products,26,Brunei Darussalam,5312,Area harvested,1312,2019,2019,ha,678,I,Value imputed by a receiving agency,,Banana
QCL,Crops and livestock products,26,Brunei Darussalam,5412,Yield,1312,2019,2019,kg/ha,2867.8,E,Estimated value,,Banana
QCL,Crops and livestock products,26,Brunei Darussalam,5510,Production,1312,2019,2019,t,1943,A,Official value,,Banana
QCL,Crops and livestock products,26,Brunei Darussalam,5312,Area harvested,1312,2020,2020,ha,609,I,Value imputed by a receiving agency,,Banana
QCL,Crops and livestock products,26,Brunei Darussalam,5412,Yield,1312,2020,2020,kg/ha,2819.5,E,Estimated value,,Banana
QCL,Crops and livestock products,26,Brunei Darussalam,5510,Production,1312,2020,2020,t,1717.09,A,Official value,,Banana
QCL,Crops and livestock products,26,Brunei Darussalam,5312,Area harvested,1312,2021,2021,ha,489,I,Value imputed by a receiving agency,,Banana
QCL,Crops and livestock products,26,Brunei Darussalam,5412,Yield,1312,2021,2021,kg/ha,2791.3,E,Estimated value,,Banana
QCL,Crops and livestock products,26,Brunei Darussalam,5510,Production,1312,2021,2021,t,1364,A,Official value,,Banana
QCL,Crops and livestock products,26,Brunei Darussalam,5312,Area harvested,1312,2022,2022,ha,607,I,Value imputed by a receiving agency,,Banana
QCL,Crops and livestock products,26,Brunei Darussalam,5412,Yield,1312,2022,2022,kg/ha,2755.2,E,Estimated value,,Banana
QCL,Crops and livestock products,26,Brunei Darussalam,5510,Production,1312,2022,2022,t,1673,A,Official value,,Banana
QCL,Crops and livestock products,26,Brunei Darussalam,5312,Area harvested,1312,2023,2023,ha,693,I,Value imputed by a receiving agency,,Banana
QCL,Crops and livestock products,26,Brunei Darussalam,5412,Yield,1312,2023,2023,kg/ha,2714.9,E,Estimated value,,Banana
QCL,Crops and livestock products,26,Brunei Darussalam,5510,Production,1312,2023,2023,t,1881.25,A,Official value,,Banana
QCL,Crops and livestock products,26,Brunei Darussalam,5312,Area harvested,1312,2024,2024,ha,743,I,Value imputed by a receiving agency,,Banana
QCL,Crops and livestock products,26,Brunei Darussalam,5412,Yield,1312,2024,2024,kg/ha,2674.6,E,Estimated value,,Banana
QCL,Crops and livestock products,26,Brunei Darussalam,5510,Production,1312,2024,2024,t,1988.43,A,Official value,,Banana
QCL,Crops and livestock products,27,Bulgaria,5312,Area harvested,1312,2018,2018,ha,0,A,Official value,,Banana
QCL,Crops and livestock products,27,Bulgaria,5510,Production,1312,2018,2018,t,0,A,Official value,,Banana
QCL,Crops and livestock products,27,Bulgaria,5312,Area harvested,1312,2019,2019,ha,0,A,Official value,,Banana
QCL,Crops and livestock products,27,Bulgaria,5510,Production,1312,2019,2019,t,0,A,Official value,,Banana
QCL,Crops and livestock products,27,Bulgaria,5312,Area harvested,1312,2020,2020,ha,0,A,Official value,,Banana
QCL,Crops and livestock products,27,Bulgaria,5510,Production,1312,2020,2020,t,0,A,Official value,,Banana
QCL,Crops and livestock products,27,Bulgaria,5312,Area harvested,1312,2021,2021,ha,0,A,Official value,,Banana
QCL,Crops and livestock products,27,Bulgaria,5510,Production,1312,2021,2021,t,0,A,Official value,,Banana
QCL,Crops and livestock products,27,Bulgaria,5312,Area harvested,1312,2022,2022,ha,0,A,Official value,,Banana
QCL,Crops and livestock products,27,Bulgaria,5510,Production,1312,2022,2022,t,0,A,Official value,,Banana
QCL,Crops and livestock products,27,Bulgaria,5312,Area harvested,1312,2023,2023,ha,0,A,Official value,,Banana
QCL,Crops and livestock products,27,Bulgaria,5510,Production,1312,2023,2023,t,0,A,Official value,,Banana
QCL,Crops and livestock products,27,Bulgaria,5312,Area harvested,1312,2024,2024,ha,0,A,Official value,,Banana
QCL,Crops and livestock products,27,Bulgaria,5510,Production,1312,2024,2024,t,0,A,Official value,,Banana
QCL,Crops and livestock products,233,Burkina Faso,5312,Area harvested,1312,2013,2013,ha,2000,E,Estimated value,,Banana
QCL,Crops and livestock products,233,Burkina Faso,5412,Yield,1312,2013,2013,kg/ha,25500,E,Estimated value,,Banana
QCL,Crops and livestock products,233,Burkina Faso,5510,Production,1312,2013,2013,t,51000,A,Official value,,Banana
QCL,Crops and livestock products,233,Burkina Faso,5312,Area harvested,1312,2014,2014,ha,2100,E,Estimated value,,Banana
QCL,Crops and livestock products,233,Burkina Faso,5412,Yield,1312,2014,2014,kg/ha,25238.1,E,Estimated value,,Banana
QCL,Crops and livestock products,233,Burkina Faso,5510,Production,1312,2014,2014,t,53000,A,Official value,,Banana
QCL,Crops and livestock products,233,Burkina Faso,5312,Area harvested,1312,2015,2015,ha,1900,E,Estimated value,,Banana
QCL,Crops and livestock products,233,Burkina Faso,5412,Yield,1312,2015,2015,kg/ha,25263.2,E,Estimated value,,Banana
QCL,Crops and livestock products,233,Burkina Faso,5510,Production,1312,2015,2015,t,48000,A,Official value,,Banana
QCL,Crops and livestock products,233,Burkina Faso,5312,Area harvested,1312,2016,2016,ha,2000,E,Estimated value,,Banana
QCL,Crops and livestock products,233,Burkina Faso,5412,Yield,1312,2016,2016,kg/ha,25500,E,Estimated value,,Banana
QCL,Crops and livestock products,233,Burkina Faso,5510,Production,1312,2016,2016,t,51000,A,Official value,,Banana
QCL,Crops and livestock products,233,Burkina Faso,5312,Area harvested,1312,2017,2017,ha,2200,E,Estimated value,,Banana
QCL,Crops and livestock products,233,Burkina Faso,5412,Yield,1312,2017,2017,kg/ha,24545.5,E,Estimated value,,Banana
QCL,Crops and livestock products,233,Burkina Faso,5510,Production,1312,2017,2017,t,54000,A,Official value,,Banana
QCL,Crops and livestock products,233,Burkina Faso,5312,Area harvested,1312,2018,2018,ha,2200,E,Estimated value,,Banana
QCL,Crops and livestock products,233,Burkina Faso,5412,Yield,1312,2018,2018,kg/ha,25454.5,E,Estimated value,,Banana
QCL,Crops and livestock products,233,Burkina Faso,5510,Production,1312,2018,2018,t,56000,A,Official value,,Banana
QCL,Crops and livestock products,233,Burkina Faso,5312,Area harvested,1312,2019,2019,ha,1400,E,Estimated value,,Banana
QCL,Crops and livestock products,233,Burkina Faso,5412,Yield,1312,2019,2019,kg/ha,25714.3,E,Estimated value,,Banana
QCL,Crops and livestock products,233,Burkina Faso,5510,Production,1312,2019,2019,t,36000,A,Official value,,Banana
QCL,Crops and livestock products,233,Burkina Faso,5312,Area harvested,1312,2020,2020,ha,1800,E,Estimated value,,Banana
QCL,Crops and livestock products,233,Burkina Faso,5412,Yield,1312,2020,2020,kg/ha,25555.6,E,Estimated value,,Banana
QCL,Crops and livestock products,233,Burkina Faso,5510,Production,1312,2020,2020,t,46000,E,Estimated value,,Banana
QCL,Crops and livestock products,233,Burkina Faso,5312,Area harvested,1312,2021,2021,ha,1807,I,Value imputed by a receiving agency,,Banana
QCL,Crops and livestock products,233,Burkina Faso,5412,Yield,1312,2021,2021,kg/ha,25482.9,E,Estimated value,,Banana
QCL,Crops and livestock products,233,Burkina Faso,5510,Production,1312,2021,2021,t,46045.59,I,Value imputed by a receiving agency,,Banana
QCL,Crops and livestock products,233,Burkina Faso,5312,Area harvested,1312,2022,2022,ha,1817,I,Value imputed by a receiving agency,,Banana
QCL,Crops and livestock products,233,Burkina Faso,5412,Yield,1312,2022,2022,kg/ha,25511.9,E,Estimated value,,Banana
QCL,Crops and livestock products,233,Burkina Faso,5510,Production,1312,2022,2022,t,46365.47,I,Value imputed by a receiving agency,,Banana
QCL,Crops and livestock products,233,Burkina Faso,5312,Area harvested,1312,2023,2023,ha,1845,I,Value imputed by a receiving agency,,Banana
QCL,Crops and livestock products,233,Burkina Faso,5412,Yield,1312,2023,2023,kg/ha,25534.3,E,Estimated value,,Banana
QCL,Crops and livestock products,233,Burkina Faso,5510,Production,1312,2023,2023,t,47118.14,I,Value imputed by a receiving agency,,Banana
QCL,Crops and livestock products,233,Burkina Faso,5312,Area harvested,1312,2024,2024,ha,1836,I,Value imputed by a receiving agency,,Banana
QCL,Crops and livestock products,233,Burkina Faso,5412,Yield,1312,2024,2024,kg/ha,25553.1,E,Estimated value,,Banana
QCL,Crops and livestock products,233,Burkina Faso,5510,Production,1312,2024,2024,t,46922.05,I,Value imputed by a receiving agency,,Banana
QCL,Crops and livestock products,29,Burundi,5312,Area harvested,1312,2010,2010,ha,273792,I,Value imputed by a receiving agency,,Banana
QCL,Crops and livestock products,29,Burundi,5412,Yield,1312,2010,2010,kg/ha,6985.8,E,Estimated value,,Banana
QCL,Crops and livestock products,29,Burundi,5510,Production,1312,2010,2010,t,1912661,A,Official value,,Banana
QCL,Crops and livestock products,29,Burundi,5312,Area harvested,1312,2011,2011,ha,272804,I,Value imputed by a receiving agency,,Banana
QCL,Crops and livestock products,29,Burundi,5412,Yield,1312,2011,2011,kg/ha,6776.8,E,Estimated value,,Banana
QCL,Crops and livestock products,29,Burundi,5510,Production,1312,2011,2011,t,1848727,A,Official value,,Banana
QCL,Crops and livestock products,29,Burundi,5312,Area harvested,1312,2012,2012,ha,178036,A,Official value,,Banana
QCL,Crops and livestock products,29,Burundi,5412,Yield,1312,2012,2012,kg/ha,6650.8,A,Official value,,Banana
QCL,Crops and livestock products,29,Burundi,5510,Production,1312,2012,2012,t,1184075,A,Official value,,Banana
QCL,Crops and livestock products,29,Burundi,5312,Area harvested,1312,2013,2013,ha,175553,A,Official value,,Banana
QCL,Crops and livestock products,29,Burundi,5412,Yield,1312,2013,2013,kg/ha,12735.2,A,Official value,,Banana
QCL,Crops and livestock products,29,Burundi,5510,Production,1312,2013,2013,t,2235697,A,Official value,,Banana
QCL,Crops and livestock products,29,Burundi,5312,Area harvested,1312,2014,2014,ha,164581,A,Official value,,Banana
QCL,Crops and livestock products,29,Burundi,5412,Yield,1312,2014,2014,kg/ha,8280.6,A,Official value,,Banana
QCL,Crops and livestock products,29,Burundi,5510,Production,1312,2014,2014,t,1362837,A,Official value,,Banana
QCL,Crops and livestock products,29,Burundi,5312,Area harvested,1312,2015,2015,ha,184498,A,Official value,,Banana
QCL,Crops and livestock products,29,Burundi,5412,Yield,1312,2015,2015,kg/ha,4691.5,A,Official value,,Banana
QCL,Crops and livestock products,29,Burundi,5510,Production,1312,2015,2015,t,865571,A,Official value,,Banana
QCL,Crops and livestock products,29,Burundi,5312,Area harvested,1312,2016,2016,ha,125207,A,Official value,,Banana
QCL,Crops and livestock products,29,Burundi,5412,Yield,1312,2016,2016,kg/ha,7277.5,A,Official value,,Banana
QCL,Crops and livestock products,29,Burundi,5510,Production,1312,2016,2016,t,911193,A,Official value,,Banana
QCL,Crops and livestock products,29,Burundi,5312,Area harvested,1312,2017,2017,ha,106018,I,Value imputed by a receiving agency,,Banana
QCL,Crops and livestock products,29,Burundi,5412,Yield,1312,2017,2017,kg/ha,7837.9,E,Estimated value,,Banana
QCL,Crops and livestock products,29,Burundi,5510,Production,1312,2017,2017,t,830957,A,Official value,,Banana
QCL,Crops and livestock products,29,Burundi,5312,Area harvested,1312,2018,2018,ha,250664,E,Estimated value,,Banana
QCL,Crops and livestock products,29,Burundi,5412,Yield,1312,2018,2018,kg/ha,6602.3,E,Estimated value,,Banana
QCL,Crops and livestock products,29,Burundi,5510,Production,1312,2018,2018,t,1654955,A,Official value,,Banana
QCL,Crops and livestock products,29,Burundi,5312,Area harvested,1312,2019,2019,ha,161016,I,Value imputed by a receiving agency,,Banana
QCL,Crops and livestock products,29,Burundi,5412,Yield,1312,2019,2019,kg/ha,7327,E,Estimated value,,Banana
QCL,Crops and livestock products,29,Burundi,5510,Production,1312,2019,2019,t,1179759,A,Official value,,Banana
QCL,Crops and livestock products,29,Burundi,5312,Area harvested,1312,2020,2020,ha,123281,I,Value imputed by a receiving agency,,Banana
QCL,Crops and livestock products,29,Burundi,5412,Yield,1312,2020,2020,kg/ha,7440.7,E,Estimated value,,Banana
QCL,Crops and livestock products,29,Burundi,5510,Production,1312,2020,2020,t,917298,A,Official value,,Banana
QCL,Crops and livestock products,29,Burundi,5312,Area harvested,1312,2021,2021,ha,175384,I,Value imputed by a receiving agency,,Banana
QCL,Crops and livestock products,29,Burundi,5412,Yield,1312,2021,2021,kg/ha,7420.6,E,Estimated value,,Banana
QCL,Crops and livestock products,29,Burundi,5510,Production,1312,2021,2021,t,1301443,A,Official value,,Banana
QCL,Crops and livestock products,29,Burundi,5312,Area harvested,1312,2022,2022,ha,147250,I,Value imputed by a receiving agency,,Banana
QCL,Crops and livestock products,29,Burundi,5412,Yield,1312,2022,2022,kg/ha,7292.1,E,Estimated value,,Banana
QCL,Crops and livestock products,29,Burundi,5510,Production,1312,2022,2022,t,1073758,A,Official value,,Banana
QCL,Crops and livestock products,29,Burundi,5312,Area harvested,1312,2023,2023,ha,150965,I,Value imputed by a receiving agency,,Banana
QCL,Crops and livestock products,29,Burundi,5412,Yield,1312,2023,2023,kg/ha,7286.1,E,Estimated value,,Banana
QCL,Crops and livestock products,29,Burundi,5510,Production,1312,2023,2023,t,1099953,A,Official value,,Banana
QCL,Crops and livestock products,29,Burundi,5312,Area harvested,1312,2024,2024,ha,165189,I,Value imputed by a receiving agency,,Banana
QCL,Crops and livestock products,29,Burundi,5412,Yield,1312,2024,2024,kg/ha,7312.4,E,Estimated value,,Banana
QCL,Crops and livestock products,29,Burundi,5510,Production,1312,2024,2024,t,1207926.33,I,Value imputed by a receiving agency,,Banana
QCL,Crops and livestock products,35,Cabo Verde,5312,Area harvested,1312,2010,2010,ha,220,I,Value imputed by a receiving agency,,Banana
QCL,Crops and livestock products,35,Cabo Verde,5412,Yield,1312,2010,2010,kg/ha,31805.1,E,Estimated value,,Banana
QCL,Crops and livestock products,35,Cabo Verde,5510,Production,1312,2010,2010,t,7000,A,Official value,,Banana
QCL,Crops and livestock products,35,Cabo Verde,5312,Area harvested,1312,2011,2011,ha,277,A,Official value,,Banana
QCL,Crops and livestock products,35,Cabo Verde,5412,Yield,1312,2011,2011,kg/ha,32852,A,Official value,,Banana
QCL,Crops and livestock products,35,Cabo Verde,5510,Production,1312,2011,2011,t,9100,A,Official value,,Banana
QCL,Crops and livestock products,35,Cabo Verde,5312,Area harvested,1312,2012,2012,ha,290,A,Official value,,Banana
QCL,Crops and livestock products,35,Cabo Verde,5412,Yield,1312,2012,2012,kg/ha,32965.5,A,Official value,,Banana
QCL,Crops and livestock products,35,Cabo Verde,5510,Production,1312,2012,2012,t,9560,A,Official value,,Banana
QCL,Crops and livestock products,35,Cabo Verde,5312,Area harvested,1312,2013,2013,ha,305,A,Official value,,Banana
QCL,Crops and livestock products,35,Cabo Verde,5412,Yield,1312,2013,2013,kg/ha,32895.1,A,Official value,,Banana
QCL,Crops and livestock products,35,Cabo Verde,5510,Production,1312,2013,2013,t,10033,A,Official value,,Banana
QCL,Crops and livestock products,35,Cabo Verde,5312,Area harvested,1312,2014,2014,ha,318,I,Value imputed by a receiving agency,,Banana
QCL,Crops and livestock products,35,Cabo Verde,5412,Yield,1312,2014,2014,kg/ha,33136.1,E,Estimated value,,Banana
QCL,Crops and livestock products,35,Cabo Verde,5510,Production,1312,2014,2014,t,10534,A,Official value,,Banana
QCL,Crops and livestock products,35,Cabo Verde,5312,Area harvested,1312,2015,2015,ha,308,I,Value imputed by a receiving agency,,Banana
QCL,Crops and livestock products,35,Cabo Verde,5412,Yield,1312,2015,2015,kg/ha,33440,E,Estimated value,,Banana
QCL,Crops and livestock products,35,Cabo Verde,5510,Production,1312,2015,2015,t,10300,A,Official value,,Banana
QCL,Crops and livestock products,35,Cabo Verde,5312,Area harvested,1312,2016,2016,ha,337,I,Value imputed by a receiving agency,,Banana
QCL,Crops and livestock products,35,Cabo Verde,5412,Yield,1312,2016,2016,kg/ha,31001.1,E,Estimated value,,Banana
QCL,Crops and livestock products,35,Cabo Verde,5510,Production,1312,2016,2016,t,10443,A,Official value,,Banana
QCL,Crops and livestock products,35,Cabo Verde,5312,Area harvested,1312,2017,2017,ha,364,I,Value imputed by a receiving agency,,Banana
QCL,Crops and livestock products,35,Cabo Verde,5412,Yield,1312,2017,2017,kg/ha,28585.1,E,Estimated value,,Banana
QCL,Crops and livestock products,35,Cabo Verde,5510,Production,1312,2017,2017,t,10416,A,Official value,,Banana
QCL,Crops and livestock products,35,Cabo Verde,5312,Area harvested,1312,2018,2018,ha,285,A,Official value,,Banana
QCL,Crops and livestock products,35,Cabo Verde,5412,Yield,1312,2018,2018,kg/ha,26347.4,A,Official value,,Banana
QCL,Crops and livestock products,35,Cabo Verde,5510,Production,1312,2018,2018,t,7509,A,Official value,,Banana
QCL,Crops and livestock products,35,Cabo Verde,5312,Area harvested,1312,2019,2019,ha,280,A,Official value,,Banana
QCL,Crops and livestock products,35,Cabo Verde,5412,Yield,1312,2019,2019,kg/ha,23682.1,A,Official value,,Banana
QCL,Crops and livestock products,35,Cabo Verde,5510,Production,1312,2019,2019,t,6631,A,Official value,,Banana
QCL,Crops and livestock products,35,Cabo Verde,5312,Area harvested,1312,2020,2020,ha,250,A,Official value,,Banana
QCL,Crops and livestock products,35,Cabo Verde,5412,Yield,1312,2020,2020,kg/ha,22212,A,Official value,,Banana
QCL,Crops and livestock products,35,Cabo Verde,5510,Production,1312,2020,2020,t,5553,A,Official value,,Banana
QCL,Crops and livestock products,35,Cabo Verde,5312,Area harvested,1312,2021,2021,ha,270,A,Official value,,Banana
QCL,Crops and livestock products,35,Cabo Verde,5412,Yield,1312,2021,2021,kg/ha,18259.3,A,Official value,,Banana
QCL,Crops and livestock products,35,Cabo Verde,5510,Production,1312,2021,2021,t,4930,A,Official value,,Banana
QCL,Crops and livestock products,35,Cabo Verde,5312,Area harvested,1312,2022,2022,ha,256,A,Official value,,Banana
QCL,Crops and livestock products,35,Cabo Verde,5412,Yield,1312,2022,2022,kg/ha,18078.1,A,Official value,,Banana
QCL,Crops and livestock products,35,Cabo Verde,5510,Production,1312,2022,2022,t,4628,A,Official value,,Banana
QCL,Crops and livestock products,35,Cabo Verde,5312,Area harvested,1312,2023,2023,ha,249,A,Official value,,Banana
QCL,Crops and livestock products,35,Cabo Verde,5412,Yield,1312,2023,2023,kg/ha,16714.9,A,Official value,,Banana
QCL,Crops and livestock products,35,Cabo Verde,5510,Production,1312,2023,2023,t,4162,A,Official value,,Banana
QCL,Crops and livestock products,35,Cabo Verde,5312,Area harvested,1312,2024,2024,ha,240,A,Official value,,Banana
QCL,Crops and livestock products,35,Cabo Verde,5412,Yield,1312,2024,2024,kg/ha,16262.5,A,Official value,,Banana
QCL,Crops and livestock products,35,Cabo Verde,5510,Production,1312,2024,2024,t,3903,A,Official value,,Banana
QCL,Crops and livestock products,115,Cambodia,5312,Area harvested,1312,2010,2010,ha,34726,I,Value imputed by a receiving agency,,Banana
QCL,Crops and livestock products,115,Cambodia,5412,Yield,1312,2010,2010,kg/ha,4542.8,E,Estimated value,,Banana
QCL,Crops and livestock products,115,Cambodia,5510,Production,1312,2010,2010,t,157752.61,I,Value imputed by a receiving agency,,Banana
QCL,Crops and livestock products,115,Cambodia,5312,Area harvested,1312,2011,2011,ha,31968,I,Value imputed by a receiving agency,,Banana
QCL,Crops and livestock products,115,Cambodia,5412,Yield,1312,2011,2011,kg/ha,4446,E,Estimated value,,Banana
QCL,Crops and livestock products,115,Cambodia,5510,Production,1312,2011,2011,t,142129.61,I,Value imputed by a receiving agency,,Banana
QCL,Crops and livestock products,115,Cambodia,5312,Area harvested,1312,2012,2012,ha,31075,I,Value imputed by a receiving agency,,Banana
QCL,Crops and livestock products,115,Cambodia,5412,Yield,1312,2012,2012,kg/ha,4492.8,E,Estimated value,,Banana
QCL,Crops and livestock products,115,Cambodia,5510,Production,1312,2012,2012,t,139615.68,I,Value imputed by a receiving agency,,Banana
QCL,Crops and livestock products,115,Cambodia,5312,Area harvested,1312,2013,2013,ha,30792,I,Value imputed by a receiving agency,,Banana
QCL,Crops and livestock products,115,Cambodia,5412,Yield,1312,2013,2013,kg/ha,4497.6,E,Estimated value,,Banana
QCL,Crops and livestock products,115,Cambodia,5510,Production,1312,2013,2013,t,138488.83,I,Value imputed by a receiving agency,,Banana
QCL,Crops and livestock products,115,Cambodia,5312,Area harvested,1312,2014,2014,ha,30530,I,Value imputed by a receiving agency,,Banana
QCL,Crops and livestock products,115,Cambodia,5412,Yield,1312,2014,2014,kg/ha,4519.4,E,Estimated value,,Banana
QCL,Crops and livestock products,115,Cambodia,5510,Production,1312,2014,2014,t,137979.86,I,Value imputed by a receiving agency,,Banana
QCL,Crops and livestock products,115,Cambodia,5312,Area harvested,1312,2015,2015,ha,31547,I,Value imputed by a receiving agency,,Banana
QCL,Crops and livestock products,115,Cambodia,5412,Yield,1312,2015,2015,kg/ha,4567.1,E,Estimated value,,Banana
QCL,Crops and livestock products,115,Cambodia,5510,Production,1312,2015,2015,t,144076.62,I,Value imputed by a receiving agency,,Banana
QCL,Crops and livestock products,115,Cambodia,5312,Area harvested,1312,2016,2016,ha,32279,I,Value imputed by a receiving agency,,Banana
QCL,Crops and livestock products,115,Cambodia,5412,Yield,1312,2016,2016,kg/ha,4342.8,E,Estimated value,,Banana
QCL,Crops and livestock products,115,Cambodia,5510,Production,1312,2016,2016,t,140181.77,E,Estimated value,,Banana
QCL,Crops and livestock products,115,Cambodia,5312,Area harvested,1312,2017,2017,ha,35138,I,Value imputed by a receiving agency,,Banana
QCL,Crops and livestock products,115,Cambodia,5412,Yield,1312,2017,2017,kg/ha,4320.2,E,Estimated value,,Banana
QCL,Crops and livestock products,115,Cambodia,5510,Production,1312,2017,2017,t,151799.85,I,Value imputed by a receiving agency,,Banana
QCL,Crops and livestock products,115,Cambodia,5312,Area harvested,1312,2018,2018,ha,40760,I,Value imputed by a receiving agency,,Banana
QCL,Crops and livestock products,115,Cambodia,5412,Yield,1312,2018,2018,kg/ha,4312.1,E,Estimated value,,Banana
QCL,Crops and livestock products,115,Cambodia,5510,Production,1312,2018,2018,t,175759.19,I,Value imputed by a receiving agency,,Banana
QCL,Crops and livestock products,115,Cambodia,5312,Area harvested,1312,2019,2019,ha,46323,I,Value imputed by a receiving agency,,Banana
QCL,Crops and livestock products,115,Cambodia,5412,Yield,1312,2019,2019,kg/ha,4317.5,E,Estimated value,,Banana
QCL,Crops and livestock products,115,Cambodia,5510,Production,1312,2019,2019,t,200000,E,Estimated value,,Banana
QCL,Crops and livestock products,115,Cambodia,5312,Area harvested,1312,2020,2020,ha,76491,I,Value imputed by a receiving agency,,Banana
QCL,Crops and livestock products,115,Cambodia,5412,Yield,1312,2020,2020,kg/ha,4314.3,E,Estimated value,,Banana
QCL,Crops and livestock products,115,Cambodia,5510,Production,1312,2020,2020,t,330000,E,Estimated value,,Banana
QCL,Crops and livestock products,115,Cambodia,5312,Area harvested,1312,2021,2021,ha,95243,I,Value imputed by a receiving agency,,Banana
QCL,Crops and livestock products,115,Cambodia,5412,Yield,1312,2021,2021,kg/ha,4304.8,E,Estimated value,,Banana
QCL,Crops and livestock products,115,Cambodia,5510,Production,1312,2021,2021,t,410000,E,Estimated value,,Banana
QCL,Crops and livestock products,115,Cambodia,5312,Area harvested,1312,2022,2022,ha,92894,I,Value imputed by a receiving agency,,Banana
QCL,Crops and livestock products,115,Cambodia,5412,Yield,1312,2022,2022,kg/ha,4306,E,Estimated value,,Banana
QCL,Crops and livestock products,115,Cambodia,5510,Production,1312,2022,2022,t,400000,E,Estimated value,,Banana
QCL,Crops and livestock products,115,Cambodia,5312,Area harvested,1312,2023,2023,ha,87968,I,Value imputed by a receiving agency,,Banana
QCL,Crops and livestock products,115,Cambodia,5412,Yield,1312,2023,2023,kg/ha,4295.9,E,Estimated value,,Banana
QCL,Crops and livestock products,115,Cambodia,5510,Production,1312,2023,2023,t,377903.19,I,Value imputed by a receiving agency,,Banana
QCL,Crops and livestock products,115,Cambodia,5312,Area harvested,1312,2024,2024,ha,87480,I,Value imputed by a receiving agency,,Banana
QCL,Crops and livestock products,115,Cambodia,5412,Yield,1312,2024,2024,kg/ha,4285.8,E,Estimated value,,Banana
QCL,Crops and livestock products,115,Cambodia,5510,Production,1312,2024,2024,t,374922.78,I,Value imputed by a receiving agency,,Banana
QCL,Crops and livestock products,32,Cameroon,5312,Area harvested,1312,2010,2010,ha,77120,A,Official value,,Banana
QCL,Crops and livestock products,32,Cameroon,5412,Yield,1312,2010,2010,kg/ha,17295.8,A,Official value,,Banana
QCL,Crops and livestock products,32,Cameroon,5510,Production,1312,2010,2010,t,1333851,A,Official value,,Banana
QCL,Crops and livestock products,32,Cameroon,5312,Area harvested,1312,2011,2011,ha,113906,A,Official value,,Banana
QCL,Crops and livestock products,32,Cameroon,5412,Yield,1312,2011,2011,kg/ha,12244.1,A,Official value,,Banana
QCL,Crops and livestock products,32,Cameroon,5510,Production,1312,2011,2011,t,1394675,A,Official value,,Banana
QCL,Crops and livestock products,32,Cameroon,5312,Area harvested,1312,2012,2012,ha,107620,A,Official value,,Banana
QCL,Crops and livestock products,32,Cameroon,5412,Yield,1312,2012,2012,kg/ha,13668.5,A,Official value,,Banana
QCL,Crops and livestock products,32,Cameroon,5510,Production,1312,2012,2012,t,1471007,A,Official value,,Banana
QCL,Crops and livestock products,32,Cameroon,5312,Area harvested,1312,2013,2013,ha,114302,A,Official value,,Banana
QCL,Crops and livestock products,32,Cameroon,5412,Yield,1312,2013,2013,kg/ha,14000,A,Official value,,Banana
QCL,Crops and livestock products,32,Cameroon,5510,Production,1312,2013,2013,t,1600231,A,Official value,,Banana
QCL,Crops and livestock products,32,Cameroon,5312,Area harvested,1312,2014,2014,ha,66385,A,Official value,,Banana
QCL,Crops and livestock products,32,Cameroon,5412,Yield,1312,2014,2014,kg/ha,16082.5,A,Official value,,Banana
QCL,Crops and livestock products,32,Cameroon,5510,Production,1312,2014,2014,t,1067636,A,Official value,,Banana
QCL,Crops and livestock products,32,Cameroon,5312,Area harvested,1312,2015,2015,ha,67956,A,Official value,,Banana
QCL,Crops and livestock products,32,Cameroon,5412,Yield,1312,2015,2015,kg/ha,15933.8,A,Official value,,Banana
QCL,Crops and livestock products,32,Cameroon,5510,Production,1312,2015,2015,t,1082800,A,Official value,,Banana
QCL,Crops and livestock products,32,Cameroon,5312,Area harvested,1312,2016,2016,ha,72359,A,Official value,,Banana
QCL,Crops and livestock products,32,Cameroon,5412,Yield,1312,2016,2016,kg/ha,15457.4,A,Official value,,Banana
QCL,Crops and livestock products,32,Cameroon,5510,Production,1312,2016,2016,t,1118479,A,Official value,,Banana
QCL,Crops and livestock products,32,Cameroon,5312,Area harvested,1312,2017,2017,ha,68819,A,Official value,,Banana
QCL,Crops and livestock products,32,Cameroon,5412,Yield,1312,2017,2017,kg/ha,15210,A,Official value,,Banana
QCL,Crops and livestock products,32,Cameroon,5510,Production,1312,2017,2017,t,1046740,A,Official value,,Banana
QCL,Crops and livestock products,32,Cameroon,5312,Area harvested,1312,2018,2018,ha,64495,A,Official value,,Banana
QCL,Crops and livestock products,32,Cameroon,5412,Yield,1312,2018,2018,kg/ha,15774.2,A,Official value,,Banana
QCL,Crops and livestock products,32,Cameroon,5510,Production,1312,2018,2018,t,1017362.5,A,Official value,,Banana
QCL,Crops and livestock products,32,Cameroon,5312,Area harvested,1312,2019,2019,ha,64273,A,Official value,,Banana
QCL,Crops and livestock products,32,Cameroon,5412,Yield,1312,2019,2019,kg/ha,15821,A,Official value,,Banana
QCL,Crops and livestock products,32,Cameroon,5510,Production,1312,2019,2019,t,1016868,A,Official value,,Banana
QCL,Crops and livestock products,32,Cameroon,5312,Area harvested,1312,2020,2020,ha,59622,A,Official value,,Banana
QCL,Crops and livestock products,32,Cameroon,5412,Yield,1312,2020,2020,kg/ha,15903.1,A,Official value,,Banana
QCL,Crops and livestock products,32,Cameroon,5510,Production,1312,2020,2020,t,948175.1,A,Official value,,Banana
QCL,Crops and livestock products,32,Cameroon,5312,Area harvested,1312,2021,2021,ha,58281,I,Value imputed by a receiving agency,,Banana
QCL,Crops and livestock products,32,Cameroon,5412,Yield,1312,2021,2021,kg/ha,15626,E,Estimated value,,Banana
QCL,Crops and livestock products,32,Cameroon,5510,Production,1312,2021,2021,t,910698.97,I,Value imputed by a receiving agency,,Banana
QCL,Crops and livestock products,32,Cameroon,5312,Area harvested,1312,2022,2022,ha,62905,I,Value imputed by a receiving agency,,Banana
QCL,Crops and livestock products,32,Cameroon,5412,Yield,1312,2022,2022,kg/ha,14119.2,E,Estimated value,,Banana
QCL,Crops and livestock products,32,Cameroon,5510,Production,1312,2022,2022,t,888174.7,I,Value imputed by a receiving agency,,Banana
QCL,Crops and livestock products,32,Cameroon,5312,Area harvested,1312,2023,2023,ha,62188,I,Value imputed by a receiving agency,,Banana
QCL,Crops and livestock products,32,Cameroon,5412,Yield,1312,2023,2023,kg/ha,13490.7,E,Estimated value,,Banana
QCL,Crops and livestock products,32,Cameroon,5510,Production,1312,2023,2023,t,838963.34,I,Value imputed by a receiving agency,,Banana
QCL,Crops and livestock products,32,Cameroon,5312,Area harvested,1312,2024,2024,ha,62047,I,Value imputed by a receiving agency,,Banana
QCL,Crops and livestock products,32,Cameroon,5412,Yield,1312,2024,2024,kg/ha,12979.6,E,Estimated value,,Banana
QCL,Crops and livestock products,32,Cameroon,5510,Production,1312,2024,2024,t,805352.55,I,Value imputed by a receiving agency,,Banana
QCL,Crops and livestock products,37,Central African Republic,5312,Area harvested,1312,2010,2010,ha,18873,I,Value imputed by a receiving agency,,Banana
QCL,Crops and livestock products,37,Central African Republic,5412,Yield,1312,2010,2010,kg/ha,3609.4,E,Estimated value,,Banana
QCL,Crops and livestock products,37,Central African Republic,5510,Production,1312,2010,2010,t,68118.01,I,Value imputed by a receiving agency,,Banana
QCL,Crops and livestock products,37,Central African Republic,5312,Area harvested,1312,2011,2011,ha,19060,I,Value imputed by a receiving agency,,Banana
QCL,Crops and livestock products,37,Central African Republic,5412,Yield,1312,2011,2011,kg/ha,3521.8,E,Estimated value,,Banana
QCL,Crops and livestock products,37,Central African Republic,5510,Production,1312,2011,2011,t,67125.19,I,Value imputed by a receiving agency,,Banana
QCL,Crops and livestock products,37,Central African Republic,5312,Area harvested,1312,2012,2012,ha,19253,I,Value imputed by a receiving agency,,Banana
QCL,Crops and livestock products,37,Central African Republic,5412,Yield,1312,2012,2012,kg/ha,3436.3,E,Estimated value,,Banana
QCL,Crops and livestock products,37,Central African Republic,5510,Production,1312,2012,2012,t,66159.31,I,Value imputed by a receiving agency,,Banana
QCL,Crops and livestock products,37,Central African Republic,5312,Area harvested,1312,2013,2013,ha,19452,I,Value imputed by a receiving agency,,Banana
QCL,Crops and livestock products,37,Central African Republic,5412,Yield,1312,2013,2013,kg/ha,3353,E,Estimated value,,Banana
QCL,Crops and livestock products,37,Central African Republic,5510,Production,1312,2013,2013,t,65221.48,I,Value imputed by a receiving agency,,Banana
QCL,Crops and livestock products,37,Central African Republic,5312,Area harvested,1312,2014,2014,ha,21298,A,Official value,,Banana
QCL,Crops and livestock products,37,Central African Republic,5412,Yield,1312,2014,2014,kg/ha,2888.9,A,Official value,,Banana
QCL,Crops and livestock products,37,Central African Republic,5510,Production,1312,2014,2014,t,61528,A,Official value,,Banana
QCL,Crops and livestock products,37,Central African Republic,5312,Area harvested,1312,2015,2015,ha,19680,I,Value imputed by a receiving agency,,Banana
QCL,Crops and livestock products,37,Central African Republic,5412,Yield,1312,2015,2015,kg/ha,3233.1,E,Estimated value,,Banana
QCL,Crops and livestock products,37,Central African Republic,5510,Production,1312,2015,2015,t,63626.9,I,Value imputed by a receiving agency,,Banana
QCL,Crops and livestock products,37,Central African Republic,5312,Area harvested,1312,2016,2016,ha,19700,I,Value imputed by a receiving agency,,Banana
QCL,Crops and livestock products,37,Central African Republic,5412,Yield,1312,2016,2016,kg/ha,3196.3,E,Estimated value,,Banana
QCL,Crops and livestock products,37,Central African Republic,5510,Production,1312,2016,2016,t,62967.88,I,Value imputed by a receiving agency,,Banana
QCL,Crops and livestock products,37,Central African Republic,5312,Area harvested,1312,2017,2017,ha,19717,I,Value imputed by a receiving agency,,Banana
QCL,Crops and livestock products,37,Central African Republic,5412,Yield,1312,2017,2017,kg/ha,3161.3,E,Estimated value,,Banana
QCL,Crops and livestock products,37,Central African Republic,5510,Production,1312,2017,2017,t,62332.33,I,Value imputed by a receiving agency,,Banana
QCL,Crops and livestock products,37,Central African Republic,5312,Area harvested,1312,2018,2018,ha,19730,I,Value imputed by a receiving agency,,Banana
QCL,Crops and livestock products,37,Central African Republic,5412,Yield,1312,2018,2018,kg/ha,3128,E,Estimated value,,Banana
QCL,Crops and livestock products,37,Central African Republic,5510,Production,1312,2018,2018,t,61716.89,I,Value imputed by a receiving agency,,Banana
QCL,Crops and livestock products,37,Central African Republic,5312,Area harvested,1312,2019,2019,ha,20060,I,Value imputed by a receiving agency,,Banana
QCL,Crops and livestock products,37,Central African Republic,5412,Yield,1312,2019,2019,kg/ha,3036.5,E,Estimated value,,Banana
QCL,Crops and livestock products,37,Central African Republic,5510,Production,1312,2019,2019,t,60913.58,I,Value imputed by a receiving agency,,Banana
QCL,Crops and livestock products,37,Central African Republic,5312,Area harvested,1312,2020,2020,ha,20275,I,Value imputed by a receiving agency,,Banana
QCL,Crops and livestock products,37,Central African Republic,5412,Yield,1312,2020,2020,kg/ha,2978.6,E,Estimated value,,Banana
QCL,Crops and livestock products,37,Central African Republic,5510,Production,1312,2020,2020,t,60391.82,I,Value imputed by a receiving agency,,Banana
QCL,Crops and livestock products,37,Central African Republic,5312,Area harvested,1312,2021,2021,ha,20382,I,Value imputed by a receiving agency,,Banana
QCL,Crops and livestock products,37,Central African Republic,5412,Yield,1312,2021,2021,kg/ha,2941.3,E,Estimated value,,Banana
QCL,Crops and livestock products,37,Central African Republic,5510,Production,1312,2021,2021,t,59950.14,I,Value imputed by a receiving agency,,Banana
QCL,Crops and livestock products,37,Central African Republic,5312,Area harvested,1312,2022,2022,ha,20000,E,Estimated value,,Banana
QCL,Crops and livestock products,37,Central African Republic,5412,Yield,1312,2022,2022,kg/ha,3000,E,Estimated value,,Banana
QCL,Crops and livestock products,37,Central African Republic,5510,Production,1312,2022,2022,t,60000,E,Estimated value,,Banana
QCL,Crops and livestock products,37,Central African Republic,5312,Area harvested,1312,2023,2023,ha,20692,I,Value imputed by a receiving agency,,Banana
QCL,Crops and livestock products,37,Central African Republic,5412,Yield,1312,2023,2023,kg/ha,2851.3,E,Estimated value,,Banana
QCL,Crops and livestock products,37,Central African Republic,5510,Production,1312,2023,2023,t,58999.94,I,Value imputed by a receiving agency,,Banana
QCL,Crops and livestock products,37,Central African Republic,5312,Area harvested,1312,2024,2024,ha,20992,I,Value imputed by a receiving agency,,Banana
QCL,Crops and livestock products,37,Central African Republic,5412,Yield,1312,2024,2024,kg/ha,2726.7,E,Estimated value,,Banana
QCL,Crops and livestock products,37,Central African Republic,5510,Production,1312,2024,2024,t,57239.58,I,Value imputed by a receiving agency,,Banana
QCL,Crops and livestock products,351,China,5312,Area harvested,1312,2010,2010,ha,370783,A,Official value,,Banana
QCL,Crops and livestock products,351,China,5412,Yield,1312,2010,2010,kg/ha,26561.1,A,Official value,,Banana
QCL,Crops and livestock products,351,China,5510,Production,1312,2010,2010,t,9848395,A,Official value,,Banana
QCL,Crops and livestock products,351,China,5312,Area harvested,1312,2011,2011,ha,399297,A,Official value,,Banana
QCL,Crops and livestock products,351,China,5412,Yield,1312,2011,2011,kg/ha,26811.5,A,Official value,,Banana
QCL,Crops and livestock products,351,China,5510,Production,1312,2011,2011,t,10705740,A,Official value,,Banana
QCL,Crops and livestock products,351,China,5312,Area harvested,1312,2012,2012,ha,407647,A,Official value,,Banana
QCL,Crops and livestock products,351,China,5412,Yield,1312,2012,2012,kg/ha,29077.3,A,Official value,,Banana
QCL,Crops and livestock products,351,China,5510,Production,1312,2012,2012,t,11853265,A,Official value,,Banana
QCL,Crops and livestock products,351,China,5312,Area harvested,1312,2013,2013,ha,405042,A,Official value,,Banana
QCL,Crops and livestock products,351,China,5412,Yield,1312,2013,2013,kg/ha,30531.4,A,Official value,,Banana
QCL,Crops and livestock products,351,China,5510,Production,1312,2013,2013,t,12366492,A,Official value,,Banana
QCL,Crops and livestock products,351,China,5312,Area harvested,1312,2014,2014,ha,405291,A,Official value,,Banana
QCL,Crops and livestock products,351,China,5412,Yield,1312,2014,2014,kg/ha,29834.9,A,Official value,,Banana
QCL,Crops and livestock products,351,China,5510,Production,1312,2014,2014,t,12091800,A,Official value,,Banana
QCL,Crops and livestock products,351,China,5312,Area harvested,1312,2015,2015,ha,423193,A,Official value,,Banana
QCL,Crops and livestock products,351,China,5412,Yield,1312,2015,2015,kg/ha,25759.1,A,Official value,,Banana
QCL,Crops and livestock products,351,China,5510,Production,1312,2015,2015,t,10901066,A,Official value,,Banana
QCL,Crops and livestock products,351,China,5312,Area harvested,1312,2016,2016,ha,380523,E,Estimated value,,Banana
QCL,Crops and livestock products,351,China,5412,Yield,1312,2016,2016,kg/ha,29426.7,E,Estimated value,,Banana
QCL,Crops and livestock products,351,China,5510,Production,1312,2016,2016,t,11197559,A,Official value,,Banana
QCL,Crops and livestock products,351,China,5312,Area harvested,1312,2017,2017,ha,366834,A,Official value,,Banana
QCL,Crops and livestock products,351,China,5412,Yield,1312,2017,2017,kg/ha,31419.7,A,Official value,,Banana
QCL,Crops and livestock products,351,China,5510,Production,1312,2017,2017,t,11525817,A,Official value,,Banana
QCL,Crops and livestock products,351,China,5312,Area harvested,1312,2018,2018,ha,347348,A,Official value,,Banana
QCL,Crops and livestock products,351,China,5412,Yield,1312,2018,2018,kg/ha,33332.4,A,Official value,,Banana
QCL,Crops and livestock products,351,China,5510,Production,1312,2018,2018,t,11577938,A,Official value,,Banana
QCL,Crops and livestock products,351,China,5312,Area harvested,1312,2019,2019,ha,345224,A,Official value,,Banana
QCL,Crops and livestock products,351,China,5412,Yield,1312,2019,2019,kg/ha,34755.2,A,Official value,,Banana
QCL,Crops and livestock products,351,China,5510,Production,1312,2019,2019,t,11998329,A,Official value,,Banana
QCL,Crops and livestock products,351,China,5312,Area harvested,1312,2020,2020,ha,342208,A,Official value,,Banana
QCL,Crops and livestock products,351,China,5412,Yield,1312,2020,2020,kg/ha,34694.1,A,Official value,,Banana
QCL,Crops and livestock products,351,China,5510,Production,1312,2020,2020,t,11872600,A,Official value,,Banana
QCL,Crops and livestock products,351,China,5312,Area harvested,1312,2021,2021,ha,340903,A,Official value,,Banana
QCL,Crops and livestock products,351,China,5412,Yield,1312,2021,2021,kg/ha,35380.6,A,Official value,,Banana
QCL,Crops and livestock products,351,China,5510,Production,1312,2021,2021,t,12061344,A,Official value,,Banana
QCL,Crops and livestock products,351,China,5312,Area harvested,1312,2022,2022,ha,341466,A,Official value,,Banana
QCL,Crops and livestock products,351,China,5412,Yield,1312,2022,2022,kg/ha,35518.3,A,Official value,,Banana
QCL,Crops and livestock products,351,China,5510,Production,1312,2022,2022,t,12128280,A,Official value,,Banana
QCL,Crops and livestock products,351,China,5312,Area harvested,1312,2023,2023,ha,333128,E,Estimated value,,Banana
QCL,Crops and livestock products,351,China,5412,Yield,1312,2023,2023,kg/ha,36130.7,E,Estimated value,,Banana
QCL,Crops and livestock products,351,China,5510,Production,1312,2023,2023,t,12036162,A,Official value,,Banana
QCL,Crops and livestock products,351,China,5312,Area harvested,1312,2024,2024,ha,325500,E,Estimated value,,Banana
QCL,Crops and livestock products,351,China,5412,Yield,1312,2024,2024,kg/ha,37176.9,E,Estimated value,,Banana
QCL,Crops and livestock products,351,China,5510,Production,1312,2024,2024,t,12101090.23,A,Official value,,Banana
QCL,Crops and livestock products,41,"China, mainland",5312,Area harvested,1312,2010,2010,ha,357330,A,Official value,,Banana
QCL,Crops and livestock products,41,"China, mainland",5412,Yield,1312,2010,2010,kg/ha,26755.4,A,Official value,,Banana
QCL,Crops and livestock products,41,"China, mainland",5510,Production,1312,2010,2010,t,9560500,A,Official value,,Banana
QCL,Crops and livestock products,41,"China, mainland",5312,Area harvested,1312,2011,2011,ha,386040,A,Official value,,Banana
QCL,Crops and livestock products,41,"China, mainland",5412,Yield,1312,2011,2011,kg/ha,26940.2,A,Official value,,Banana
QCL,Crops and livestock products,41,"China, mainland",5510,Production,1312,2011,2011,t,10400000,A,Official value,,Banana
QCL,Crops and livestock products,41,"China, mainland",5312,Area harvested,1312,2012,2012,ha,394700,A,Official value,,Banana
QCL,Crops and livestock products,41,"China, mainland",5412,Yield,1312,2012,2012,kg/ha,29283,A,Official value,,Banana
QCL,Crops and livestock products,41,"China, mainland",5510,Production,1312,2012,2012,t,11558000,A,Official value,,Banana
QCL,Crops and livestock products,41,"China, mainland",5312,Area harvested,1312,2013,2013,ha,392000,A,Official value,,Banana
QCL,Crops and livestock products,41,"China, mainland",5412,Yield,1312,2013,2013,kg/ha,30804.1,A,Official value,,Banana
QCL,Crops and livestock products,41,"China, mainland",5510,Production,1312,2013,2013,t,12075200,A,Official value,,Banana
QCL,Crops and livestock products,41,"China, mainland",5312,Area harvested,1312,2014,2014,ha,392000,A,Official value,,Banana
QCL,Crops and livestock products,41,"China, mainland",5412,Yield,1312,2014,2014,kg/ha,30081.4,A,Official value,,Banana
QCL,Crops and livestock products,41,"China, mainland",5510,Production,1312,2014,2014,t,11791900,A,Official value,,Banana
QCL,Crops and livestock products,41,"China, mainland",5312,Area harvested,1312,2015,2015,ha,409100,A,Official value,,Banana
QCL,Crops and livestock products,41,"China, mainland",5412,Yield,1312,2015,2015,kg/ha,25976.5,A,Official value,,Banana
QCL,Crops and livestock products,41,"China, mainland",5510,Production,1312,2015,2015,t,10627000,A,Official value,,Banana
QCL,Crops and livestock products,41,"China, mainland",5312,Area harvested,1312,2016,2016,ha,364826,I,Value imputed by a receiving agency,,Banana
QCL,Crops and livestock products,41,"China, mainland",5412,Yield,1312,2016,2016,kg/ha,29986.9,E,Estimated value,,Banana
QCL,Crops and livestock products,41,"China, mainland",5510,Production,1312,2016,2016,t,10940000,A,Official value,,Banana
QCL,Crops and livestock products,41,"China, mainland",5312,Area harvested,1312,2017,2017,ha,351030,A,Official value,,Banana
QCL,Crops and livestock products,41,"China, mainland",5412,Yield,1312,2017,2017,kg/ha,31820.1,A,Official value,,Banana
QCL,Crops and livestock products,41,"China, mainland",5510,Production,1312,2017,2017,t,11169800,A,Official value,,Banana
QCL,Crops and livestock products,41,"China, mainland",5312,Area harvested,1312,2018,2018,ha,331900,A,Official value,,Banana
QCL,Crops and livestock products,41,"China, mainland",5412,Yield,1312,2018,2018,kg/ha,33810.5,A,Official value,,Banana
QCL,Crops and livestock products,41,"China, mainland",5510,Production,1312,2018,2018,t,11221700,A,Official value,,Banana
QCL,Crops and livestock products,41,"China, mainland",5312,Area harvested,1312,2019,2019,ha,330310,A,Official value,,Banana
QCL,Crops and livestock products,41,"China, mainland",5412,Yield,1312,2019,2019,kg/ha,35287.2,A,Official value,,Banana
QCL,Crops and livestock products,41,"China, mainland",5510,Production,1312,2019,2019,t,11655700,A,Official value,,Banana
QCL,Crops and livestock products,41,"China, mainland",5312,Area harvested,1312,2020,2020,ha,327240,A,Official value,,Banana
QCL,Crops and livestock products,41,"China, mainland",5412,Yield,1312,2020,2020,kg/ha,35182.1,A,Official value,,Banana
QCL,Crops and livestock products,41,"China, mainland",5510,Production,1312,2020,2020,t,11513000,A,Official value,,Banana
QCL,Crops and livestock products,41,"China, mainland",5312,Area harvested,1312,2021,2021,ha,325860,A,Official value,,Banana
QCL,Crops and livestock products,41,"China, mainland",5412,Yield,1312,2021,2021,kg/ha,35979.3,A,Official value,,Banana
QCL,Crops and livestock products,41,"China, mainland",5510,Production,1312,2021,2021,t,11724200,A,Official value,,Banana
QCL,Crops and livestock products,41,"China, mainland",5312,Area harvested,1312,2022,2022,ha,326850,A,Official value,,Banana
QCL,Crops and livestock products,41,"China, mainland",5412,Yield,1312,2022,2022,kg/ha,36031.2,A,Official value,,Banana
QCL,Crops and livestock products,41,"China, mainland",5510,Production,1312,2022,2022,t,11776800,A,Official value,,Banana
QCL,Crops and livestock products,41,"China, mainland",5312,Area harvested,1312,2023,2023,ha,318636,I,Value imputed by a receiving agency,,Banana
QCL,Crops and livestock products,41,"China, mainland",5412,Yield,1312,2023,2023,kg/ha,36727.8,E,Estimated value,,Banana
QCL,Crops and livestock products,41,"China, mainland",5510,Production,1312,2023,2023,t,11702800,A,Official value,,Banana
QCL,Crops and livestock products,41,"China, mainland",5312,Area harvested,1312,2024,2024,ha,310093,I,Value imputed by a receiving agency,,Banana
QCL,Crops and livestock products,41,"China, mainland",5412,Yield,1312,2024,2024,kg/ha,37923.2,E,Estimated value,,Banana
QCL,Crops and livestock products,41,"China, mainland",5510,Production,1312,2024,2024,t,11759700,A,Official value,,Banana
QCL,Crops and livestock products,214,"China, Taiwan Province of",5312,Area harvested,1312,2010,2010,ha,13453,A,Official value,,Banana
QCL,Crops and livestock products,214,"China, Taiwan Province of",5412,Yield,1312,2010,2010,kg/ha,21400.1,A,Official value,,Banana
QCL,Crops and livestock products,214,"China, Taiwan Province of",5510,Production,1312,2010,2010,t,287895,A,Official value,,Banana
QCL,Crops and livestock products,214,"China, Taiwan Province of",5312,Area harvested,1312,2011,2011,ha,13257,A,Official value,,Banana
QCL,Crops and livestock products,214,"China, Taiwan Province of",5412,Yield,1312,2011,2011,kg/ha,23062.5,A,Official value,,Banana
QCL,Crops and livestock products,214,"China, Taiwan Province of",5510,Production,1312,2011,2011,t,305740,A,Official value,,Banana
QCL,Crops and livestock products,214,"China, Taiwan Province of",5312,Area harvested,1312,2012,2012,ha,12947,A,Official value,,Banana
QCL,Crops and livestock products,214,"China, Taiwan Province of",5412,Yield,1312,2012,2012,kg/ha,22805.7,A,Official value,,Banana
QCL,Crops and livestock products,214,"China, Taiwan Province of",5510,Production,1312,2012,2012,t,295265,A,Official value,,Banana
QCL,Crops and livestock products,214,"China, Taiwan Province of",5312,Area harvested,1312,2013,2013,ha,13042,A,Official value,,Banana
QCL,Crops and livestock products,214,"China, Taiwan Province of",5412,Yield,1312,2013,2013,kg/ha,22334.9,A,Official value,,Banana
QCL,Crops and livestock products,214,"China, Taiwan Province of",5510,Production,1312,2013,2013,t,291292,A,Official value,,Banana
QCL,Crops and livestock products,214,"China, Taiwan Province of",5312,Area harvested,1312,2014,2014,ha,13291,A,Official value,,Banana
QCL,Crops and livestock products,214,"China, Taiwan Province of",5412,Yield,1312,2014,2014,kg/ha,22564.1,A,Official value,,Banana
QCL,Crops and livestock products,214,"China, Taiwan Province of",5510,Production,1312,2014,2014,t,299900,A,Official value,,Banana
QCL,Crops and livestock products,214,"China, Taiwan Province of",5312,Area harvested,1312,2015,2015,ha,14093,A,Official value,,Banana
QCL,Crops and livestock products,214,"China, Taiwan Province of",5412,Yield,1312,2015,2015,kg/ha,19447,A,Official value,,Banana
QCL,Crops and livestock products,214,"China, Taiwan Province of",5510,Production,1312,2015,2015,t,274066,A,Official value,,Banana
QCL,Crops and livestock products,214,"China, Taiwan Province of",5312,Area harvested,1312,2016,2016,ha,15697,A,Official value,,Banana
QCL,Crops and livestock products,214,"China, Taiwan Province of",5412,Yield,1312,2016,2016,kg/ha,16408.2,A,Official value,,Banana
QCL,Crops and livestock products,214,"China, Taiwan Province of",5510,Production,1312,2016,2016,t,257559,A,Official value,,Banana
QCL,Crops and livestock products,214,"China, Taiwan Province of",5312,Area harvested,1312,2017,2017,ha,15804,A,Official value,,Banana
QCL,Crops and livestock products,214,"China, Taiwan Province of",5412,Yield,1312,2017,2017,kg/ha,22527,A,Official value,,Banana
QCL,Crops and livestock products,214,"China, Taiwan Province of",5510,Production,1312,2017,2017,t,356017,A,Official value,,Banana
QCL,Crops and livestock products,214,"China, Taiwan Province of",5312,Area harvested,1312,2018,2018,ha,15448,A,Official value,,Banana
QCL,Crops and livestock products,214,"China, Taiwan Province of",5412,Yield,1312,2018,2018,kg/ha,23060.5,A,Official value,,Banana
QCL,Crops and livestock products,214,"China, Taiwan Province of",5510,Production,1312,2018,2018,t,356238,A,Official value,,Banana
QCL,Crops and livestock products,214,"China, Taiwan Province of",5312,Area harvested,1312,2019,2019,ha,14914,A,Official value,,Banana
QCL,Crops and livestock products,214,"China, Taiwan Province of",5412,Yield,1312,2019,2019,kg/ha,22973.6,A,Official value,,Banana
QCL,Crops and livestock products,214,"China, Taiwan Province of",5510,Production,1312,2019,2019,t,342629,A,Official value,,Banana
QCL,Crops and livestock products,214,"China, Taiwan Province of",5312,Area harvested,1312,2020,2020,ha,14968,A,Official value,,Banana
QCL,Crops and livestock products,214,"China, Taiwan Province of",5412,Yield,1312,2020,2020,kg/ha,24024.6,A,Official value,,Banana
QCL,Crops and livestock products,214,"China, Taiwan Province of",5510,Production,1312,2020,2020,t,359600,A,Official value,,Banana
QCL,Crops and livestock products,214,"China, Taiwan Province of",5312,Area harvested,1312,2021,2021,ha,15043,A,Official value,,Banana
QCL,Crops and livestock products,214,"China, Taiwan Province of",5412,Yield,1312,2021,2021,kg/ha,22412,A,Official value,,Banana
QCL,Crops and livestock products,214,"China, Taiwan Province of",5510,Production,1312,2021,2021,t,337144,A,Official value,,Banana
QCL,Crops and livestock products,214,"China, Taiwan Province of",5312,Area harvested,1312,2022,2022,ha,14616,A,Official value,,Banana
QCL,Crops and livestock products,214,"China, Taiwan Province of",5412,Yield,1312,2022,2022,kg/ha,24047.6,A,Official value,,Banana
QCL,Crops and livestock products,214,"China, Taiwan Province of",5510,Production,1312,2022,2022,t,351480,A,Official value,,Banana
QCL,Crops and livestock products,214,"China, Taiwan Province of",5312,Area harvested,1312,2023,2023,ha,14492,A,Official value,,Banana
QCL,Crops and livestock products,214,"China, Taiwan Province of",5412,Yield,1312,2023,2023,kg/ha,23003.2,A,Official value,,Banana
QCL,Crops and livestock products,214,"China, Taiwan Province of",5510,Production,1312,2023,2023,t,333362,A,Official value,,Banana
QCL,Crops and livestock products,214,"China, Taiwan Province of",5312,Area harvested,1312,2024,2024,ha,15408,I,Value imputed by a receiving agency,,Banana
QCL,Crops and livestock products,214,"China, Taiwan Province of",5412,Yield,1312,2024,2024,kg/ha,22157,E,Estimated value,,Banana
QCL,Crops and livestock products,214,"China, Taiwan Province of",5510,Production,1312,2024,2024,t,341390.23,I,Value imputed by a receiving agency,,Banana
QCL,Crops and livestock products,44,Colombia,5312,Area harvested,1312,2010,2010,ha,78089,A,Official value,,Banana
QCL,Crops and livestock products,44,Colombia,5412,Yield,1312,2010,2010,kg/ha,25863.3,A,Official value,,Banana
QCL,Crops and livestock products,44,Colombia,5510,Production,1312,2010,2010,t,2019625.4,A,Official value,,Banana
QCL,Crops and livestock products,44,Colombia,5312,Area harvested,1312,2011,2011,ha,78567,A,Official value,,Banana
QCL,Crops and livestock products,44,Colombia,5412,Yield,1312,2011,2011,kg/ha,26002.4,A,Official value,,Banana
QCL,Crops and livestock products,44,Colombia,5510,Production,1312,2011,2011,t,2042925.9,A,Official value,,Banana
QCL,Crops and livestock products,44,Colombia,5312,Area harvested,1312,2012,2012,ha,78336,A,Official value,,Banana
QCL,Crops and livestock products,44,Colombia,5412,Yield,1312,2012,2012,kg/ha,23982.7,A,Official value,,Banana
QCL,Crops and livestock products,44,Colombia,5510,Production,1312,2012,2012,t,1878710,A,Official value,,Banana
QCL,Crops and livestock products,44,Colombia,5312,Area harvested,1312,2013,2013,ha,77312,A,Official value,,Banana
QCL,Crops and livestock products,44,Colombia,5412,Yield,1312,2013,2013,kg/ha,26216,A,Official value,,Banana
QCL,Crops and livestock products,44,Colombia,5510,Production,1312,2013,2013,t,2026811,A,Official value,,Banana
QCL,Crops and livestock products,44,Colombia,5312,Area harvested,1312,2014,2014,ha,73862,A,Official value,,Banana
QCL,Crops and livestock products,44,Colombia,5412,Yield,1312,2014,2014,kg/ha,23975.8,A,Official value,,Banana
QCL,Crops and livestock products,44,Colombia,5510,Production,1312,2014,2014,t,1770899,A,Official value,,Banana
QCL,Crops and livestock products,44,Colombia,5312,Area harvested,1312,2015,2015,ha,77394,A,Official value,,Banana
QCL,Crops and livestock products,44,Colombia,5412,Yield,1312,2015,2015,kg/ha,25808.1,A,Official value,,Banana
QCL,Crops and livestock products,44,Colombia,5510,Production,1312,2015,2015,t,1997390,A,Official value,,Banana
QCL,Crops and livestock products,44,Colombia,5312,Area harvested,1312,2016,2016,ha,79328,A,Official value,,Banana
QCL,Crops and livestock products,44,Colombia,5412,Yield,1312,2016,2016,kg/ha,25231.2,A,Official value,,Banana
QCL,Crops and livestock products,44,Colombia,5510,Production,1312,2016,2016,t,2001539,A,Official value,,Banana
QCL,Crops and livestock products,44,Colombia,5312,Area harvested,1312,2017,2017,ha,79866,A,Official value,,Banana
QCL,Crops and livestock products,44,Colombia,5412,Yield,1312,2017,2017,kg/ha,25303.8,A,Official value,,Banana
QCL,Crops and livestock products,44,Colombia,5510,Production,1312,2017,2017,t,2020915,A,Official value,,Banana
QCL,Crops and livestock products,44,Colombia,5312,Area harvested,1312,2018,2018,ha,98142,A,Official value,,Banana
QCL,Crops and livestock products,44,Colombia,5412,Yield,1312,2018,2018,kg/ha,26157.7,A,Official value,,Banana
QCL,Crops and livestock products,44,Colombia,5510,Production,1312,2018,2018,t,2567169,A,Official value,,Banana
QCL,Crops and livestock products,44,Colombia,5312,Area harvested,1312,2019,2019,ha,105609,A,Official value,,Banana
QCL,Crops and livestock products,44,Colombia,5412,Yield,1312,2019,2019,kg/ha,27596.3,A,Official value,,Banana
QCL,Crops and livestock products,44,Colombia,5510,Production,1312,2019,2019,t,2914419,A,Official value,,Banana
QCL,Crops and livestock products,44,Colombia,5312,Area harvested,1312,2020,2020,ha,99267,A,Official value,,Banana
QCL,Crops and livestock products,44,Colombia,5412,Yield,1312,2020,2020,kg/ha,24173.2,A,Official value,,Banana
QCL,Crops and livestock products,44,Colombia,5510,Production,1312,2020,2020,t,2399607.15,A,Official value,,Banana
QCL,Crops and livestock products,44,Colombia,5312,Area harvested,1312,2021,2021,ha,101890,A,Official value,,Banana
QCL,Crops and livestock products,44,Colombia,5412,Yield,1312,2021,2021,kg/ha,23690,A,Official value,,Banana
QCL,Crops and livestock products,44,Colombia,5510,Production,1312,2021,2021,t,2413768.52,A,Official value,,Banana
QCL,Crops and livestock products,44,Colombia,5312,Area harvested,1312,2022,2022,ha,104823,A,Official value,,Banana
QCL,Crops and livestock products,44,Colombia,5412,Yield,1312,2022,2022,kg/ha,24057,A,Official value,,Banana
QCL,Crops and livestock products,44,Colombia,5510,Production,1312,2022,2022,t,2521732.57,A,Official value,,Banana
QCL,Crops and livestock products,44,Colombia,5312,Area harvested,1312,2023,2023,ha,105574,A,Official value,,Banana
QCL,Crops and livestock products,44,Colombia,5412,Yield,1312,2023,2023,kg/ha,24194.3,A,Official value,,Banana
QCL,Crops and livestock products,44,Colombia,5510,Production,1312,2023,2023,t,2554287.17,A,Official value,,Banana
QCL,Crops and livestock products,44,Colombia,5312,Area harvested,1312,2024,2024,ha,105592,A,Official value,,Banana
QCL,Crops and livestock products,44,Colombia,5412,Yield,1312,2024,2024,kg/ha,24983.5,A,Official value,,Banana
QCL,Crops and livestock products,44,Colombia,5510,Production,1312,2024,2024,t,2638063.85,A,Official value,,Banana
QCL,Crops and livestock products,45,Comoros,5312,Area harvested,1312,2010,2010,ha,12956,I,Value imputed by a receiving agency,,Banana
QCL,Crops and livestock products,45,Comoros,5412,Yield,1312,2010,2010,kg/ha,5657.7,E,Estimated value,,Banana
QCL,Crops and livestock products,45,Comoros,5510,Production,1312,2010,2010,t,73300,A,Official value,,Banana
QCL,Crops and livestock products,45,Comoros,5312,Area harvested,1312,2011,2011,ha,12934,I,Value imputed by a receiving agency,,Banana
QCL,Crops and livestock products,45,Comoros,5412,Yield,1312,2011,2011,kg/ha,5644.1,E,Estimated value,,Banana
QCL,Crops and livestock products,45,Comoros,5510,Production,1312,2011,2011,t,73000,A,Official value,,Banana
QCL,Crops and livestock products,45,Comoros,5312,Area harvested,1312,2012,2012,ha,12948,I,Value imputed by a receiving agency,,Banana
QCL,Crops and livestock products,45,Comoros,5412,Yield,1312,2012,2012,kg/ha,5630.4,E,Estimated value,,Banana
QCL,Crops and livestock products,45,Comoros,5510,Production,1312,2012,2012,t,72900,A,Official value,,Banana
QCL,Crops and livestock products,45,Comoros,5312,Area harvested,1312,2013,2013,ha,12819,I,Value imputed by a receiving agency,,Banana
QCL,Crops and livestock products,45,Comoros,5412,Yield,1312,2013,2013,kg/ha,5616.6,E,Estimated value,,Banana
QCL,Crops and livestock products,45,Comoros,5510,Production,1312,2013,2013,t,72000,A,Official value,,Banana
QCL,Crops and livestock products,45,Comoros,5312,Area harvested,1312,2014,2014,ha,11529,I,Value imputed by a receiving agency,,Banana
QCL,Crops and livestock products,45,Comoros,5412,Yield,1312,2014,2014,kg/ha,5602.7,E,Estimated value,,Banana
QCL,Crops and livestock products,45,Comoros,5510,Production,1312,2014,2014,t,64595,A,Official value,,Banana
QCL,Crops and livestock products,45,Comoros,5312,Area harvested,1312,2015,2015,ha,12000,E,Estimated value,,Banana
QCL,Crops and livestock products,45,Comoros,5412,Yield,1312,2015,2015,kg/ha,5562.3,E,Estimated value,,Banana
QCL,Crops and livestock products,45,Comoros,5510,Production,1312,2015,2015,t,66748,A,Official value,,Banana
QCL,Crops and livestock products,45,Comoros,5312,Area harvested,1312,2016,2016,ha,12359,I,Value imputed by a receiving agency,,Banana
QCL,Crops and livestock products,45,Comoros,5412,Yield,1312,2016,2016,kg/ha,5575.1,E,Estimated value,,Banana
QCL,Crops and livestock products,45,Comoros,5510,Production,1312,2016,2016,t,68901,A,Official value,,Banana
QCL,Crops and livestock products,45,Comoros,5312,Area harvested,1312,2017,2017,ha,12707,I,Value imputed by a receiving agency,,Banana
QCL,Crops and livestock products,45,Comoros,5412,Yield,1312,2017,2017,kg/ha,5591.5,E,Estimated value,,Banana
QCL,Crops and livestock products,45,Comoros,5510,Production,1312,2017,2017,t,71054,A,Official value,,Banana
QCL,Crops and livestock products,45,Comoros,5312,Area harvested,1312,2018,2018,ha,13161,I,Value imputed by a receiving agency,,Banana
QCL,Crops and livestock products,45,Comoros,5412,Yield,1312,2018,2018,kg/ha,5562.5,E,Estimated value,,Banana
QCL,Crops and livestock products,45,Comoros,5510,Production,1312,2018,2018,t,73207,A,Official value,,Banana
QCL,Crops and livestock products,45,Comoros,5312,Area harvested,1312,2019,2019,ha,13589,I,Value imputed by a receiving agency,,Banana
QCL,Crops and livestock products,45,Comoros,5412,Yield,1312,2019,2019,kg/ha,5545.7,E,Estimated value,,Banana
QCL,Crops and livestock products,45,Comoros,5510,Production,1312,2019,2019,t,75360,A,Official value,,Banana
QCL,Crops and livestock products,45,Comoros,5312,Area harvested,1312,2020,2020,ha,14016,I,Value imputed by a receiving agency,,Banana
QCL,Crops and livestock products,45,Comoros,5412,Yield,1312,2020,2020,kg/ha,5530.1,E,Estimated value,,Banana
QCL,Crops and livestock products,45,Comoros,5510,Production,1312,2020,2020,t,77513,A,Official value,,Banana
QCL,Crops and livestock products,45,Comoros,5312,Area harvested,1312,2021,2021,ha,14401,I,Value imputed by a receiving agency,,Banana
QCL,Crops and livestock products,45,Comoros,5412,Yield,1312,2021,2021,kg/ha,5532.1,E,Estimated value,,Banana
QCL,Crops and livestock products,45,Comoros,5510,Production,1312,2021,2021,t,79666,A,Official value,,Banana
QCL,Crops and livestock products,45,Comoros,5312,Area harvested,1312,2022,2022,ha,14615,I,Value imputed by a receiving agency,,Banana
QCL,Crops and livestock products,45,Comoros,5412,Yield,1312,2022,2022,kg/ha,5526.7,E,Estimated value,,Banana
QCL,Crops and livestock products,45,Comoros,5510,Production,1312,2022,2022,t,80770.99,I,Value imputed by a receiving agency,,Banana
QCL,Crops and livestock products,45,Comoros,5312,Area harvested,1312,2023,2023,ha,14439,I,Value imputed by a receiving agency,,Banana
QCL,Crops and livestock products,45,Comoros,5412,Yield,1312,2023,2023,kg/ha,5516.7,E,Estimated value,,Banana
QCL,Crops and livestock products,45,Comoros,5510,Production,1312,2023,2023,t,79655.28,I,Value imputed by a receiving agency,,Banana
QCL,Crops and livestock products,45,Comoros,5312,Area harvested,1312,2024,2024,ha,14533,I,Value imputed by a receiving agency,,Banana
QCL,Crops and livestock products,45,Comoros,5412,Yield,1312,2024,2024,kg/ha,5506.7,E,Estimated value,,Banana
QCL,Crops and livestock products,45,Comoros,5510,Production,1312,2024,2024,t,80028.66,I,Value imputed by a receiving agency,,Banana
QCL,Crops and livestock products,46,Congo,5312,Area harvested,1312,2010,2010,ha,11956,I,Value imputed by a receiving agency,,Banana
QCL,Crops and livestock products,46,Congo,5412,Yield,1312,2010,2010,kg/ha,6951.7,E,Estimated value,,Banana
QCL,Crops and livestock products,46,Congo,5510,Production,1312,2010,2010,t,83115.27,I,Value imputed by a receiving agency,,Banana
QCL,Crops and livestock products,46,Congo,5312,Area harvested,1312,2011,2011,ha,11752,I,Value imputed by a receiving agency,,Banana
QCL,Crops and livestock products,46,Congo,5412,Yield,1312,2011,2011,kg/ha,7101.2,E,Estimated value,,Banana
QCL,Crops and livestock products,46,Congo,5510,Production,1312,2011,2011,t,83456.23,I,Value imputed by a receiving agency,,Banana
QCL,Crops and livestock products,46,Congo,5312,Area harvested,1312,2012,2012,ha,11617,I,Value imputed by a receiving agency,,Banana
QCL,Crops and livestock products,46,Congo,5412,Yield,1312,2012,2012,kg/ha,7082.5,E,Estimated value,,Banana
QCL,Crops and livestock products,46,Congo,5510,Production,1312,2012,2012,t,82280.28,I,Value imputed by a receiving agency,,Banana
QCL,Crops and livestock products,46,Congo,5312,Area harvested,1312,2013,2013,ha,11743,I,Value imputed by a receiving agency,,Banana
QCL,Crops and livestock products,46,Congo,5412,Yield,1312,2013,2013,kg/ha,7034.4,E,Estimated value,,Banana
QCL,Crops and livestock products,46,Congo,5510,Production,1312,2013,2013,t,82607.96,I,Value imputed by a receiving agency,,Banana
QCL,Crops and livestock products,46,Congo,5312,Area harvested,1312,2014,2014,ha,12046,I,Value imputed by a receiving agency,,Banana
QCL,Crops and livestock products,46,Congo,5412,Yield,1312,2014,2014,kg/ha,6889.4,E,Estimated value,,Banana
QCL,Crops and livestock products,46,Congo,5510,Production,1312,2014,2014,t,82986.49,I,Value imputed by a receiving agency,,Banana
QCL,Crops and livestock products,46,Congo,5312,Area harvested,1312,2015,2015,ha,12397,I,Value imputed by a receiving agency,,Banana
QCL,Crops and livestock products,46,Congo,5412,Yield,1312,2015,2015,kg/ha,6820.8,E,Estimated value,,Banana
QCL,Crops and livestock products,46,Congo,5510,Production,1312,2015,2015,t,84556.41,I,Value imputed by a receiving agency,,Banana
QCL,Crops and livestock products,46,Congo,5312,Area harvested,1312,2016,2016,ha,12062,E,Estimated value,,Banana
QCL,Crops and livestock products,46,Congo,5412,Yield,1312,2016,2016,kg/ha,7110.3,E,Estimated value,,Banana
QCL,Crops and livestock products,46,Congo,5510,Production,1312,2016,2016,t,85764.17,I,Value imputed by a receiving agency,,Banana
QCL,Crops and livestock products,46,Congo,5312,Area harvested,1312,2017,2017,ha,12277,I,Value imputed by a receiving agency,,Banana
QCL,Crops and livestock products,46,Congo,5412,Yield,1312,2017,2017,kg/ha,7009.2,E,Estimated value,,Banana
QCL,Crops and livestock products,46,Congo,5510,Production,1312,2017,2017,t,86049.2,I,Value imputed by a receiving agency,,Banana
QCL,Crops and livestock products,46,Congo,5312,Area harvested,1312,2018,2018,ha,12499,I,Value imputed by a receiving agency,,Banana
QCL,Crops and livestock products,46,Congo,5412,Yield,1312,2018,2018,kg/ha,6885.3,E,Estimated value,,Banana
QCL,Crops and livestock products,46,Congo,5510,Production,1312,2018,2018,t,86061.96,I,Value imputed by a receiving agency,,Banana
QCL,Crops and livestock products,46,Congo,5312,Area harvested,1312,2019,2019,ha,12607,I,Value imputed by a receiving agency,,Banana
QCL,Crops and livestock products,46,Congo,5412,Yield,1312,2019,2019,kg/ha,6820.6,E,Estimated value,,Banana
QCL,Crops and livestock products,46,Congo,5510,Production,1312,2019,2019,t,85984.91,I,Value imputed by a receiving agency,,Banana
QCL,Crops and livestock products,46,Congo,5312,Area harvested,1312,2020,2020,ha,12691,I,Value imputed by a receiving agency,,Banana
QCL,Crops and livestock products,46,Congo,5412,Yield,1312,2020,2020,kg/ha,6770.3,E,Estimated value,,Banana
QCL,Crops and livestock products,46,Congo,5510,Production,1312,2020,2020,t,85923.79,I,Value imputed by a receiving agency,,Banana
QCL,Crops and livestock products,46,Congo,5312,Area harvested,1312,2021,2021,ha,12682,I,Value imputed by a receiving agency,,Banana
QCL,Crops and livestock products,46,Congo,5412,Yield,1312,2021,2021,kg/ha,6807.2,E,Estimated value,,Banana
QCL,Crops and livestock products,46,Congo,5510,Production,1312,2021,2021,t,86328.85,I,Value imputed by a receiving agency,,Banana
QCL,Crops and livestock products,46,Congo,5312,Area harvested,1312,2022,2022,ha,12595,I,Value imputed by a receiving agency,,Banana
QCL,Crops and livestock products,46,Congo,5412,Yield,1312,2022,2022,kg/ha,6824.1,E,Estimated value,,Banana
QCL,Crops and livestock products,46,Congo,5510,Production,1312,2022,2022,t,85946.24,I,Value imputed by a receiving agency,,Banana
QCL,Crops and livestock products,46,Congo,5312,Area harvested,1312,2023,2023,ha,12644,I,Value imputed by a receiving agency,,Banana
QCL,Crops and livestock products,46,Congo,5412,Yield,1312,2023,2023,kg/ha,6809.3,E,Estimated value,,Banana
QCL,Crops and livestock products,46,Congo,5510,Production,1312,2023,2023,t,86099.9,I,Value imputed by a receiving agency,,Banana
QCL,Crops and livestock products,46,Congo,5312,Area harvested,1312,2024,2024,ha,12695,I,Value imputed by a receiving agency,,Banana
QCL,Crops and livestock products,46,Congo,5412,Yield,1312,2024,2024,kg/ha,6794.6,E,Estimated value,,Banana
QCL,Crops and livestock products,46,Congo,5510,Production,1312,2024,2024,t,86253.57,I,Value imputed by a receiving agency,,Banana
QCL,Crops and livestock products,47,Cook Islands,5312,Area harvested,1312,2010,2010,ha,10,I,Value imputed by a receiving agency,,Banana
QCL,Crops and livestock products,47,Cook Islands,5412,Yield,1312,2010,2010,kg/ha,4010.3,E,Estimated value,,Banana
QCL,Crops and livestock products,47,Cook Islands,5510,Production,1312,2010,2010,t,41.65,I,Value imputed by a receiving agency,,Banana
QCL,Crops and livestock products,47,Cook Islands,5312,Area harvested,1312,2011,2011,ha,9,I,Value imputed by a receiving agency,,Banana
QCL,Crops and livestock products,47,Cook Islands,5412,Yield,1312,2011,2011,kg/ha,3982.2,E,Estimated value,,Banana
QCL,Crops and livestock products,47,Cook Islands,5510,Production,1312,2011,2011,t,34.82,I,Value imputed by a receiving agency,,Banana
QCL,Crops and livestock products,47,Cook Islands,5312,Area harvested,1312,2012,2012,ha,8,I,Value imputed by a receiving agency,,Banana
QCL,Crops and livestock products,47,Cook Islands,5412,Yield,1312,2012,2012,kg/ha,3954.2,E,Estimated value,,Banana
QCL,Crops and livestock products,47,Cook Islands,5510,Production,1312,2012,2012,t,31.16,I,Value imputed by a receiving agency,,Banana
QCL,Crops and livestock products,47,Cook Islands,5312,Area harvested,1312,2013,2013,ha,7,I,Value imputed by a receiving agency,,Banana
QCL,Crops and livestock products,47,Cook Islands,5412,Yield,1312,2013,2013,kg/ha,3926.1,E,Estimated value,,Banana
QCL,Crops and livestock products,47,Cook Islands,5510,Production,1312,2013,2013,t,28.12,I,Value imputed by a receiving agency,,Banana
QCL,Crops and livestock products,47,Cook Islands,5312,Area harvested,1312,2014,2014,ha,6,I,Value imputed by a receiving agency,,Banana
QCL,Crops and livestock products,47,Cook Islands,5412,Yield,1312,2014,2014,kg/ha,3606.3,E,Estimated value,,Banana
QCL,Crops and livestock products,47,Cook Islands,5510,Production,1312,2014,2014,t,22.98,I,Value imputed by a receiving agency,,Banana
QCL,Crops and livestock products,47,Cook Islands,5312,Area harvested,1312,2015,2015,ha,5,I,Value imputed by a receiving agency,,Banana
QCL,Crops and livestock products,47,Cook Islands,5412,Yield,1312,2015,2015,kg/ha,3027.6,E,Estimated value,,Banana
QCL,Crops and livestock products,47,Cook Islands,5510,Production,1312,2015,2015,t,16.58,I,Value imputed by a receiving agency,,Banana
QCL,Crops and livestock products,47,Cook Islands,5312,Area harvested,1312,2016,2016,ha,4,I,Value imputed by a receiving agency,,Banana
QCL,Crops and livestock products,47,Cook Islands,5412,Yield,1312,2016,2016,kg/ha,2777.9,E,Estimated value,,Banana
QCL,Crops and livestock products,47,Cook Islands,5510,Production,1312,2016,2016,t,11.47,I,Value imputed by a receiving agency,,Banana
QCL,Crops and livestock products,47,Cook Islands,5312,Area harvested,1312,2017,2017,ha,3,I,Value imputed by a receiving agency,,Banana
QCL,Crops and livestock products,47,Cook Islands,5412,Yield,1312,2017,2017,kg/ha,2813.2,E,Estimated value,,Banana
QCL,Crops and livestock products,47,Cook Islands,5510,Production,1312,2017,2017,t,7.26,I,Value imputed by a receiving agency,,Banana
QCL,Crops and livestock products,47,Cook Islands,5312,Area harvested,1312,2018,2018,ha,2,I,Value imputed by a receiving agency,,Banana
QCL,Crops and livestock products,47,Cook Islands,5412,Yield,1312,2018,2018,kg/ha,2911.7,E,Estimated value,,Banana
QCL,Crops and livestock products,47,Cook Islands,5510,Production,1312,2018,2018,t,5,A,Official value,,Banana
QCL,Crops and livestock products,47,Cook Islands,5312,Area harvested,1312,2019,2019,ha,5,I,Value imputed by a receiving agency,,Banana
QCL,Crops and livestock products,47,Cook Islands,5412,Yield,1312,2019,2019,kg/ha,2995.9,E,Estimated value,,Banana
QCL,Crops and livestock products,47,Cook Islands,5510,Production,1312,2019,2019,t,14,A,Official value,,Banana
QCL,Crops and livestock products,47,Cook Islands,5312,Area harvested,1312,2020,2020,ha,3,E,Estimated value,,Banana
QCL,Crops and livestock products,47,Cook Islands,5412,Yield,1312,2020,2020,kg/ha,2927.2,E,Estimated value,,Banana
QCL,Crops and livestock products,47,Cook Islands,5510,Production,1312,2020,2020,t,8.75,E,Estimated value,,Banana
QCL,Crops and livestock products,47,Cook Islands,5312,Area harvested,1312,2021,2021,ha,3,E,Estimated value,,Banana
QCL,Crops and livestock products,47,Cook Islands,5412,Yield,1312,2021,2021,kg/ha,2958.6,E,Estimated value,,Banana
QCL,Crops and livestock products,47,Cook Islands,5510,Production,1312,2021,2021,t,9.25,E,Estimated value,,Banana
QCL,Crops and livestock products,47,Cook Islands,5312,Area harvested,1312,2022,2022,ha,4,E,Estimated value,,Banana
QCL,Crops and livestock products,47,Cook Islands,5412,Yield,1312,2022,2022,kg/ha,2966.1,E,Estimated value,,Banana
QCL,Crops and livestock products,47,Cook Islands,5510,Production,1312,2022,2022,t,10.67,E,Estimated value,,Banana
QCL,Crops and livestock products,47,Cook Islands,5312,Area harvested,1312,2023,2023,ha,3,E,Estimated value,,Banana
QCL,Crops and livestock products,47,Cook Islands,5412,Yield,1312,2023,2023,kg/ha,2951.7,E,Estimated value,,Banana
QCL,Crops and livestock products,47,Cook Islands,5510,Production,1312,2023,2023,t,9.56,E,Estimated value,,Banana
QCL,Crops and livestock products,47,Cook Islands,5312,Area harvested,1312,2024,2024,ha,3,E,Estimated value,,Banana
QCL,Crops and livestock products,47,Cook Islands,5412,Yield,1312,2024,2024,kg/ha,2959.1,E,Estimated value,,Banana
QCL,Crops and livestock products,47,Cook Islands,5510,Production,1312,2024,2024,t,9.83,E,Estimated value,,Banana
QCL,Crops and livestock products,48,Costa Rica,5312,Area harvested,1312,2010,2010,ha,43031,A,Official value,,Banana
QCL,Crops and livestock products,48,Costa Rica,5412,Yield,1312,2010,2010,kg/ha,46938.9,A,Official value,,Banana
QCL,Crops and livestock products,48,Costa Rica,5510,Production,1312,2010,2010,t,2019826,A,Official value,,Banana
QCL,Crops and livestock products,48,Costa Rica,5312,Area harvested,1312,2011,2011,ha,42017,A,Official value,,Banana
QCL,Crops and livestock products,48,Costa Rica,5412,Yield,1312,2011,2011,kg/ha,50579.6,A,Official value,,Banana
QCL,Crops and livestock products,48,Costa Rica,5510,Production,1312,2011,2011,t,2125201,A,Official value,,Banana
QCL,Crops and livestock products,48,Costa Rica,5312,Area harvested,1312,2012,2012,ha,41426,A,Official value,,Banana
QCL,Crops and livestock products,48,Costa Rica,5412,Yield,1312,2012,2012,kg/ha,56781.1,A,Official value,,Banana
QCL,Crops and livestock products,48,Costa Rica,5510,Production,1312,2012,2012,t,2352212,A,Official value,,Banana
QCL,Crops and livestock products,48,Costa Rica,5312,Area harvested,1312,2013,2013,ha,42841,A,Official value,,Banana
QCL,Crops and livestock products,48,Costa Rica,5412,Yield,1312,2013,2013,kg/ha,56442.8,A,Official value,,Banana
QCL,Crops and livestock products,48,Costa Rica,5510,Production,1312,2013,2013,t,2418064,A,Official value,,Banana
QCL,Crops and livestock products,48,Costa Rica,5312,Area harvested,1312,2014,2014,ha,42916,A,Official value,,Banana
QCL,Crops and livestock products,48,Costa Rica,5412,Yield,1312,2014,2014,kg/ha,56277.1,A,Official value,,Banana
QCL,Crops and livestock products,48,Costa Rica,5510,Production,1312,2014,2014,t,2415188,A,Official value,,Banana
QCL,Crops and livestock products,48,Costa Rica,5312,Area harvested,1312,2015,2015,ha,43024,A,Official value,,Banana
QCL,Crops and livestock products,48,Costa Rica,5412,Yield,1312,2015,2015,kg/ha,46675.2,A,Official value,,Banana
QCL,Crops and livestock products,48,Costa Rica,5510,Production,1312,2015,2015,t,2008155,A,Official value,,Banana
QCL,Crops and livestock products,48,Costa Rica,5312,Area harvested,1312,2016,2016,ha,42410,A,Official value,,Banana
QCL,Crops and livestock products,48,Costa Rica,5412,Yield,1312,2016,2016,kg/ha,57011.9,A,Official value,,Banana
QCL,Crops and livestock products,48,Costa Rica,5510,Production,1312,2016,2016,t,2417876,A,Official value,,Banana
QCL,Crops and livestock products,48,Costa Rica,5312,Area harvested,1312,2017,2017,ha,42857,A,Official value,,Banana
QCL,Crops and livestock products,48,Costa Rica,5412,Yield,1312,2017,2017,kg/ha,59643.9,A,Official value,,Banana
QCL,Crops and livestock products,48,Costa Rica,5510,Production,1312,2017,2017,t,2556158,A,Official value,,Banana
QCL,Crops and livestock products,48,Costa Rica,5312,Area harvested,1312,2018,2018,ha,49819,A,Official value,,Banana
QCL,Crops and livestock products,48,Costa Rica,5412,Yield,1312,2018,2018,kg/ha,52093.1,A,Official value,,Banana
QCL,Crops and livestock products,48,Costa Rica,5510,Production,1312,2018,2018,t,2595229.1,A,Official value,,Banana
QCL,Crops and livestock products,48,Costa Rica,5312,Area harvested,1312,2019,2019,ha,51622,A,Official value,,Banana
QCL,Crops and livestock products,48,Costa Rica,5412,Yield,1312,2019,2019,kg/ha,43574.8,A,Official value,,Banana
QCL,Crops and livestock products,48,Costa Rica,5510,Production,1312,2019,2019,t,2249400.3,A,Official value,,Banana
QCL,Crops and livestock products,48,Costa Rica,5312,Area harvested,1312,2020,2020,ha,53975,A,Official value,,Banana
QCL,Crops and livestock products,48,Costa Rica,5412,Yield,1312,2020,2020,kg/ha,48599.7,A,Official value,,Banana
QCL,Crops and livestock products,48,Costa Rica,5510,Production,1312,2020,2020,t,2623168,A,Official value,,Banana
QCL,Crops and livestock products,48,Costa Rica,5312,Area harvested,1312,2021,2021,ha,46763,A,Official value,,Banana
QCL,Crops and livestock products,48,Costa Rica,5412,Yield,1312,2021,2021,kg/ha,54965.1,A,Official value,,Banana
QCL,Crops and livestock products,48,Costa Rica,5510,Production,1312,2021,2021,t,2570333,A,Official value,,Banana
QCL,Crops and livestock products,48,Costa Rica,5312,Area harvested,1312,2022,2022,ha,45137,A,Official value,,Banana
QCL,Crops and livestock products,48,Costa Rica,5412,Yield,1312,2022,2022,kg/ha,54352.7,A,Official value,,Banana
QCL,Crops and livestock products,48,Costa Rica,5510,Production,1312,2022,2022,t,2453295.4,A,Official value,,Banana
QCL,Crops and livestock products,48,Costa Rica,5312,Area harvested,1312,2023,2023,ha,46366,A,Official value,,Banana
QCL,Crops and livestock products,48,Costa Rica,5412,Yield,1312,2023,2023,kg/ha,59760.8,A,Official value,,Banana
QCL,Crops and livestock products,48,Costa Rica,5510,Production,1312,2023,2023,t,2770876.85,A,Official value,,Banana
QCL,Crops and livestock products,48,Costa Rica,5312,Area harvested,1312,2024,2024,ha,45868,A,Official value,,Banana
QCL,Crops and livestock products,48,Costa Rica,5412,Yield,1312,2024,2024,kg/ha,57338.5,A,Official value,,Banana
QCL,Crops and livestock products,48,Costa Rica,5510,Production,1312,2024,2024,t,2630019.89,A,Official value,,Banana
QCL,Crops and livestock products,107,Côte d'Ivoire,5312,Area harvested,1312,2010,2010,ha,7760,I,Value imputed by a receiving agency,,Banana
QCL,Crops and livestock products,107,Côte d'Ivoire,5412,Yield,1312,2010,2010,kg/ha,40501,E,Estimated value,,Banana
QCL,Crops and livestock products,107,Côte d'Ivoire,5510,Production,1312,2010,2010,t,314270,A,Official value,,Banana
QCL,Crops and livestock products,107,Côte d'Ivoire,5312,Area harvested,1312,2011,2011,ha,6677,I,Value imputed by a receiving agency,,Banana
QCL,Crops and livestock products,107,Côte d'Ivoire,5412,Yield,1312,2011,2011,kg/ha,45306.9,E,Estimated value,,Banana
QCL,Crops and livestock products,107,Côte d'Ivoire,5510,Production,1312,2011,2011,t,302500,A,Official value,,Banana
QCL,Crops and livestock products,107,Côte d'Ivoire,5312,Area harvested,1312,2012,2012,ha,7263,I,Value imputed by a receiving agency,,Banana
QCL,Crops and livestock products,107,Côte d'Ivoire,5412,Yield,1312,2012,2012,kg/ha,44954,E,Estimated value,,Banana
QCL,Crops and livestock products,107,Côte d'Ivoire,5510,Production,1312,2012,2012,t,326500,A,Official value,,Banana
QCL,Crops and livestock products,107,Côte d'Ivoire,5312,Area harvested,1312,2013,2013,ha,7722,I,Value imputed by a receiving agency,,Banana
QCL,Crops and livestock products,107,Côte d'Ivoire,5412,Yield,1312,2013,2013,kg/ha,44828.9,E,Estimated value,,Banana
QCL,Crops and livestock products,107,Côte d'Ivoire,5510,Production,1312,2013,2013,t,346165.45,I,Value imputed by a receiving agency,,Banana
QCL,Crops and livestock products,107,Côte d'Ivoire,5312,Area harvested,1312,2014,2014,ha,8001,I,Value imputed by a receiving agency,,Banana
QCL,Crops and livestock products,107,Côte d'Ivoire,5412,Yield,1312,2014,2014,kg/ha,44634.5,E,Estimated value,,Banana
QCL,Crops and livestock products,107,Côte d'Ivoire,5510,Production,1312,2014,2014,t,357100,E,Estimated value,,Banana
QCL,Crops and livestock products,107,Côte d'Ivoire,5312,Area harvested,1312,2015,2015,ha,8319,I,Value imputed by a receiving agency,,Banana
QCL,Crops and livestock products,107,Côte d'Ivoire,5412,Yield,1312,2015,2015,kg/ha,44458.5,E,Estimated value,,Banana
QCL,Crops and livestock products,107,Côte d'Ivoire,5510,Production,1312,2015,2015,t,369849.15,I,Value imputed by a receiving agency,,Banana
QCL,Crops and livestock products,107,Côte d'Ivoire,5312,Area harvested,1312,2016,2016,ha,8924,I,Value imputed by a receiving agency,,Banana
QCL,Crops and livestock products,107,Côte d'Ivoire,5412,Yield,1312,2016,2016,kg/ha,44442,E,Estimated value,,Banana
QCL,Crops and livestock products,107,Côte d'Ivoire,5510,Production,1312,2016,2016,t,396600,E,Estimated value,,Banana
QCL,Crops and livestock products,107,Côte d'Ivoire,5312,Area harvested,1312,2017,2017,ha,9012,I,Value imputed by a receiving agency,,Banana
QCL,Crops and livestock products,107,Côte d'Ivoire,5412,Yield,1312,2017,2017,kg/ha,44386.8,E,Estimated value,,Banana
QCL,Crops and livestock products,107,Côte d'Ivoire,5510,Production,1312,2017,2017,t,400000,A,Official value,,Banana
QCL,Crops and livestock products,107,Côte d'Ivoire,5312,Area harvested,1312,2018,2018,ha,6076,I,Value imputed by a receiving agency,,Banana
QCL,Crops and livestock products,107,Côte d'Ivoire,5412,Yield,1312,2018,2018,kg/ha,44436.5,E,Estimated value,,Banana
QCL,Crops and livestock products,107,Côte d'Ivoire,5510,Production,1312,2018,2018,t,270000,A,Official value,,Banana
QCL,Crops and livestock products,107,Côte d'Ivoire,5312,Area harvested,1312,2019,2019,ha,11229,I,Value imputed by a receiving agency,,Banana
QCL,Crops and livestock products,107,Côte d'Ivoire,5412,Yield,1312,2019,2019,kg/ha,44491.9,E,Estimated value,,Banana
QCL,Crops and livestock products,107,Côte d'Ivoire,5510,Production,1312,2019,2019,t,499600,A,Official value,,Banana
QCL,Crops and livestock products,107,Côte d'Ivoire,5312,Area harvested,1312,2020,2020,ha,14093,I,Value imputed by a receiving agency,,Banana
QCL,Crops and livestock products,107,Côte d'Ivoire,5412,Yield,1312,2020,2020,kg/ha,44417,E,Estimated value,,Banana
QCL,Crops and livestock products,107,Côte d'Ivoire,5510,Production,1312,2020,2020,t,625980.5,A,Official value,,Banana
QCL,Crops and livestock products,107,Côte d'Ivoire,5312,Area harvested,1312,2021,2021,ha,12115,I,Value imputed by a receiving agency,,Banana
QCL,Crops and livestock products,107,Côte d'Ivoire,5412,Yield,1312,2021,2021,kg/ha,44286.5,E,Estimated value,,Banana
QCL,Crops and livestock products,107,Côte d'Ivoire,5510,Production,1312,2021,2021,t,536522,A,Official value,,Banana
QCL,Crops and livestock products,107,Côte d'Ivoire,5312,Area harvested,1312,2022,2022,ha,10943,I,Value imputed by a receiving agency,,Banana
QCL,Crops and livestock products,107,Côte d'Ivoire,5412,Yield,1312,2022,2022,kg/ha,44189.5,E,Estimated value,,Banana
QCL,Crops and livestock products,107,Côte d'Ivoire,5510,Production,1312,2022,2022,t,483585.12,I,Value imputed by a receiving agency,,Banana
QCL,Crops and livestock products,107,Côte d'Ivoire,5312,Area harvested,1312,2023,2023,ha,11644,I,Value imputed by a receiving agency,,Banana
QCL,Crops and livestock products,107,Côte d'Ivoire,5412,Yield,1312,2023,2023,kg/ha,44196.4,E,Estimated value,,Banana
QCL,Crops and livestock products,107,Côte d'Ivoire,5510,Production,1312,2023,2023,t,514636.46,I,Value imputed by a receiving agency,,Banana
QCL,Crops and livestock products,107,Côte d'Ivoire,5312,Area harvested,1312,2024,2024,ha,12086,I,Value imputed by a receiving agency,,Banana
QCL,Crops and livestock products,107,Côte d'Ivoire,5412,Yield,1312,2024,2024,kg/ha,44203.4,E,Estimated value,,Banana
QCL,Crops and livestock products,107,Côte d'Ivoire,5510,Production,1312,2024,2024,t,534242.85,I,Value imputed by a receiving agency,,Banana
QCL,Crops and livestock products,98,Croatia,5312,Area harvested,1312,2018,2018,ha,0,A,Official value,,Banana
QCL,Crops and livestock products,98,Croatia,5510,Production,1312,2018,2018,t,0,A,Official value,,Banana
QCL,Crops and livestock products,98,Croatia,5312,Area harvested,1312,2019,2019,ha,0,A,Official value,,Banana
QCL,Crops and livestock products,98,Croatia,5510,Production,1312,2019,2019,t,0,A,Official value,,Banana
QCL,Crops and livestock products,98,Croatia,5312,Area harvested,1312,2020,2020,ha,0,A,Official value,,Banana
QCL,Crops and livestock products,98,Croatia,5510,Production,1312,2020,2020,t,0,A,Official value,,Banana
QCL,Crops and livestock products,98,Croatia,5312,Area harvested,1312,2021,2021,ha,0,A,Official value,,Banana
QCL,Crops and livestock products,98,Croatia,5510,Production,1312,2021,2021,t,0,A,Official value,,Banana
QCL,Crops and livestock products,98,Croatia,5312,Area harvested,1312,2022,2022,ha,0,A,Official value,,Banana
QCL,Crops and livestock products,98,Croatia,5510,Production,1312,2022,2022,t,0,A,Official value,,Banana
QCL,Crops and livestock products,98,Croatia,5312,Area harvested,1312,2023,2023,ha,0,A,Official value,,Banana
QCL,Crops and livestock products,98,Croatia,5510,Production,1312,2023,2023,t,0,A,Official value,,Banana
QCL,Crops and livestock products,98,Croatia,5312,Area harvested,1312,2024,2024,ha,0,A,Official value,,Banana
QCL,Crops and livestock products,98,Croatia,5510,Production,1312,2024,2024,t,0,A,Official value,,Banana
QCL,Crops and livestock products,49,Cuba,5312,Area harvested,1312,2010,2010,ha,27152,A,Official value,,Banana
QCL,Crops and livestock products,49,Cuba,5412,Yield,1312,2010,2010,kg/ha,9178,A,Official value,,Banana
QCL,Crops and livestock products,49,Cuba,5510,Production,1312,2010,2010,t,249200,A,Official value,,Banana
QCL,Crops and livestock products,49,Cuba,5312,Area harvested,1312,2011,2011,ha,28474,A,Official value,,Banana
QCL,Crops and livestock products,49,Cuba,5412,Yield,1312,2011,2011,kg/ha,8779.9,A,Official value,,Banana
QCL,Crops and livestock products,49,Cuba,5510,Production,1312,2011,2011,t,250000,A,Official value,,Banana
QCL,Crops and livestock products,49,Cuba,5312,Area harvested,1312,2012,2012,ha,18135,A,Official value,,Banana
QCL,Crops and livestock products,49,Cuba,5412,Yield,1312,2012,2012,kg/ha,10780,A,Official value,,Banana
QCL,Crops and livestock products,49,Cuba,5510,Production,1312,2012,2012,t,195496,A,Official value,,Banana
QCL,Crops and livestock products,49,Cuba,5312,Area harvested,1312,2013,2013,ha,13638,A,Official value,,Banana
QCL,Crops and livestock products,49,Cuba,5412,Yield,1312,2013,2013,kg/ha,11023.3,A,Official value,,Banana
QCL,Crops and livestock products,49,Cuba,5510,Production,1312,2013,2013,t,150336,A,Official value,,Banana
QCL,Crops and livestock products,49,Cuba,5312,Area harvested,1312,2014,2014,ha,14559,A,Official value,,Banana
QCL,Crops and livestock products,49,Cuba,5412,Yield,1312,2014,2014,kg/ha,13958.7,A,Official value,,Banana
QCL,Crops and livestock products,49,Cuba,5510,Production,1312,2014,2014,t,203225,A,Official value,,Banana
QCL,Crops and livestock products,49,Cuba,5312,Area harvested,1312,2015,2015,ha,21775,A,Official value,,Banana
QCL,Crops and livestock products,49,Cuba,5412,Yield,1312,2015,2015,kg/ha,10767.9,A,Official value,,Banana
QCL,Crops and livestock products,49,Cuba,5510,Production,1312,2015,2015,t,234471,A,Official value,,Banana
QCL,Crops and livestock products,49,Cuba,5312,Area harvested,1312,2016,2016,ha,24548,A,Official value,,Banana
QCL,Crops and livestock products,49,Cuba,5412,Yield,1312,2016,2016,kg/ha,12142.8,A,Official value,,Banana
QCL,Crops and livestock products,49,Cuba,5510,Production,1312,2016,2016,t,298081,A,Official value,,Banana
QCL,Crops and livestock products,49,Cuba,5312,Area harvested,1312,2017,2017,ha,24046,A,Official value,,Banana
QCL,Crops and livestock products,49,Cuba,5412,Yield,1312,2017,2017,kg/ha,12290,A,Official value,,Banana
QCL,Crops and livestock products,49,Cuba,5510,Production,1312,2017,2017,t,295526,A,Official value,,Banana
QCL,Crops and livestock products,49,Cuba,5312,Area harvested,1312,2018,2018,ha,22289,A,Official value,,Banana
QCL,Crops and livestock products,49,Cuba,5412,Yield,1312,2018,2018,kg/ha,12200,A,Official value,,Banana
QCL,Crops and livestock products,49,Cuba,5510,Production,1312,2018,2018,t,271925,A,Official value,,Banana
QCL,Crops and livestock products,49,Cuba,5312,Area harvested,1312,2019,2019,ha,39841,A,Official value,,Banana
QCL,Crops and livestock products,49,Cuba,5412,Yield,1312,2019,2019,kg/ha,7104.4,A,Official value,,Banana
QCL,Crops and livestock products,49,Cuba,5510,Production,1312,2019,2019,t,283047,A,Official value,,Banana
QCL,Crops and livestock products,49,Cuba,5312,Area harvested,1312,2020,2020,ha,36095,A,Official value,,Banana
QCL,Crops and livestock products,49,Cuba,5412,Yield,1312,2020,2020,kg/ha,7297.6,A,Official value,,Banana
QCL,Crops and livestock products,49,Cuba,5510,Production,1312,2020,2020,t,263405.4,A,Official value,,Banana
QCL,Crops and livestock products,49,Cuba,5312,Area harvested,1312,2021,2021,ha,35378,A,Official value,,Banana
QCL,Crops and livestock products,49,Cuba,5412,Yield,1312,2021,2021,kg/ha,6839.8,A,Official value,,Banana
QCL,Crops and livestock products,49,Cuba,5510,Production,1312,2021,2021,t,241978,A,Official value,,Banana
QCL,Crops and livestock products,49,Cuba,5312,Area harvested,1312,2022,2022,ha,29982,A,Official value,,Banana
QCL,Crops and livestock products,49,Cuba,5412,Yield,1312,2022,2022,kg/ha,7916.5,A,Official value,,Banana
QCL,Crops and livestock products,49,Cuba,5510,Production,1312,2022,2022,t,237354.44,A,Official value,,Banana
QCL,Crops and livestock products,49,Cuba,5312,Area harvested,1312,2023,2023,ha,13170,A,Official value,,Banana
QCL,Crops and livestock products,49,Cuba,5412,Yield,1312,2023,2023,kg/ha,6575.9,A,Official value,,Banana
QCL,Crops and livestock products,49,Cuba,5510,Production,1312,2023,2023,t,86605,A,Official value,,Banana
QCL,Crops and livestock products,49,Cuba,5312,Area harvested,1312,2024,2024,ha,21365,I,Value imputed by a receiving agency,,Banana
QCL,Crops and livestock products,49,Cuba,5412,Yield,1312,2024,2024,kg/ha,7299.5,E,Estimated value,,Banana
QCL,Crops and livestock products,49,Cuba,5510,Production,1312,2024,2024,t,155957.02,I,Value imputed by a receiving agency,,Banana
QCL,Crops and livestock products,50,Cyprus,5312,Area harvested,1312,2010,2010,ha,233,A,Official value,,Banana
QCL,Crops and livestock products,50,Cyprus,5412,Yield,1312,2010,2010,kg/ha,25794,A,Official value,,Banana
QCL,Crops and livestock products,50,Cyprus,5510,Production,1312,2010,2010,t,6010,A,Official value,,Banana
QCL,Crops and livestock products,50,Cyprus,5312,Area harvested,1312,2011,2011,ha,238,A,Official value,,Banana
QCL,Crops and livestock products,50,Cyprus,5412,Yield,1312,2011,2011,kg/ha,25226.9,A,Official value,,Banana
QCL,Crops and livestock products,50,Cyprus,5510,Production,1312,2011,2011,t,6004,A,Official value,,Banana
QCL,Crops and livestock products,50,Cyprus,5312,Area harvested,1312,2012,2012,ha,234,A,Official value,,Banana
QCL,Crops and livestock products,50,Cyprus,5412,Yield,1312,2012,2012,kg/ha,25649.6,A,Official value,,Banana
QCL,Crops and livestock products,50,Cyprus,5510,Production,1312,2012,2012,t,6002,A,Official value,,Banana
QCL,Crops and livestock products,50,Cyprus,5312,Area harvested,1312,2013,2013,ha,206,A,Official value,,Banana
QCL,Crops and livestock products,50,Cyprus,5412,Yield,1312,2013,2013,kg/ha,27893.2,A,Official value,,Banana
QCL,Crops and livestock products,50,Cyprus,5510,Production,1312,2013,2013,t,5746,A,Official value,,Banana
QCL,Crops and livestock products,50,Cyprus,5312,Area harvested,1312,2014,2014,ha,220,A,Official value,,Banana
QCL,Crops and livestock products,50,Cyprus,5412,Yield,1312,2014,2014,kg/ha,27300,A,Official value,,Banana
QCL,Crops and livestock products,50,Cyprus,5510,Production,1312,2014,2014,t,6006,A,Official value,,Banana
QCL,Crops and livestock products,50,Cyprus,5312,Area harvested,1312,2015,2015,ha,200,A,Official value,,Banana
QCL,Crops and livestock products,50,Cyprus,5412,Yield,1312,2015,2015,kg/ha,27300,A,Official value,,Banana
QCL,Crops and livestock products,50,Cyprus,5510,Production,1312,2015,2015,t,5460,A,Official value,,Banana
QCL,Crops and livestock products,50,Cyprus,5312,Area harvested,1312,2016,2016,ha,287,A,Official value,,Banana
QCL,Crops and livestock products,50,Cyprus,5412,Yield,1312,2016,2016,kg/ha,26236.9,A,Official value,,Banana
QCL,Crops and livestock products,50,Cyprus,5510,Production,1312,2016,2016,t,7530,A,Official value,,Banana
QCL,Crops and livestock products,50,Cyprus,5312,Area harvested,1312,2017,2017,ha,211,A,Official value,,Banana
QCL,Crops and livestock products,50,Cyprus,5412,Yield,1312,2017,2017,kg/ha,27687.2,A,Official value,,Banana
QCL,Crops and livestock products,50,Cyprus,5510,Production,1312,2017,2017,t,5842,A,Official value,,Banana
QCL,Crops and livestock products,50,Cyprus,5312,Area harvested,1312,2018,2018,ha,220,A,Official value,,Banana
QCL,Crops and livestock products,50,Cyprus,5412,Yield,1312,2018,2018,kg/ha,26318.2,A,Official value,,Banana
QCL,Crops and livestock products,50,Cyprus,5510,Production,1312,2018,2018,t,5790,A,Official value,,Banana
QCL,Crops and livestock products,50,Cyprus,5312,Area harvested,1312,2019,2019,ha,210,A,Official value,,Banana
QCL,Crops and livestock products,50,Cyprus,5412,Yield,1312,2019,2019,kg/ha,25428.6,A,Official value,,Banana
QCL,Crops and livestock products,50,Cyprus,5510,Production,1312,2019,2019,t,5340,A,Official value,,Banana
QCL,Crops and livestock products,50,Cyprus,5312,Area harvested,1312,2020,2020,ha,220,A,Official value,,Banana
QCL,Crops and livestock products,50,Cyprus,5412,Yield,1312,2020,2020,kg/ha,27590.9,A,Official value,,Banana
QCL,Crops and livestock products,50,Cyprus,5510,Production,1312,2020,2020,t,6070,A,Official value,,Banana
QCL,Crops and livestock products,50,Cyprus,5312,Area harvested,1312,2021,2021,ha,210,A,Official value,,Banana
QCL,Crops and livestock products,50,Cyprus,5412,Yield,1312,2021,2021,kg/ha,26238.1,A,Official value,,Banana
QCL,Crops and livestock products,50,Cyprus,5510,Production,1312,2021,2021,t,5510,A,Official value,,Banana
QCL,Crops and livestock products,50,Cyprus,5312,Area harvested,1312,2022,2022,ha,220,A,Official value,,Banana
QCL,Crops and livestock products,50,Cyprus,5412,Yield,1312,2022,2022,kg/ha,26681.8,A,Official value,,Banana
QCL,Crops and livestock products,50,Cyprus,5510,Production,1312,2022,2022,t,5870,A,Official value,,Banana
QCL,Crops and livestock products,50,Cyprus,5312,Area harvested,1312,2023,2023,ha,230,A,Official value,,Banana
QCL,Crops and livestock products,50,Cyprus,5412,Yield,1312,2023,2023,kg/ha,28391.3,A,Official value,,Banana
QCL,Crops and livestock products,50,Cyprus,5510,Production,1312,2023,2023,t,6530,A,Official value,,Banana
QCL,Crops and livestock products,50,Cyprus,5312,Area harvested,1312,2024,2024,ha,220,A,Official value,,Banana
QCL,Crops and livestock products,50,Cyprus,5412,Yield,1312,2024,2024,kg/ha,26681.8,A,Official value,,Banana
QCL,Crops and livestock products,50,Cyprus,5510,Production,1312,2024,2024,t,5870,A,Official value,,Banana
QCL,Crops and livestock products,167,Czechia,5312,Area harvested,1312,2018,2018,ha,0,A,Official value,,Banana
QCL,Crops and livestock products,167,Czechia,5510,Production,1312,2018,2018,t,0,A,Official value,,Banana
QCL,Crops and livestock products,167,Czechia,5312,Area harvested,1312,2019,2019,ha,0,A,Official value,,Banana
QCL,Crops and livestock products,167,Czechia,5510,Production,1312,2019,2019,t,0,A,Official value,,Banana
QCL,Crops and livestock products,167,Czechia,5312,Area harvested,1312,2020,2020,ha,0,A,Official value,,Banana
QCL,Crops and livestock products,167,Czechia,5510,Production,1312,2020,2020,t,0,A,Official value,,Banana
QCL,Crops and livestock products,167,Czechia,5312,Area harvested,1312,2021,2021,ha,0,A,Official value,,Banana
QCL,Crops and livestock products,167,Czechia,5510,Production,1312,2021,2021,t,0,A,Official value,,Banana
QCL,Crops and livestock products,167,Czechia,5312,Area harvested,1312,2022,2022,ha,0,A,Official value,,Banana
QCL,Crops and livestock products,167,Czechia,5510,Production,1312,2022,2022,t,0,A,Official value,,Banana
QCL,Crops and livestock products,167,Czechia,5312,Area harvested,1312,2023,2023,ha,0,A,Official value,,Banana
QCL,Crops and livestock products,167,Czechia,5510,Production,1312,2023,2023,t,0,A,Official value,,Banana
QCL,Crops and livestock products,167,Czechia,5312,Area harvested,1312,2024,2024,ha,0,A,Official value,,Banana
QCL,Crops and livestock products,167,Czechia,5510,Production,1312,2024,2024,t,0,A,Official value,,Banana
QCL,Crops and livestock products,250,Democratic Republic of the Congo,5312,Area harvested,1312,2010,2010,ha,199347,I,Value imputed by a receiving agency,,Banana
QCL,Crops and livestock products,250,Democratic Republic of the Congo,5412,Yield,1312,2010,2010,kg/ha,3743.6,E,Estimated value,,Banana
QCL,Crops and livestock products,250,Democratic Republic of the Congo,5510,Production,1312,2010,2010,t,746280,A,Official value,,Banana
QCL,Crops and livestock products,250,Democratic Republic of the Congo,5312,Area harvested,1312,2011,2011,ha,204694,I,Value imputed by a receiving agency,,Banana
QCL,Crops and livestock products,250,Democratic Republic of the Congo,5412,Yield,1312,2011,2011,kg/ha,3747.8,E,Estimated value,,Banana
QCL,Crops and livestock products,250,Democratic Republic of the Congo,5510,Production,1312,2011,2011,t,767160,A,Official value,,Banana
QCL,Crops and livestock products,250,Democratic Republic of the Congo,5312,Area harvested,1312,2012,2012,ha,210302,I,Value imputed by a receiving agency,,Banana
QCL,Crops and livestock products,250,Democratic Republic of the Congo,5412,Yield,1312,2012,2012,kg/ha,3749.4,E,Estimated value,,Banana
QCL,Crops and livestock products,250,Democratic Republic of the Congo,5510,Production,1312,2012,2012,t,788515,A,Official value,,Banana
QCL,Crops and livestock products,250,Democratic Republic of the Congo,5312,Area harvested,1312,2013,2013,ha,215903,I,Value imputed by a receiving agency,,Banana
QCL,Crops and livestock products,250,Democratic Republic of the Congo,5412,Yield,1312,2013,2013,kg/ha,3752.3,E,Estimated value,,Banana
QCL,Crops and livestock products,250,Democratic Republic of the Congo,5510,Production,1312,2013,2013,t,810121,A,Official value,,Banana
QCL,Crops and livestock products,250,Democratic Republic of the Congo,5312,Area harvested,1312,2014,2014,ha,221640,I,Value imputed by a receiving agency,,Banana
QCL,Crops and livestock products,250,Democratic Republic of the Congo,5412,Yield,1312,2014,2014,kg/ha,3755.1,E,Estimated value,,Banana
QCL,Crops and livestock products,250,Democratic Republic of the Congo,5510,Production,1312,2014,2014,t,832272,A,Official value,,Banana
QCL,Crops and livestock products,250,Democratic Republic of the Congo,5312,Area harvested,1312,2015,2015,ha,221884,I,Value imputed by a receiving agency,,Banana
QCL,Crops and livestock products,250,Democratic Republic of the Congo,5412,Yield,1312,2015,2015,kg/ha,3757.9,E,Estimated value,,Banana
QCL,Crops and livestock products,250,Democratic Republic of the Congo,5510,Production,1312,2015,2015,t,833809,A,Official value,,Banana
QCL,Crops and livestock products,250,Democratic Republic of the Congo,5312,Area harvested,1312,2016,2016,ha,216072,I,Value imputed by a receiving agency,,Banana
QCL,Crops and livestock products,250,Democratic Republic of the Congo,5412,Yield,1312,2016,2016,kg/ha,3760.7,E,Estimated value,,Banana
QCL,Crops and livestock products,250,Democratic Republic of the Congo,5510,Production,1312,2016,2016,t,812575,A,Official value,,Banana
QCL,Crops and livestock products,250,Democratic Republic of the Congo,5312,Area harvested,1312,2017,2017,ha,216259,I,Value imputed by a receiving agency,,Banana
QCL,Crops and livestock products,250,Democratic Republic of the Congo,5412,Yield,1312,2017,2017,kg/ha,3763.5,E,Estimated value,,Banana
QCL,Crops and livestock products,250,Democratic Republic of the Congo,5510,Production,1312,2017,2017,t,813883,A,Official value,,Banana
QCL,Crops and livestock products,250,Democratic Republic of the Congo,5312,Area harvested,1312,2018,2018,ha,213734,I,Value imputed by a receiving agency,,Banana
QCL,Crops and livestock products,250,Democratic Republic of the Congo,5412,Yield,1312,2018,2018,kg/ha,3758.5,E,Estimated value,,Banana
QCL,Crops and livestock products,250,Democratic Republic of the Congo,5510,Production,1312,2018,2018,t,803310,A,Official value,,Banana
QCL,Crops and livestock products,250,Democratic Republic of the Congo,5312,Area harvested,1312,2019,2019,ha,214155,I,Value imputed by a receiving agency,,Banana
QCL,Crops and livestock products,250,Democratic Republic of the Congo,5412,Yield,1312,2019,2019,kg/ha,3757.1,E,Estimated value,,Banana
QCL,Crops and livestock products,250,Democratic Republic of the Congo,5510,Production,1312,2019,2019,t,804591,A,Official value,,Banana
QCL,Crops and livestock products,250,Democratic Republic of the Congo,5312,Area harvested,1312,2020,2020,ha,214536,I,Value imputed by a receiving agency,,Banana
QCL,Crops and livestock products,250,Democratic Republic of the Congo,5412,Yield,1312,2020,2020,kg/ha,3756.4,E,Estimated value,,Banana
QCL,Crops and livestock products,250,Democratic Republic of the Congo,5510,Production,1312,2020,2020,t,805873,A,Official value,,Banana
QCL,Crops and livestock products,250,Democratic Republic of the Congo,5312,Area harvested,1312,2021,2021,ha,214857,I,Value imputed by a receiving agency,,Banana
QCL,Crops and livestock products,250,Democratic Republic of the Congo,5412,Yield,1312,2021,2021,kg/ha,3756.7,E,Estimated value,,Banana
QCL,Crops and livestock products,250,Democratic Republic of the Congo,5510,Production,1312,2021,2021,t,807157,A,Official value,,Banana
QCL,Crops and livestock products,250,Democratic Republic of the Congo,5312,Area harvested,1312,2022,2022,ha,215329,I,Value imputed by a receiving agency,,Banana
QCL,Crops and livestock products,250,Democratic Republic of the Congo,5412,Yield,1312,2022,2022,kg/ha,3754.5,E,Estimated value,,Banana
QCL,Crops and livestock products,250,Democratic Republic of the Congo,5510,Production,1312,2022,2022,t,808443,A,Official value,,Banana
QCL,Crops and livestock products,250,Democratic Republic of the Congo,5312,Area harvested,1312,2023,2023,ha,215620,I,Value imputed by a receiving agency,,Banana
QCL,Crops and livestock products,250,Democratic Republic of the Congo,5412,Yield,1312,2023,2023,kg/ha,3755.4,E,Estimated value,,Banana
QCL,Crops and livestock products,250,Democratic Republic of the Congo,5510,Production,1312,2023,2023,t,809731,A,Official value,,Banana
QCL,Crops and livestock products,250,Democratic Republic of the Congo,5312,Area harvested,1312,2024,2024,ha,215911,I,Value imputed by a receiving agency,,Banana
QCL,Crops and livestock products,250,Democratic Republic of the Congo,5412,Yield,1312,2024,2024,kg/ha,3756.3,E,Estimated value,,Banana
QCL,Crops and livestock products,250,Democratic Republic of the Congo,5510,Production,1312,2024,2024,t,811021,A,Official value,,Banana
QCL,Crops and livestock products,54,Denmark,5312,Area harvested,1312,2018,2018,ha,0,A,Official value,,Banana
QCL,Crops and livestock products,54,Denmark,5510,Production,1312,2018,2018,t,0,A,Official value,,Banana
QCL,Crops and livestock products,54,Denmark,5312,Area harvested,1312,2019,2019,ha,0,A,Official value,,Banana
QCL,Crops and livestock products,54,Denmark,5510,Production,1312,2019,2019,t,0,A,Official value,,Banana
QCL,Crops and livestock products,54,Denmark,5312,Area harvested,1312,2020,2020,ha,0,A,Official value,,Banana
QCL,Crops and livestock products,54,Denmark,5510,Production,1312,2020,2020,t,0,A,Official value,,Banana
QCL,Crops and livestock products,54,Denmark,5312,Area harvested,1312,2021,2021,ha,0,A,Official value,,Banana
QCL,Crops and livestock products,54,Denmark,5510,Production,1312,2021,2021,t,0,A,Official value,,Banana
QCL,Crops and livestock products,54,Denmark,5312,Area harvested,1312,2022,2022,ha,0,A,Official value,,Banana
QCL,Crops and livestock products,54,Denmark,5510,Production,1312,2022,2022,t,0,A,Official value,,Banana
QCL,Crops and livestock products,54,Denmark,5312,Area harvested,1312,2023,2023,ha,0,A,Official value,,Banana
QCL,Crops and livestock products,54,Denmark,5510,Production,1312,2023,2023,t,0,A,Official value,,Banana
QCL,Crops and livestock products,54,Denmark,5312,Area harvested,1312,2024,2024,ha,0,A,Official value,,Banana
QCL,Crops and livestock products,54,Denmark,5510,Production,1312,2024,2024,t,0,A,Official value,,Banana
QCL,Crops and livestock products,55,Dominica,5312,Area harvested,1312,2010,2010,ha,977,I,Value imputed by a receiving agency,,Banana
QCL,Crops and livestock products,55,Dominica,5412,Yield,1312,2010,2010,kg/ha,14594.3,E,Estimated value,,Banana
QCL,Crops and livestock products,55,Dominica,5510,Production,1312,2010,2010,t,14264,A,Official value,,Banana
QCL,Crops and livestock products,55,Dominica,5312,Area harvested,1312,2011,2011,ha,1186,I,Value imputed by a receiving agency,,Banana
QCL,Crops and livestock products,55,Dominica,5412,Yield,1312,2011,2011,kg/ha,14616.8,E,Estimated value,,Banana
QCL,Crops and livestock products,55,Dominica,5510,Production,1312,2011,2011,t,17338,A,Official value,,Banana
QCL,Crops and livestock products,55,Dominica,5312,Area harvested,1312,2012,2012,ha,986,I,Value imputed by a receiving agency,,Banana
QCL,Crops and livestock products,55,Dominica,5412,Yield,1312,2012,2012,kg/ha,14639.2,E,Estimated value,,Banana
QCL,Crops and livestock products,55,Dominica,5510,Production,1312,2012,2012,t,14441,A,Official value,,Banana
QCL,Crops and livestock products,55,Dominica,5312,Area harvested,1312,2013,2013,ha,912,I,Value imputed by a receiving agency,,Banana
QCL,Crops and livestock products,55,Dominica,5412,Yield,1312,2013,2013,kg/ha,14661.5,E,Estimated value,,Banana
QCL,Crops and livestock products,55,Dominica,5510,Production,1312,2013,2013,t,13378,A,Official value,,Banana
QCL,Crops and livestock products,55,Dominica,5312,Area harvested,1312,2014,2014,ha,774,I,Value imputed by a receiving agency,,Banana
QCL,Crops and livestock products,55,Dominica,5412,Yield,1312,2014,2014,kg/ha,14683.5,E,Estimated value,,Banana
QCL,Crops and livestock products,55,Dominica,5510,Production,1312,2014,2014,t,11371,A,Official value,,Banana
QCL,Crops and livestock products,55,Dominica,5312,Area harvested,1312,2015,2015,ha,813,I,Value imputed by a receiving agency,,Banana
QCL,Crops and livestock products,55,Dominica,5412,Yield,1312,2015,2015,kg/ha,14705.2,E,Estimated value,,Banana
QCL,Crops and livestock products,55,Dominica,5510,Production,1312,2015,2015,t,11948.46,I,Value imputed by a receiving agency,,Banana
QCL,Crops and livestock products,55,Dominica,5312,Area harvested,1312,2016,2016,ha,768,I,Value imputed by a receiving agency,,Banana
QCL,Crops and livestock products,55,Dominica,5412,Yield,1312,2016,2016,kg/ha,14726.6,E,Estimated value,,Banana
QCL,Crops and livestock products,55,Dominica,5510,Production,1312,2016,2016,t,11315.42,I,Value imputed by a receiving agency,,Banana
QCL,Crops and livestock products,55,Dominica,5312,Area harvested,1312,2017,2017,ha,783,I,Value imputed by a receiving agency,,Banana
QCL,Crops and livestock products,55,Dominica,5412,Yield,1312,2017,2017,kg/ha,14747.5,E,Estimated value,,Banana
QCL,Crops and livestock products,55,Dominica,5510,Production,1312,2017,2017,t,11541.65,I,Value imputed by a receiving agency,,Banana
QCL,Crops and livestock products,55,Dominica,5312,Area harvested,1312,2018,2018,ha,788,E,Estimated value,,Banana
QCL,Crops and livestock products,55,Dominica,5412,Yield,1312,2018,2018,kg/ha,14726.2,E,Estimated value,,Banana
QCL,Crops and livestock products,55,Dominica,5510,Production,1312,2018,2018,t,11601.84,E,Estimated value,,Banana
QCL,Crops and livestock products,55,Dominica,5312,Area harvested,1312,2019,2019,ha,780,E,Estimated value,,Banana
QCL,Crops and livestock products,55,Dominica,5412,Yield,1312,2019,2019,kg/ha,14733.5,E,Estimated value,,Banana
QCL,Crops and livestock products,55,Dominica,5510,Production,1312,2019,2019,t,11486.3,E,Estimated value,,Banana
QCL,Crops and livestock products,55,Dominica,5312,Area harvested,1312,2020,2020,ha,783,E,Estimated value,,Banana
QCL,Crops and livestock products,55,Dominica,5412,Yield,1312,2020,2020,kg/ha,14735.7,E,Estimated value,,Banana
QCL,Crops and livestock products,55,Dominica,5510,Production,1312,2020,2020,t,11543.27,E,Estimated value,,Banana
QCL,Crops and livestock products,55,Dominica,5312,Area harvested,1312,2021,2021,ha,784,E,Estimated value,,Banana
QCL,Crops and livestock products,55,Dominica,5412,Yield,1312,2021,2021,kg/ha,14731.8,E,Estimated value,,Banana
QCL,Crops and livestock products,55,Dominica,5510,Production,1312,2021,2021,t,11543.8,E,Estimated value,,Banana
QCL,Crops and livestock products,55,Dominica,5312,Area harvested,1312,2022,2022,ha,782,E,Estimated value,,Banana
QCL,Crops and livestock products,55,Dominica,5412,Yield,1312,2022,2022,kg/ha,14733.6,E,Estimated value,,Banana
QCL,Crops and livestock products,55,Dominica,5510,Production,1312,2022,2022,t,11524.46,E,Estimated value,,Banana
QCL,Crops and livestock products,55,Dominica,5312,Area harvested,1312,2023,2023,ha,783,E,Estimated value,,Banana
QCL,Crops and livestock products,55,Dominica,5412,Yield,1312,2023,2023,kg/ha,14733.7,E,Estimated value,,Banana
QCL,Crops and livestock products,55,Dominica,5510,Production,1312,2023,2023,t,11537.18,E,Estimated value,,Banana
QCL,Crops and livestock products,55,Dominica,5312,Area harvested,1312,2024,2024,ha,783,E,Estimated value,,Banana
QCL,Crops and livestock products,55,Dominica,5412,Yield,1312,2024,2024,kg/ha,14733,E,Estimated value,,Banana
QCL,Crops and livestock products,55,Dominica,5510,Production,1312,2024,2024,t,11535.15,E,Estimated value,,Banana
QCL,Crops and livestock products,56,Dominican Republic,5312,Area harvested,1312,2010,2010,ha,26660,A,Official value,,Banana
QCL,Crops and livestock products,56,Dominican Republic,5412,Yield,1312,2010,2010,kg/ha,33486.6,A,Official value,,Banana
QCL,Crops and livestock products,56,Dominican Republic,5510,Production,1312,2010,2010,t,892752.89,A,Official value,,Banana
QCL,Crops and livestock products,56,Dominican Republic,5312,Area harvested,1312,2011,2011,ha,43388,A,Official value,,Banana
QCL,Crops and livestock products,56,Dominican Republic,5412,Yield,1312,2011,2011,kg/ha,21250.9,A,Official value,,Banana
QCL,Crops and livestock products,56,Dominican Republic,5510,Production,1312,2011,2011,t,922030.01,A,Official value,,Banana
QCL,Crops and livestock products,56,Dominican Republic,5312,Area harvested,1312,2012,2012,ha,22759,A,Official value,,Banana
QCL,Crops and livestock products,56,Dominican Republic,5412,Yield,1312,2012,2012,kg/ha,42556.5,A,Official value,,Banana
QCL,Crops and livestock products,56,Dominican Republic,5510,Production,1312,2012,2012,t,968552.93,A,Official value,,Banana
QCL,Crops and livestock products,56,Dominican Republic,5312,Area harvested,1312,2013,2013,ha,23660,A,Official value,,Banana
QCL,Crops and livestock products,56,Dominican Republic,5412,Yield,1312,2013,2013,kg/ha,45648.6,A,Official value,,Banana
QCL,Crops and livestock products,56,Dominican Republic,5510,Production,1312,2013,2013,t,1080061,A,Official value,,Banana
QCL,Crops and livestock products,56,Dominican Republic,5312,Area harvested,1312,2014,2014,ha,25848,A,Official value,,Banana
QCL,Crops and livestock products,56,Dominican Republic,5412,Yield,1312,2014,2014,kg/ha,43169.4,A,Official value,,Banana
QCL,Crops and livestock products,56,Dominican Republic,5510,Production,1312,2014,2014,t,1115837.58,A,Official value,,Banana
QCL,Crops and livestock products,56,Dominican Republic,5312,Area harvested,1312,2015,2015,ha,26205,A,Official value,,Banana
QCL,Crops and livestock products,56,Dominican Republic,5412,Yield,1312,2015,2015,kg/ha,43124.9,A,Official value,,Banana
QCL,Crops and livestock products,56,Dominican Republic,5510,Production,1312,2015,2015,t,1130087.94,A,Official value,,Banana
QCL,Crops and livestock products,56,Dominican Republic,5312,Area harvested,1312,2016,2016,ha,26834,A,Official value,,Banana
QCL,Crops and livestock products,56,Dominican Republic,5412,Yield,1312,2016,2016,kg/ha,42489.6,A,Official value,,Banana
QCL,Crops and livestock products,56,Dominican Republic,5510,Production,1312,2016,2016,t,1140182.48,A,Official value,,Banana
QCL,Crops and livestock products,56,Dominican Republic,5312,Area harvested,1312,2017,2017,ha,27227,A,Official value,,Banana
QCL,Crops and livestock products,56,Dominican Republic,5412,Yield,1312,2017,2017,kg/ha,42059.3,A,Official value,,Banana
QCL,Crops and livestock products,56,Dominican Republic,5510,Production,1312,2017,2017,t,1145149,A,Official value,,Banana
QCL,Crops and livestock products,56,Dominican Republic,5312,Area harvested,1312,2018,2018,ha,28020,A,Official value,,Banana
QCL,Crops and livestock products,56,Dominican Republic,5412,Yield,1312,2018,2018,kg/ha,41960.4,A,Official value,,Banana
QCL,Crops and livestock products,56,Dominican Republic,5510,Production,1312,2018,2018,t,1175709.91,A,Official value,,Banana
QCL,Crops and livestock products,56,Dominican Republic,5312,Area harvested,1312,2019,2019,ha,28861,A,Official value,,Banana
QCL,Crops and livestock products,56,Dominican Republic,5412,Yield,1312,2019,2019,kg/ha,41900.3,A,Official value,,Banana
QCL,Crops and livestock products,56,Dominican Republic,5510,Production,1312,2019,2019,t,1209268.37,A,Official value,,Banana
QCL,Crops and livestock products,56,Dominican Republic,5312,Area harvested,1312,2020,2020,ha,28132,A,Official value,,Banana
QCL,Crops and livestock products,56,Dominican Republic,5412,Yield,1312,2020,2020,kg/ha,43846.3,A,Official value,,Banana
QCL,Crops and livestock products,56,Dominican Republic,5510,Production,1312,2020,2020,t,1233461.83,A,Official value,,Banana
QCL,Crops and livestock products,56,Dominican Republic,5312,Area harvested,1312,2021,2021,ha,29296,A,Official value,,Banana
QCL,Crops and livestock products,56,Dominican Republic,5412,Yield,1312,2021,2021,kg/ha,43105.9,A,Official value,,Banana
QCL,Crops and livestock products,56,Dominican Republic,5510,Production,1312,2021,2021,t,1262834.2,A,Official value,,Banana
QCL,Crops and livestock products,56,Dominican Republic,5312,Area harvested,1312,2022,2022,ha,37767,A,Official value,,Banana
QCL,Crops and livestock products,56,Dominican Republic,5412,Yield,1312,2022,2022,kg/ha,37001.7,A,Official value,,Banana
QCL,Crops and livestock products,56,Dominican Republic,5510,Production,1312,2022,2022,t,1397441.99,A,Official value,,Banana
QCL,Crops and livestock products,56,Dominican Republic,5312,Area harvested,1312,2023,2023,ha,42248,A,Official value,,Banana
QCL,Crops and livestock products,56,Dominican Republic,5412,Yield,1312,2023,2023,kg/ha,39175.5,A,Official value,,Banana
QCL,Crops and livestock products,56,Dominican Republic,5510,Production,1312,2023,2023,t,1655085.22,A,Official value,,Banana
QCL,Crops and livestock products,56,Dominican Republic,5312,Area harvested,1312,2024,2024,ha,55954,A,Official value,,Banana
QCL,Crops and livestock products,56,Dominican Republic,5412,Yield,1312,2024,2024,kg/ha,36438.9,A,Official value,,Banana
QCL,Crops and livestock products,56,Dominican Republic,5510,Production,1312,2024,2024,t,2038904.64,A,Official value,,Banana
QCL,Crops and livestock products,58,Ecuador,5312,Area harvested,1312,2010,2010,ha,215647,A,Official value,,Banana
QCL,Crops and livestock products,58,Ecuador,5412,Yield,1312,2010,2010,kg/ha,36778,A,Official value,,Banana
QCL,Crops and livestock products,58,Ecuador,5510,Production,1312,2010,2010,t,7931060,A,Official value,,Banana
QCL,Crops and livestock products,58,Ecuador,5312,Area harvested,1312,2011,2011,ha,191973,A,Official value,,Banana
QCL,Crops and livestock products,58,Ecuador,5412,Yield,1312,2011,2011,kg/ha,38691.8,A,Official value,,Banana
QCL,Crops and livestock products,58,Ecuador,5510,Production,1312,2011,2011,t,7427776,A,Official value,,Banana
QCL,Crops and livestock products,58,Ecuador,5312,Area harvested,1312,2012,2012,ha,210894,A,Official value,,Banana
QCL,Crops and livestock products,58,Ecuador,5412,Yield,1312,2012,2012,kg/ha,33250.1,A,Official value,,Banana
QCL,Crops and livestock products,58,Ecuador,5510,Production,1312,2012,2012,t,7012244.5,A,Official value,,Banana
QCL,Crops and livestock products,58,Ecuador,5312,Area harvested,1312,2013,2013,ha,188658,A,Official value,,Banana
QCL,Crops and livestock products,58,Ecuador,5412,Yield,1312,2013,2013,kg/ha,31779.9,A,Official value,,Banana
QCL,Crops and livestock products,58,Ecuador,5510,Production,1312,2013,2013,t,5995527,A,Official value,,Banana
QCL,Crops and livestock products,58,Ecuador,5312,Area harvested,1312,2014,2014,ha,182158,A,Official value,,Banana
QCL,Crops and livestock products,58,Ecuador,5412,Yield,1312,2014,2014,kg/ha,37090.1,A,Official value,,Banana
QCL,Crops and livestock products,58,Ecuador,5510,Production,1312,2014,2014,t,6756253.56,A,Official value,,Banana
QCL,Crops and livestock products,58,Ecuador,5312,Area harvested,1312,2015,2015,ha,185489,A,Official value,,Banana
QCL,Crops and livestock products,58,Ecuador,5412,Yield,1312,2015,2015,kg/ha,38786.4,A,Official value,,Banana
QCL,Crops and livestock products,58,Ecuador,5510,Production,1312,2015,2015,t,7194431.31,A,Official value,,Banana
QCL,Crops and livestock products,58,Ecuador,5312,Area harvested,1312,2016,2016,ha,180337,A,Official value,,Banana
QCL,Crops and livestock products,58,Ecuador,5412,Yield,1312,2016,2016,kg/ha,36208.2,A,Official value,,Banana
QCL,Crops and livestock products,58,Ecuador,5510,Production,1312,2016,2016,t,6529675.94,A,Official value,,Banana
QCL,Crops and livestock products,58,Ecuador,5312,Area harvested,1312,2017,2017,ha,158057,A,Official value,,Banana
QCL,Crops and livestock products,58,Ecuador,5412,Yield,1312,2017,2017,kg/ha,39745.8,A,Official value,,Banana
QCL,Crops and livestock products,58,Ecuador,5510,Production,1312,2017,2017,t,6282105,A,Official value,,Banana
QCL,Crops and livestock products,58,Ecuador,5312,Area harvested,1312,2018,2018,ha,161583,A,Official value,,Banana
QCL,Crops and livestock products,58,Ecuador,5412,Yield,1312,2018,2018,kg/ha,40261.9,A,Official value,,Banana
QCL,Crops and livestock products,58,Ecuador,5510,Production,1312,2018,2018,t,6505635,A,Official value,,Banana
QCL,Crops and livestock products,58,Ecuador,5312,Area harvested,1312,2019,2019,ha,183347,A,Official value,,Banana
QCL,Crops and livestock products,58,Ecuador,5412,Yield,1312,2019,2019,kg/ha,35907.2,A,Official value,,Banana
QCL,Crops and livestock products,58,Ecuador,5510,Production,1312,2019,2019,t,6583477,A,Official value,,Banana
QCL,Crops and livestock products,58,Ecuador,5312,Area harvested,1312,2020,2020,ha,160630,A,Official value,,Banana
QCL,Crops and livestock products,58,Ecuador,5412,Yield,1312,2020,2020,kg/ha,37498.6,A,Official value,,Banana
QCL,Crops and livestock products,58,Ecuador,5510,Production,1312,2020,2020,t,6023390.25,A,Official value,,Banana
QCL,Crops and livestock products,58,Ecuador,5312,Area harvested,1312,2021,2021,ha,169327,A,Official value,,Banana
QCL,Crops and livestock products,58,Ecuador,5412,Yield,1312,2021,2021,kg/ha,39671.3,A,Official value,,Banana
QCL,Crops and livestock products,58,Ecuador,5510,Production,1312,2021,2021,t,6717424,A,Official value,,Banana
QCL,Crops and livestock products,58,Ecuador,5312,Area harvested,1312,2022,2022,ha,174771,A,Official value,,Banana
QCL,Crops and livestock products,58,Ecuador,5412,Yield,1312,2022,2022,kg/ha,35033,A,Official value,,Banana
QCL,Crops and livestock products,58,Ecuador,5510,Production,1312,2022,2022,t,6122744,A,Official value,,Banana
QCL,Crops and livestock products,58,Ecuador,5312,Area harvested,1312,2023,2023,ha,183400,A,Official value,,Banana
QCL,Crops and livestock products,58,Ecuador,5412,Yield,1312,2023,2023,kg/ha,39250.2,A,Official value,,Banana
QCL,Crops and livestock products,58,Ecuador,5510,Production,1312,2023,2023,t,7198482,A,Official value,,Banana
QCL,Crops and livestock products,58,Ecuador,5312,Area harvested,1312,2024,2024,ha,181088,A,Official value,,Banana
QCL,Crops and livestock products,58,Ecuador,5412,Yield,1312,2024,2024,kg/ha,41889.3,A,Official value,,Banana
QCL,Crops and livestock products,58,Ecuador,5510,Production,1312,2024,2024,t,7585653,A,Official value,,Banana
QCL,Crops and livestock products,59,Egypt,5312,Area harvested,1312,2010,2010,ha,22665,A,Official value,,Banana
QCL,Crops and livestock products,59,Egypt,5412,Yield,1312,2010,2010,kg/ha,45398,A,Official value,,Banana
QCL,Crops and livestock products,59,Egypt,5510,Production,1312,2010,2010,t,1028946,A,Official value,,Banana
QCL,Crops and livestock products,59,Egypt,5312,Area harvested,1312,2011,2011,ha,23495,A,Official value,,Banana
QCL,Crops and livestock products,59,Egypt,5412,Yield,1312,2011,2011,kg/ha,44871,A,Official value,,Banana
QCL,Crops and livestock products,59,Egypt,5510,Production,1312,2011,2011,t,1054243,A,Official value,,Banana
QCL,Crops and livestock products,59,Egypt,5312,Area harvested,1312,2012,2012,ha,25073,A,Official value,,Banana
QCL,Crops and livestock products,59,Egypt,5412,Yield,1312,2012,2012,kg/ha,45059.5,A,Official value,,Banana
QCL,Crops and livestock products,59,Egypt,5510,Production,1312,2012,2012,t,1129777,A,Official value,,Banana
QCL,Crops and livestock products,59,Egypt,5312,Area harvested,1312,2013,2013,ha,25238,A,Official value,,Banana
QCL,Crops and livestock products,59,Egypt,5412,Yield,1312,2013,2013,kg/ha,45892.1,A,Official value,,Banana
QCL,Crops and livestock products,59,Egypt,5510,Production,1312,2013,2013,t,1158224,A,Official value,,Banana
QCL,Crops and livestock products,59,Egypt,5312,Area harvested,1312,2014,2014,ha,27514,A,Official value,,Banana
QCL,Crops and livestock products,59,Egypt,5412,Yield,1312,2014,2014,kg/ha,46654.2,A,Official value,,Banana
QCL,Crops and livestock products,59,Egypt,5510,Production,1312,2014,2014,t,1283644,A,Official value,,Banana
QCL,Crops and livestock products,59,Egypt,5312,Area harvested,1312,2015,2015,ha,27520,A,Official value,,Banana
QCL,Crops and livestock products,59,Egypt,5412,Yield,1312,2015,2015,kg/ha,47753.5,A,Official value,,Banana
QCL,Crops and livestock products,59,Egypt,5510,Production,1312,2015,2015,t,1314177,A,Official value,,Banana
QCL,Crops and livestock products,59,Egypt,5312,Area harvested,1312,2016,2016,ha,28051,A,Official value,,Banana
QCL,Crops and livestock products,59,Egypt,5412,Yield,1312,2016,2016,kg/ha,43280.7,A,Official value,,Banana
QCL,Crops and livestock products,59,Egypt,5510,Production,1312,2016,2016,t,1214077,A,Official value,,Banana
QCL,Crops and livestock products,59,Egypt,5312,Area harvested,1312,2017,2017,ha,30271,A,Official value,,Banana
QCL,Crops and livestock products,59,Egypt,5412,Yield,1312,2017,2017,kg/ha,45111.6,A,Official value,,Banana
QCL,Crops and livestock products,59,Egypt,5510,Production,1312,2017,2017,t,1365554,A,Official value,,Banana
QCL,Crops and livestock products,59,Egypt,5312,Area harvested,1312,2018,2018,ha,29315,A,Official value,,Banana
QCL,Crops and livestock products,59,Egypt,5412,Yield,1312,2018,2018,kg/ha,44100.7,A,Official value,,Banana
QCL,Crops and livestock products,59,Egypt,5510,Production,1312,2018,2018,t,1292812,A,Official value,,Banana
QCL,Crops and livestock products,59,Egypt,5312,Area harvested,1312,2019,2019,ha,30234,A,Official value,,Banana
QCL,Crops and livestock products,59,Egypt,5412,Yield,1312,2019,2019,kg/ha,44000,A,Official value,,Banana
QCL,Crops and livestock products,59,Egypt,5510,Production,1312,2019,2019,t,1330280,A,Official value,,Banana
QCL,Crops and livestock products,59,Egypt,5312,Area harvested,1312,2020,2020,ha,31139,A,Official value,,Banana
QCL,Crops and livestock products,59,Egypt,5412,Yield,1312,2020,2020,kg/ha,43257.7,A,Official value,,Banana
QCL,Crops and livestock products,59,Egypt,5510,Production,1312,2020,2020,t,1347000,A,Official value,,Banana
QCL,Crops and livestock products,59,Egypt,5312,Area harvested,1312,2021,2021,ha,31043,A,Official value,,Banana
QCL,Crops and livestock products,59,Egypt,5412,Yield,1312,2021,2021,kg/ha,38177.3,A,Official value,,Banana
QCL,Crops and livestock products,59,Egypt,5510,Production,1312,2021,2021,t,1185148,A,Official value,,Banana
QCL,Crops and livestock products,59,Egypt,5312,Area harvested,1312,2022,2022,ha,32709,A,Official value,,Banana
QCL,Crops and livestock products,59,Egypt,5412,Yield,1312,2022,2022,kg/ha,37071.1,A,Official value,,Banana
QCL,Crops and livestock products,59,Egypt,5510,Production,1312,2022,2022,t,1212568,A,Official value,,Banana
QCL,Crops and livestock products,59,Egypt,5312,Area harvested,1312,2023,2023,ha,32489,A,Official value,,Banana
QCL,Crops and livestock products,59,Egypt,5412,Yield,1312,2023,2023,kg/ha,41802.2,A,Official value,,Banana
QCL,Crops and livestock products,59,Egypt,5510,Production,1312,2023,2023,t,1358113,A,Official value,,Banana
QCL,Crops and livestock products,59,Egypt,5312,Area harvested,1312,2024,2024,ha,28707,I,Value imputed by a receiving agency,,Banana
QCL,Crops and livestock products,59,Egypt,5412,Yield,1312,2024,2024,kg/ha,43611.5,E,Estimated value,,Banana
QCL,Crops and livestock products,59,Egypt,5510,Production,1312,2024,2024,t,1251943,A,Official value,,Banana
QCL,Crops and livestock products,60,El Salvador,5312,Area harvested,1312,2010,2010,ha,,M,Missing value; data cannot exist,,Banana
QCL,Crops and livestock products,60,El Salvador,5510,Production,1312,2010,2010,t,,M,Missing value; data cannot exist,,Banana
QCL,Crops and livestock products,60,El Salvador,5312,Area harvested,1312,2011,2011,ha,,M,Missing value; data cannot exist,,Banana
QCL,Crops and livestock products,60,El Salvador,5510,Production,1312,2011,2011,t,,M,Missing value; data cannot exist,,Banana
QCL,Crops and livestock products,60,El Salvador,5312,Area harvested,1312,2012,2012,ha,,M,Missing value; data cannot exist,,Banana
QCL,Crops and livestock products,60,El Salvador,5510,Production,1312,2012,2012,t,,M,Missing value; data cannot exist,,Banana
QCL,Crops and livestock products,60,El Salvador,5312,Area harvested,1312,2013,2013,ha,1677,A,Official value,,Banana
QCL,Crops and livestock products,60,El Salvador,5412,Yield,1312,2013,2013,kg/ha,9836.6,A,Official value,,Banana
QCL,Crops and livestock products,60,El Salvador,5510,Production,1312,2013,2013,t,16496,A,Official value,,Banana
QCL,Crops and livestock products,60,El Salvador,5312,Area harvested,1312,2014,2014,ha,1642,A,Official value,,Banana
QCL,Crops and livestock products,60,El Salvador,5412,Yield,1312,2014,2014,kg/ha,9837.4,A,Official value,,Banana
QCL,Crops and livestock products,60,El Salvador,5510,Production,1312,2014,2014,t,16153,A,Official value,,Banana
QCL,Crops and livestock products,60,El Salvador,5312,Area harvested,1312,2015,2015,ha,1667,A,Official value,,Banana
QCL,Crops and livestock products,60,El Salvador,5412,Yield,1312,2015,2015,kg/ha,9897.4,A,Official value,,Banana
QCL,Crops and livestock products,60,El Salvador,5510,Production,1312,2015,2015,t,16499,A,Official value,,Banana
QCL,Crops and livestock products,60,El Salvador,5312,Area harvested,1312,2016,2016,ha,1655,A,Official value,,Banana
QCL,Crops and livestock products,60,El Salvador,5412,Yield,1312,2016,2016,kg/ha,9748,A,Official value,,Banana
QCL,Crops and livestock products,60,El Salvador,5510,Production,1312,2016,2016,t,16133,A,Official value,,Banana
QCL,Crops and livestock products,60,El Salvador,5312,Area harvested,1312,2017,2017,ha,1508,A,Official value,,Banana
QCL,Crops and livestock products,60,El Salvador,5412,Yield,1312,2017,2017,kg/ha,9158.5,A,Official value,,Banana
QCL,Crops and livestock products,60,El Salvador,5510,Production,1312,2017,2017,t,13811,A,Official value,,Banana
QCL,Crops and livestock products,60,El Salvador,5312,Area harvested,1312,2018,2018,ha,1507,A,Official value,,Banana
QCL,Crops and livestock products,60,El Salvador,5412,Yield,1312,2018,2018,kg/ha,11445.9,A,Official value,,Banana
QCL,Crops and livestock products,60,El Salvador,5510,Production,1312,2018,2018,t,17249,A,Official value,,Banana
QCL,Crops and livestock products,60,El Salvador,5312,Area harvested,1312,2019,2019,ha,966,A,Official value,,Banana
QCL,Crops and livestock products,60,El Salvador,5412,Yield,1312,2019,2019,kg/ha,12637.7,A,Official value,,Banana
QCL,Crops and livestock products,60,El Salvador,5510,Production,1312,2019,2019,t,12208,A,Official value,,Banana
QCL,Crops and livestock products,60,El Salvador,5312,Area harvested,1312,2020,2020,ha,634,A,Official value,,Banana
QCL,Crops and livestock products,60,El Salvador,5412,Yield,1312,2020,2020,kg/ha,15530.1,A,Official value,,Banana
QCL,Crops and livestock products,60,El Salvador,5510,Production,1312,2020,2020,t,9847.62,A,Official value,,Banana
QCL,Crops and livestock products,60,El Salvador,5312,Area harvested,1312,2021,2021,ha,701,A,Official value,,Banana
QCL,Crops and livestock products,60,El Salvador,5412,Yield,1312,2021,2021,kg/ha,21960.9,A,Official value,,Banana
QCL,Crops and livestock products,60,El Salvador,5510,Production,1312,2021,2021,t,15396.16,A,Official value,,Banana
QCL,Crops and livestock products,60,El Salvador,5312,Area harvested,1312,2022,2022,ha,671,A,Official value,,Banana
QCL,Crops and livestock products,60,El Salvador,5412,Yield,1312,2022,2022,kg/ha,20377,A,Official value,,Banana
QCL,Crops and livestock products,60,El Salvador,5510,Production,1312,2022,2022,t,13673,A,Official value,,Banana
QCL,Crops and livestock products,60,El Salvador,5312,Area harvested,1312,2023,2023,ha,725,I,Value imputed by a receiving agency,,Banana
QCL,Crops and livestock products,60,El Salvador,5412,Yield,1312,2023,2023,kg/ha,21434.5,E,Estimated value,,Banana
QCL,Crops and livestock products,60,El Salvador,5510,Production,1312,2023,2023,t,15534.99,I,Value imputed by a receiving agency,,Banana
QCL,Crops and livestock products,60,El Salvador,5312,Area harvested,1312,2024,2024,ha,842,A,Official value,,Banana
QCL,Crops and livestock products,60,El Salvador,5412,Yield,1312,2024,2024,kg/ha,23816.8,E,Estimated value,,Banana
QCL,Crops and livestock products,60,El Salvador,5510,Production,1312,2024,2024,t,20053.72,I,Value imputed by a receiving agency,,Banana
QCL,Crops and livestock products,61,Equatorial Guinea,5312,Area harvested,1312,2010,2010,ha,6000,E,Estimated value,,Banana
QCL,Crops and livestock products,61,Equatorial Guinea,5412,Yield,1312,2010,2010,kg/ha,4567,E,Estimated value,,Banana
QCL,Crops and livestock products,61,Equatorial Guinea,5510,Production,1312,2010,2010,t,27402.17,I,Value imputed by a receiving agency,,Banana
QCL,Crops and livestock products,61,Equatorial Guinea,5312,Area harvested,1312,2011,2011,ha,5961,I,Value imputed by a receiving agency,,Banana
QCL,Crops and livestock products,61,Equatorial Guinea,5412,Yield,1312,2011,2011,kg/ha,4599.2,E,Estimated value,,Banana
QCL,Crops and livestock products,61,Equatorial Guinea,5510,Production,1312,2011,2011,t,27417.39,I,Value imputed by a receiving agency,,Banana
QCL,Crops and livestock products,61,Equatorial Guinea,5312,Area harvested,1312,2012,2012,ha,6000,E,Estimated value,,Banana
QCL,Crops and livestock products,61,Equatorial Guinea,5412,Yield,1312,2012,2012,kg/ha,4631.4,E,Estimated value,,Banana
QCL,Crops and livestock products,61,Equatorial Guinea,5510,Production,1312,2012,2012,t,27788.64,I,Value imputed by a receiving agency,,Banana
QCL,Crops and livestock products,61,Equatorial Guinea,5312,Area harvested,1312,2013,2013,ha,6125,I,Value imputed by a receiving agency,,Banana
QCL,Crops and livestock products,61,Equatorial Guinea,5412,Yield,1312,2013,2013,kg/ha,4663.6,E,Estimated value,,Banana
QCL,Crops and livestock products,61,Equatorial Guinea,5510,Production,1312,2013,2013,t,28563.24,I,Value imputed by a receiving agency,,Banana
QCL,Crops and livestock products,61,Equatorial Guinea,5312,Area harvested,1312,2014,2014,ha,6200,E,Estimated value,,Banana
QCL,Crops and livestock products,61,Equatorial Guinea,5412,Yield,1312,2014,2014,kg/ha,4696.4,E,Estimated value,,Banana
QCL,Crops and livestock products,61,Equatorial Guinea,5510,Production,1312,2014,2014,t,29117.87,I,Value imputed by a receiving agency,,Banana
QCL,Crops and livestock products,61,Equatorial Guinea,5312,Area harvested,1312,2015,2015,ha,6267,I,Value imputed by a receiving agency,,Banana
QCL,Crops and livestock products,61,Equatorial Guinea,5412,Yield,1312,2015,2015,kg/ha,4734.4,E,Estimated value,,Banana
QCL,Crops and livestock products,61,Equatorial Guinea,5510,Production,1312,2015,2015,t,29670.9,I,Value imputed by a receiving agency,,Banana
QCL,Crops and livestock products,61,Equatorial Guinea,5312,Area harvested,1312,2016,2016,ha,6338,I,Value imputed by a receiving agency,,Banana
QCL,Crops and livestock products,61,Equatorial Guinea,5412,Yield,1312,2016,2016,kg/ha,4765.9,E,Estimated value,,Banana
QCL,Crops and livestock products,61,Equatorial Guinea,5510,Production,1312,2016,2016,t,30203.98,I,Value imputed by a receiving agency,,Banana
QCL,Crops and livestock products,61,Equatorial Guinea,5312,Area harvested,1312,2017,2017,ha,6411,I,Value imputed by a receiving agency,,Banana
QCL,Crops and livestock products,61,Equatorial Guinea,5412,Yield,1312,2017,2017,kg/ha,4793.9,E,Estimated value,,Banana
QCL,Crops and livestock products,61,Equatorial Guinea,5510,Production,1312,2017,2017,t,30734.01,I,Value imputed by a receiving agency,,Banana
QCL,Crops and livestock products,61,Equatorial Guinea,5312,Area harvested,1312,2018,2018,ha,6483,I,Value imputed by a receiving agency,,Banana
QCL,Crops and livestock products,61,Equatorial Guinea,5412,Yield,1312,2018,2018,kg/ha,4820.2,E,Estimated value,,Banana
QCL,Crops and livestock products,61,Equatorial Guinea,5510,Production,1312,2018,2018,t,31250.99,I,Value imputed by a receiving agency,,Banana
QCL,Crops and livestock products,61,Equatorial Guinea,5312,Area harvested,1312,2019,2019,ha,6558,I,Value imputed by a receiving agency,,Banana
QCL,Crops and livestock products,61,Equatorial Guinea,5412,Yield,1312,2019,2019,kg/ha,4845.4,E,Estimated value,,Banana
QCL,Crops and livestock products,61,Equatorial Guinea,5510,Production,1312,2019,2019,t,31775.92,I,Value imputed by a receiving agency,,Banana
QCL,Crops and livestock products,61,Equatorial Guinea,5312,Area harvested,1312,2020,2020,ha,6626,I,Value imputed by a receiving agency,,Banana
QCL,Crops and livestock products,61,Equatorial Guinea,5412,Yield,1312,2020,2020,kg/ha,4716.7,E,Estimated value,,Banana
QCL,Crops and livestock products,61,Equatorial Guinea,5510,Production,1312,2020,2020,t,31253.64,E,Estimated value,,Banana
QCL,Crops and livestock products,61,Equatorial Guinea,5312,Area harvested,1312,2021,2021,ha,6556,E,Estimated value,,Banana
QCL,Crops and livestock products,61,Equatorial Guinea,5412,Yield,1312,2021,2021,kg/ha,4793.7,E,Estimated value,,Banana
QCL,Crops and livestock products,61,Equatorial Guinea,5510,Production,1312,2021,2021,t,31426.85,E,Estimated value,,Banana
QCL,Crops and livestock products,61,Equatorial Guinea,5312,Area harvested,1312,2022,2022,ha,6580,E,Estimated value,,Banana
QCL,Crops and livestock products,61,Equatorial Guinea,5412,Yield,1312,2022,2022,kg/ha,4785,E,Estimated value,,Banana
QCL,Crops and livestock products,61,Equatorial Guinea,5510,Production,1312,2022,2022,t,31485.47,E,Estimated value,,Banana
QCL,Crops and livestock products,61,Equatorial Guinea,5312,Area harvested,1312,2023,2023,ha,6587,E,Estimated value,,Banana
QCL,Crops and livestock products,61,Equatorial Guinea,5412,Yield,1312,2023,2023,kg/ha,4765,E,Estimated value,,Banana
QCL,Crops and livestock products,61,Equatorial Guinea,5510,Production,1312,2023,2023,t,31388.65,E,Estimated value,,Banana
QCL,Crops and livestock products,61,Equatorial Guinea,5312,Area harvested,1312,2024,2024,ha,6574,E,Estimated value,,Banana
QCL,Crops and livestock products,61,Equatorial Guinea,5412,Yield,1312,2024,2024,kg/ha,4781.2,E,Estimated value,,Banana
QCL,Crops and livestock products,61,Equatorial Guinea,5510,Production,1312,2024,2024,t,31433.66,E,Estimated value,,Banana
QCL,Crops and livestock products,63,Estonia,5312,Area harvested,1312,2018,2018,ha,0,A,Official value,,Banana
QCL,Crops and livestock products,63,Estonia,5510,Production,1312,2018,2018,t,0,A,Official value,,Banana
QCL,Crops and livestock products,63,Estonia,5312,Area harvested,1312,2019,2019,ha,0,A,Official value,,Banana
QCL,Crops and livestock products,63,Estonia,5510,Production,1312,2019,2019,t,0,A,Official value,,Banana
QCL,Crops and livestock products,63,Estonia,5312,Area harvested,1312,2020,2020,ha,0,A,Official value,,Banana
QCL,Crops and livestock products,63,Estonia,5510,Production,1312,2020,2020,t,0,A,Official value,,Banana
QCL,Crops and livestock products,63,Estonia,5312,Area harvested,1312,2021,2021,ha,0,A,Official value,,Banana
QCL,Crops and livestock products,63,Estonia,5510,Production,1312,2021,2021,t,0,A,Official value,,Banana
QCL,Crops and livestock products,63,Estonia,5312,Area harvested,1312,2022,2022,ha,0,A,Official value,,Banana
QCL,Crops and livestock products,63,Estonia,5510,Production,1312,2022,2022,t,0,A,Official value,,Banana
QCL,Crops and livestock products,63,Estonia,5312,Area harvested,1312,2023,2023,ha,0,A,Official value,,Banana
QCL,Crops and livestock products,63,Estonia,5510,Production,1312,2023,2023,t,0,A,Official value,,Banana
QCL,Crops and livestock products,63,Estonia,5312,Area harvested,1312,2024,2024,ha,0,A,Official value,,Banana
QCL,Crops and livestock products,63,Estonia,5510,Production,1312,2024,2024,t,0,A,Official value,,Banana
QCL,Crops and livestock products,209,Eswatini,5312,Area harvested,1312,2010,2010,ha,955,E,Estimated value,,Banana
QCL,Crops and livestock products,209,Eswatini,5412,Yield,1312,2010,2010,kg/ha,6020.9,E,Estimated value,,Banana
QCL,Crops and livestock products,209,Eswatini,5510,Production,1312,2010,2010,t,5750,E,Estimated value,,Banana
QCL,Crops and livestock products,209,Eswatini,5312,Area harvested,1312,2011,2011,ha,960,E,Estimated value,,Banana
QCL,Crops and livestock products,209,Eswatini,5412,Yield,1312,2011,2011,kg/ha,6041.7,E,Estimated value,,Banana
QCL,Crops and livestock products,209,Eswatini,5510,Production,1312,2011,2011,t,5800,E,Estimated value,,Banana
QCL,Crops and livestock products,209,Eswatini,5312,Area harvested,1312,2012,2012,ha,980,E,Estimated value,,Banana
QCL,Crops and livestock products,209,Eswatini,5412,Yield,1312,2012,2012,kg/ha,6122.4,E,Estimated value,,Banana
QCL,Crops and livestock products,209,Eswatini,5510,Production,1312,2012,2012,t,6000,E,Estimated value,,Banana
QCL,Crops and livestock products,209,Eswatini,5312,Area harvested,1312,2013,2013,ha,1202,I,Value imputed by a receiving agency,,Banana
QCL,Crops and livestock products,209,Eswatini,5412,Yield,1312,2013,2013,kg/ha,5999.2,E,Estimated value,,Banana
QCL,Crops and livestock products,209,Eswatini,5510,Production,1312,2013,2013,t,7212.39,I,Value imputed by a receiving agency,,Banana
QCL,Crops and livestock products,209,Eswatini,5312,Area harvested,1312,2014,2014,ha,1401,I,Value imputed by a receiving agency,,Banana
QCL,Crops and livestock products,209,Eswatini,5412,Yield,1312,2014,2014,kg/ha,5942.1,E,Estimated value,,Banana
QCL,Crops and livestock products,209,Eswatini,5510,Production,1312,2014,2014,t,8325.51,I,Value imputed by a receiving agency,,Banana
QCL,Crops and livestock products,209,Eswatini,5312,Area harvested,1312,2015,2015,ha,1723,I,Value imputed by a receiving agency,,Banana
QCL,Crops and livestock products,209,Eswatini,5412,Yield,1312,2015,2015,kg/ha,5943.4,E,Estimated value,,Banana
QCL,Crops and livestock products,209,Eswatini,5510,Production,1312,2015,2015,t,10240.16,I,Value imputed by a receiving agency,,Banana
QCL,Crops and livestock products,209,Eswatini,5312,Area harvested,1312,2016,2016,ha,1947,I,Value imputed by a receiving agency,,Banana
QCL,Crops and livestock products,209,Eswatini,5412,Yield,1312,2016,2016,kg/ha,5950.7,E,Estimated value,,Banana
QCL,Crops and livestock products,209,Eswatini,5510,Production,1312,2016,2016,t,11586.7,I,Value imputed by a receiving agency,,Banana
QCL,Crops and livestock products,209,Eswatini,5312,Area harvested,1312,2017,2017,ha,2172,I,Value imputed by a receiving agency,,Banana
QCL,Crops and livestock products,209,Eswatini,5412,Yield,1312,2017,2017,kg/ha,5956.9,E,Estimated value,,Banana
QCL,Crops and livestock products,209,Eswatini,5510,Production,1312,2017,2017,t,12938.46,I,Value imputed by a receiving agency,,Banana
QCL,Crops and livestock products,209,Eswatini,5312,Area harvested,1312,2018,2018,ha,2387,I,Value imputed by a receiving agency,,Banana
QCL,Crops and livestock products,209,Eswatini,5412,Yield,1312,2018,2018,kg/ha,5961.3,E,Estimated value,,Banana
QCL,Crops and livestock products,209,Eswatini,5510,Production,1312,2018,2018,t,14230.79,I,Value imputed by a receiving agency,,Banana
QCL,Crops and livestock products,209,Eswatini,5312,Area harvested,1312,2019,2019,ha,2680,I,Value imputed by a receiving agency,,Banana
QCL,Crops and livestock products,209,Eswatini,5412,Yield,1312,2019,2019,kg/ha,5970.7,E,Estimated value,,Banana
QCL,Crops and livestock products,209,Eswatini,5510,Production,1312,2019,2019,t,16000,E,Estimated value,,Banana
QCL,Crops and livestock products,209,Eswatini,5312,Area harvested,1312,2020,2020,ha,2427,I,Value imputed by a receiving agency,,Banana
QCL,Crops and livestock products,209,Eswatini,5412,Yield,1312,2020,2020,kg/ha,5975.7,E,Estimated value,,Banana
QCL,Crops and livestock products,209,Eswatini,5510,Production,1312,2020,2020,t,14500,E,Estimated value,,Banana
QCL,Crops and livestock products,209,Eswatini,5312,Area harvested,1312,2021,2021,ha,2844,I,Value imputed by a receiving agency,,Banana
QCL,Crops and livestock products,209,Eswatini,5412,Yield,1312,2021,2021,kg/ha,5976.8,E,Estimated value,,Banana
QCL,Crops and livestock products,209,Eswatini,5510,Production,1312,2021,2021,t,17000,E,Estimated value,,Banana
QCL,Crops and livestock products,209,Eswatini,5312,Area harvested,1312,2022,2022,ha,4523,I,Value imputed by a receiving agency,,Banana
QCL,Crops and livestock products,209,Eswatini,5412,Yield,1312,2022,2022,kg/ha,5969.2,E,Estimated value,,Banana
QCL,Crops and livestock products,209,Eswatini,5510,Production,1312,2022,2022,t,27000,E,Estimated value,,Banana
QCL,Crops and livestock products,209,Eswatini,5312,Area harvested,1312,2023,2023,ha,4753,I,Value imputed by a receiving agency,,Banana
QCL,Crops and livestock products,209,Eswatini,5412,Yield,1312,2023,2023,kg/ha,5975.2,E,Estimated value,,Banana
QCL,Crops and livestock products,209,Eswatini,5510,Production,1312,2023,2023,t,28400,E,Estimated value,,Banana
QCL,Crops and livestock products,209,Eswatini,5312,Area harvested,1312,2024,2024,ha,5076,I,Value imputed by a receiving agency,,Banana
QCL,Crops and livestock products,209,Eswatini,5412,Yield,1312,2024,2024,kg/ha,5981.1,E,Estimated value,,Banana
QCL,Crops and livestock products,209,Eswatini,5510,Production,1312,2024,2024,t,30362.68,I,Value imputed by a receiving agency,,Banana
QCL,Crops and livestock products,238,Ethiopia,5312,Area harvested,1312,2010,2010,ha,31886,A,Official value,,Banana
QCL,Crops and livestock products,238,Ethiopia,5412,Yield,1312,2010,2010,kg/ha,8485.6,A,Official value,,Banana
QCL,Crops and livestock products,238,Ethiopia,5510,Production,1312,2010,2010,t,270572,A,Official value,,Banana
QCL,Crops and livestock products,238,Ethiopia,5312,Area harvested,1312,2011,2011,ha,35869,A,Official value,,Banana
QCL,Crops and livestock products,238,Ethiopia,5412,Yield,1312,2011,2011,kg/ha,8120,A,Official value,,Banana
QCL,Crops and livestock products,238,Ethiopia,5510,Production,1312,2011,2011,t,291258,A,Official value,,Banana
QCL,Crops and livestock products,238,Ethiopia,5312,Area harvested,1312,2012,2012,ha,37250,E,Estimated value,,Banana
QCL,Crops and livestock products,238,Ethiopia,5412,Yield,1312,2012,2012,kg/ha,8163.2,E,Estimated value,,Banana
QCL,Crops and livestock products,238,Ethiopia,5510,Production,1312,2012,2012,t,304080,E,Estimated value,,Banana
QCL,Crops and livestock products,238,Ethiopia,5312,Area harvested,1312,2013,2013,ha,41357,A,Official value,,Banana
QCL,Crops and livestock products,238,Ethiopia,5412,Yield,1312,2013,2013,kg/ha,8221.4,A,Official value,,Banana
QCL,Crops and livestock products,238,Ethiopia,5510,Production,1312,2013,2013,t,340012,A,Official value,,Banana
QCL,Crops and livestock products,238,Ethiopia,5312,Area harvested,1312,2014,2014,ha,53956,A,Official value,,Banana
QCL,Crops and livestock products,238,Ethiopia,5412,Yield,1312,2014,2014,kg/ha,8863.7,A,Official value,,Banana
QCL,Crops and livestock products,238,Ethiopia,5510,Production,1312,2014,2014,t,478251,A,Official value,,Banana
QCL,Crops and livestock products,238,Ethiopia,5312,Area harvested,1312,2015,2015,ha,55790,E,Estimated value,,Banana
QCL,Crops and livestock products,238,Ethiopia,5412,Yield,1312,2015,2015,kg/ha,8949.6,E,Estimated value,,Banana
QCL,Crops and livestock products,238,Ethiopia,5510,Production,1312,2015,2015,t,499300,E,Estimated value,,Banana
QCL,Crops and livestock products,238,Ethiopia,5312,Area harvested,1312,2016,2016,ha,63213,A,Official value,,Banana
QCL,Crops and livestock products,238,Ethiopia,5412,Yield,1312,2016,2016,kg/ha,8515.7,A,Official value,,Banana
QCL,Crops and livestock products,238,Ethiopia,5510,Production,1312,2016,2016,t,538302,A,Official value,,Banana
QCL,Crops and livestock products,238,Ethiopia,5312,Area harvested,1312,2017,2017,ha,65278,A,Official value,,Banana
QCL,Crops and livestock products,238,Ethiopia,5412,Yield,1312,2017,2017,kg/ha,8544.5,A,Official value,,Banana
QCL,Crops and livestock products,238,Ethiopia,5510,Production,1312,2017,2017,t,557768,A,Official value,,Banana
QCL,Crops and livestock products,238,Ethiopia,5312,Area harvested,1312,2018,2018,ha,68162,A,Official value,,Banana
QCL,Crops and livestock products,238,Ethiopia,5412,Yield,1312,2018,2018,kg/ha,7616.6,A,Official value,,Banana
QCL,Crops and livestock products,238,Ethiopia,5510,Production,1312,2018,2018,t,519164,A,Official value,,Banana
QCL,Crops and livestock products,238,Ethiopia,5312,Area harvested,1312,2019,2019,ha,67387,A,Official value,,Banana
QCL,Crops and livestock products,238,Ethiopia,5412,Yield,1312,2019,2019,kg/ha,8005.1,A,Official value,,Banana
QCL,Crops and livestock products,238,Ethiopia,5510,Production,1312,2019,2019,t,539442.65,A,Official value,,Banana
QCL,Crops and livestock products,238,Ethiopia,5312,Area harvested,1312,2020,2020,ha,95954,A,Official value,,Banana
QCL,Crops and livestock products,238,Ethiopia,5412,Yield,1312,2020,2020,kg/ha,9362.3,A,Official value,,Banana
QCL,Crops and livestock products,238,Ethiopia,5510,Production,1312,2020,2020,t,898354.82,A,Official value,,Banana
QCL,Crops and livestock products,238,Ethiopia,5312,Area harvested,1312,2021,2021,ha,94371,I,Value imputed by a receiving agency,,Banana
QCL,Crops and livestock products,238,Ethiopia,5412,Yield,1312,2021,2021,kg/ha,11638.3,E,Estimated value,,Banana
QCL,Crops and livestock products,238,Ethiopia,5510,Production,1312,2021,2021,t,1098311.72,I,Value imputed by a receiving agency,,Banana
QCL,Crops and livestock products,238,Ethiopia,5312,Area harvested,1312,2022,2022,ha,87202,A,Official value,,Banana
QCL,Crops and livestock products,238,Ethiopia,5412,Yield,1312,2022,2022,kg/ha,15536.6,A,Official value,,Banana
QCL,Crops and livestock products,238,Ethiopia,5510,Production,1312,2022,2022,t,1354827.28,A,Official value,,Banana
QCL,Crops and livestock products,238,Ethiopia,5312,Area harvested,1312,2023,2023,ha,90996,I,Value imputed by a receiving agency,,Banana
QCL,Crops and livestock products,238,Ethiopia,5412,Yield,1312,2023,2023,kg/ha,12277.1,E,Estimated value,,Banana
QCL,Crops and livestock products,238,Ethiopia,5510,Production,1312,2023,2023,t,1117164.6,E,Estimated value,,Banana
QCL,Crops and livestock products,238,Ethiopia,5312,Area harvested,1312,2024,2024,ha,90856,E,Estimated value,,Banana
QCL,Crops and livestock products,238,Ethiopia,5412,Yield,1312,2024,2024,kg/ha,13098.7,E,Estimated value,,Banana
QCL,Crops and livestock products,238,Ethiopia,5510,Production,1312,2024,2024,t,1190101.2,E,Estimated value,,Banana
QCL,Crops and livestock products,66,Fiji,5312,Area harvested,1312,2010,2010,ha,797,A,Official value,,Banana
QCL,Crops and livestock products,66,Fiji,5412,Yield,1312,2010,2010,kg/ha,5572.7,A,Official value,,Banana
QCL,Crops and livestock products,66,Fiji,5510,Production,1312,2010,2010,t,4442,A,Official value,,Banana
QCL,Crops and livestock products,66,Fiji,5312,Area harvested,1312,2011,2011,ha,902,A,Official value,,Banana
QCL,Crops and livestock products,66,Fiji,5412,Yield,1312,2011,2011,kg/ha,5334.6,A,Official value,,Banana
QCL,Crops and livestock products,66,Fiji,5510,Production,1312,2011,2011,t,4810,A,Official value,,Banana
QCL,Crops and livestock products,66,Fiji,5312,Area harvested,1312,2012,2012,ha,141,A,Official value,,Banana
QCL,Crops and livestock products,66,Fiji,5412,Yield,1312,2012,2012,kg/ha,5185.3,A,Official value,,Banana
QCL,Crops and livestock products,66,Fiji,5510,Production,1312,2012,2012,t,730,A,Official value,,Banana
QCL,Crops and livestock products,66,Fiji,5312,Area harvested,1312,2013,2013,ha,920,A,Official value,,Banana
QCL,Crops and livestock products,66,Fiji,5412,Yield,1312,2013,2013,kg/ha,5036.3,A,Official value,,Banana
QCL,Crops and livestock products,66,Fiji,5510,Production,1312,2013,2013,t,4634,A,Official value,,Banana
QCL,Crops and livestock products,66,Fiji,5312,Area harvested,1312,2014,2014,ha,1028,A,Official value,,Banana
QCL,Crops and livestock products,66,Fiji,5412,Yield,1312,2014,2014,kg/ha,4887.3,A,Official value,,Banana
QCL,Crops and livestock products,66,Fiji,5510,Production,1312,2014,2014,t,5021.76,A,Official value,,Banana
QCL,Crops and livestock products,66,Fiji,5312,Area harvested,1312,2015,2015,ha,527,A,Official value,,Banana
QCL,Crops and livestock products,66,Fiji,5412,Yield,1312,2015,2015,kg/ha,10000,A,Official value,,Banana
QCL,Crops and livestock products,66,Fiji,5510,Production,1312,2015,2015,t,5273,A,Official value,,Banana
QCL,Crops and livestock products,66,Fiji,5312,Area harvested,1312,2016,2016,ha,415,A,Official value,,Banana
QCL,Crops and livestock products,66,Fiji,5412,Yield,1312,2016,2016,kg/ha,10000,A,Official value,,Banana
QCL,Crops and livestock products,66,Fiji,5510,Production,1312,2016,2016,t,4148,A,Official value,,Banana
QCL,Crops and livestock products,66,Fiji,5312,Area harvested,1312,2017,2017,ha,436,A,Official value,,Banana
QCL,Crops and livestock products,66,Fiji,5412,Yield,1312,2017,2017,kg/ha,10000,A,Official value,,Banana
QCL,Crops and livestock products,66,Fiji,5510,Production,1312,2017,2017,t,4355.91,A,Official value,,Banana
QCL,Crops and livestock products,66,Fiji,5312,Area harvested,1312,2018,2018,ha,489,A,Official value,,Banana
QCL,Crops and livestock products,66,Fiji,5412,Yield,1312,2018,2018,kg/ha,9995.9,A,Official value,,Banana
QCL,Crops and livestock products,66,Fiji,5510,Production,1312,2018,2018,t,4888,A,Official value,,Banana
QCL,Crops and livestock products,66,Fiji,5312,Area harvested,1312,2019,2019,ha,509,A,Official value,,Banana
QCL,Crops and livestock products,66,Fiji,5412,Yield,1312,2019,2019,kg/ha,10000,A,Official value,,Banana
QCL,Crops and livestock products,66,Fiji,5510,Production,1312,2019,2019,t,5086,A,Official value,,Banana
QCL,Crops and livestock products,66,Fiji,5312,Area harvested,1312,2020,2020,ha,1095,A,Official value,,Banana
QCL,Crops and livestock products,66,Fiji,5412,Yield,1312,2020,2020,kg/ha,8000,A,Official value,,Banana
QCL,Crops and livestock products,66,Fiji,5510,Production,1312,2020,2020,t,8763.4,A,Official value,,Banana
QCL,Crops and livestock products,66,Fiji,5312,Area harvested,1312,2021,2021,ha,948,A,Official value,,Banana
QCL,Crops and livestock products,66,Fiji,5412,Yield,1312,2021,2021,kg/ha,8000,A,Official value,,Banana
QCL,Crops and livestock products,66,Fiji,5510,Production,1312,2021,2021,t,7585.59,A,Official value,,Banana
QCL,Crops and livestock products,66,Fiji,5312,Area harvested,1312,2022,2022,ha,505,A,Official value,,Banana
QCL,Crops and livestock products,66,Fiji,5412,Yield,1312,2022,2022,kg/ha,20000,A,Official value,,Banana
QCL,Crops and livestock products,66,Fiji,5510,Production,1312,2022,2022,t,10097.31,A,Official value,,Banana
QCL,Crops and livestock products,66,Fiji,5312,Area harvested,1312,2023,2023,ha,618,A,Official value,,Banana
QCL,Crops and livestock products,66,Fiji,5412,Yield,1312,2023,2023,kg/ha,20000,A,Official value,,Banana
QCL,Crops and livestock products,66,Fiji,5510,Production,1312,2023,2023,t,12364.8,A,Official value,,Banana
QCL,Crops and livestock products,66,Fiji,5312,Area harvested,1312,2024,2024,ha,669,A,Official value,,Banana
QCL,Crops and livestock products,66,Fiji,5412,Yield,1312,2024,2024,kg/ha,20000,A,Official value,,Banana
QCL,Crops and livestock products,66,Fiji,5510,Production,1312,2024,2024,t,13388.3,A,Official value,,Banana
QCL,Crops and livestock products,67,Finland,5312,Area harvested,1312,2018,2018,ha,0,A,Official value,,Banana
QCL,Crops and livestock products,67,Finland,5510,Production,1312,2018,2018,t,0,A,Official value,,Banana
QCL,Crops and livestock products,67,Finland,5312,Area harvested,1312,2019,2019,ha,0,A,Official value,,Banana
QCL,Crops and livestock products,67,Finland,5510,Production,1312,2019,2019,t,0,A,Official value,,Banana
QCL,Crops and livestock products,67,Finland,5312,Area harvested,1312,2020,2020,ha,0,A,Official value,,Banana
QCL,Crops and livestock products,67,Finland,5510,Production,1312,2020,2020,t,0,A,Official value,,Banana
QCL,Crops and livestock products,67,Finland,5312,Area harvested,1312,2021,2021,ha,0,A,Official value,,Banana
QCL,Crops and livestock products,67,Finland,5510,Production,1312,2021,2021,t,0,A,Official value,,Banana
QCL,Crops and livestock products,67,Finland,5312,Area harvested,1312,2022,2022,ha,0,A,Official value,,Banana
QCL,Crops and livestock products,67,Finland,5510,Production,1312,2022,2022,t,0,A,Official value,,Banana
QCL,Crops and livestock products,67,Finland,5312,Area harvested,1312,2023,2023,ha,0,A,Official value,,Banana
QCL,Crops and livestock products,67,Finland,5510,Production,1312,2023,2023,t,0,A,Official value,,Banana
QCL,Crops and livestock products,67,Finland,5312,Area harvested,1312,2024,2024,ha,0,A,Official value,,Banana
QCL,Crops and livestock products,67,Finland,5510,Production,1312,2024,2024,t,0,A,Official value,,Banana
QCL,Crops and livestock products,68,France,5312,Area harvested,1312,2018,2018,ha,7500,A,Official value,,Banana
QCL,Crops and livestock products,68,France,5412,Yield,1312,2018,2018,kg/ha,25433.3,A,Official value,,Banana
QCL,Crops and livestock products,68,France,5510,Production,1312,2018,2018,t,190750,A,Official value,,Banana
QCL,Crops and livestock products,68,France,5312,Area harvested,1312,2019,2019,ha,7780,A,Official value,,Banana
QCL,Crops and livestock products,68,France,5412,Yield,1312,2019,2019,kg/ha,26590,A,Official value,,Banana
QCL,Crops and livestock products,68,France,5510,Production,1312,2019,2019,t,206870,A,Official value,,Banana
QCL,Crops and livestock products,68,France,5312,Area harvested,1312,2020,2020,ha,11580,A,Official value,,Banana
QCL,Crops and livestock products,68,France,5412,Yield,1312,2020,2020,kg/ha,18319.5,A,Official value,,Banana
QCL,Crops and livestock products,68,France,5510,Production,1312,2020,2020,t,212140,A,Official value,,Banana
QCL,Crops and livestock products,68,France,5312,Area harvested,1312,2021,2021,ha,11480,A,Official value,,Banana
QCL,Crops and livestock products,68,France,5412,Yield,1312,2021,2021,kg/ha,19939,A,Official value,,Banana
QCL,Crops and livestock products,68,France,5510,Production,1312,2021,2021,t,228900,A,Official value,,Banana
QCL,Crops and livestock products,68,France,5312,Area harvested,1312,2022,2022,ha,10900,A,Official value,,Banana
QCL,Crops and livestock products,68,France,5412,Yield,1312,2022,2022,kg/ha,20690.8,A,Official value,,Banana
QCL,Crops and livestock products,68,France,5510,Production,1312,2022,2022,t,225530,A,Official value,,Banana
QCL,Crops and livestock products,68,France,5312,Area harvested,1312,2023,2023,ha,10900,A,Official value,,Banana
QCL,Crops and livestock products,68,France,5412,Yield,1312,2023,2023,kg/ha,19491.7,A,Official value,,Banana
QCL,Crops and livestock products,68,France,5510,Production,1312,2023,2023,t,212460,A,Official value,,Banana
QCL,Crops and livestock products,68,France,5312,Area harvested,1312,2024,2024,ha,11010,A,Official value,,Banana
QCL,Crops and livestock products,68,France,5412,Yield,1312,2024,2024,kg/ha,19157.1,A,Official value,,Banana
QCL,Crops and livestock products,68,France,5510,Production,1312,2024,2024,t,210920,A,Official value,,Banana
QCL,Crops and livestock products,70,French Polynesia,5312,Area harvested,1312,2010,2010,ha,206,I,Value imputed by a receiving agency,,Banana
QCL,Crops and livestock products,70,French Polynesia,5412,Yield,1312,2010,2010,kg/ha,1144.3,E,Estimated value,,Banana
QCL,Crops and livestock products,70,French Polynesia,5510,Production,1312,2010,2010,t,236,A,Official value,,Banana
QCL,Crops and livestock products,70,French Polynesia,5312,Area harvested,1312,2011,2011,ha,253,I,Value imputed by a receiving agency,,Banana
QCL,Crops and livestock products,70,French Polynesia,5412,Yield,1312,2011,2011,kg/ha,1127.5,E,Estimated value,,Banana
QCL,Crops and livestock products,70,French Polynesia,5510,Production,1312,2011,2011,t,285,A,Official value,,Banana
QCL,Crops and livestock products,70,French Polynesia,5312,Area harvested,1312,2012,2012,ha,335,A,Official value,,Banana
QCL,Crops and livestock products,70,French Polynesia,5412,Yield,1312,2012,2012,kg/ha,803,A,Official value,,Banana
QCL,Crops and livestock products,70,French Polynesia,5510,Production,1312,2012,2012,t,269,A,Official value,,Banana
QCL,Crops and livestock products,70,French Polynesia,5312,Area harvested,1312,2013,2013,ha,272,I,Value imputed by a receiving agency,,Banana
QCL,Crops and livestock products,70,French Polynesia,5412,Yield,1312,2013,2013,kg/ha,1080.2,E,Estimated value,,Banana
QCL,Crops and livestock products,70,French Polynesia,5510,Production,1312,2013,2013,t,294,A,Official value,,Banana
QCL,Crops and livestock products,70,French Polynesia,5312,Area harvested,1312,2014,2014,ha,408,I,Value imputed by a receiving agency,,Banana
QCL,Crops and livestock products,70,French Polynesia,5412,Yield,1312,2014,2014,kg/ha,1087.1,E,Estimated value,,Banana
QCL,Crops and livestock products,70,French Polynesia,5510,Production,1312,2014,2014,t,443,A,Official value,,Banana
QCL,Crops and livestock products,70,French Polynesia,5312,Area harvested,1312,2015,2015,ha,346,I,Value imputed by a receiving agency,,Banana
QCL,Crops and livestock products,70,French Polynesia,5412,Yield,1312,2015,2015,kg/ha,1094.4,E,Estimated value,,Banana
QCL,Crops and livestock products,70,French Polynesia,5510,Production,1312,2015,2015,t,379,A,Official value,,Banana
QCL,Crops and livestock products,70,French Polynesia,5312,Area harvested,1312,2016,2016,ha,309,I,Value imputed by a receiving agency,,Banana
QCL,Crops and livestock products,70,French Polynesia,5412,Yield,1312,2016,2016,kg/ha,1102.2,E,Estimated value,,Banana
QCL,Crops and livestock products,70,French Polynesia,5510,Production,1312,2016,2016,t,341,A,Official value,,Banana
QCL,Crops and livestock products,70,French Polynesia,5312,Area harvested,1312,2017,2017,ha,308,I,Value imputed by a receiving agency,,Banana
QCL,Crops and livestock products,70,French Polynesia,5412,Yield,1312,2017,2017,kg/ha,1110.3,E,Estimated value,,Banana
QCL,Crops and livestock products,70,French Polynesia,5510,Production,1312,2017,2017,t,342,A,Official value,,Banana
QCL,Crops and livestock products,70,French Polynesia,5312,Area harvested,1312,2018,2018,ha,283,I,Value imputed by a receiving agency,,Banana
QCL,Crops and livestock products,70,French Polynesia,5412,Yield,1312,2018,2018,kg/ha,1118.7,E,Estimated value,,Banana
QCL,Crops and livestock products,70,French Polynesia,5510,Production,1312,2018,2018,t,317,A,Official value,,Banana
QCL,Crops and livestock products,70,French Polynesia,5312,Area harvested,1312,2019,2019,ha,255,I,Value imputed by a receiving agency,,Banana
QCL,Crops and livestock products,70,French Polynesia,5412,Yield,1312,2019,2019,kg/ha,1127.3,E,Estimated value,,Banana
QCL,Crops and livestock products,70,French Polynesia,5510,Production,1312,2019,2019,t,288,A,Official value,,Banana
QCL,Crops and livestock products,70,French Polynesia,5312,Area harvested,1312,2020,2020,ha,188,I,Value imputed by a receiving agency,,Banana
QCL,Crops and livestock products,70,French Polynesia,5412,Yield,1312,2020,2020,kg/ha,1121.3,E,Estimated value,,Banana
QCL,Crops and livestock products,70,French Polynesia,5510,Production,1312,2020,2020,t,211,A,Official value,,Banana
QCL,Crops and livestock products,70,French Polynesia,5312,Area harvested,1312,2021,2021,ha,215,I,Value imputed by a receiving agency,,Banana
QCL,Crops and livestock products,70,French Polynesia,5412,Yield,1312,2021,2021,kg/ha,1131.2,E,Estimated value,,Banana
QCL,Crops and livestock products,70,French Polynesia,5510,Production,1312,2021,2021,t,243,A,Official value,,Banana
QCL,Crops and livestock products,70,French Polynesia,5312,Area harvested,1312,2022,2022,ha,233,I,Value imputed by a receiving agency,,Banana
QCL,Crops and livestock products,70,French Polynesia,5412,Yield,1312,2022,2022,kg/ha,1139.6,E,Estimated value,,Banana
QCL,Crops and livestock products,70,French Polynesia,5510,Production,1312,2022,2022,t,266,A,Official value,,Banana
QCL,Crops and livestock products,70,French Polynesia,5312,Area harvested,1312,2023,2023,ha,238,A,Official value,,Banana
QCL,Crops and livestock products,70,French Polynesia,5412,Yield,1312,2023,2023,kg/ha,1184.3,A,Official value,,Banana
QCL,Crops and livestock products,70,French Polynesia,5510,Production,1312,2023,2023,t,281.71,A,Official value,,Banana
QCL,Crops and livestock products,70,French Polynesia,5312,Area harvested,1312,2024,2024,ha,247,I,Value imputed by a receiving agency,,Banana
QCL,Crops and livestock products,70,French Polynesia,5412,Yield,1312,2024,2024,kg/ha,1147.2,E,Estimated value,,Banana
QCL,Crops and livestock products,70,French Polynesia,5510,Production,1312,2024,2024,t,283.48,I,Value imputed by a receiving agency,,Banana
QCL,Crops and livestock products,74,Gabon,5312,Area harvested,1312,2010,2010,ha,2200,E,Estimated value,,Banana
QCL,Crops and livestock products,74,Gabon,5412,Yield,1312,2010,2010,kg/ha,7500,E,Estimated value,,Banana
QCL,Crops and livestock products,74,Gabon,5510,Production,1312,2010,2010,t,16500,E,Estimated value,,Banana
QCL,Crops and livestock products,74,Gabon,5312,Area harvested,1312,2011,2011,ha,2200,E,Estimated value,,Banana
QCL,Crops and livestock products,74,Gabon,5412,Yield,1312,2011,2011,kg/ha,7636.4,E,Estimated value,,Banana
QCL,Crops and livestock products,74,Gabon,5510,Production,1312,2011,2011,t,16800,E,Estimated value,,Banana
QCL,Crops and livestock products,74,Gabon,5312,Area harvested,1312,2012,2012,ha,2200,E,Estimated value,,Banana
QCL,Crops and livestock products,74,Gabon,5412,Yield,1312,2012,2012,kg/ha,7727.3,E,Estimated value,,Banana
QCL,Crops and livestock products,74,Gabon,5510,Production,1312,2012,2012,t,17000,E,Estimated value,,Banana
QCL,Crops and livestock products,74,Gabon,5312,Area harvested,1312,2013,2013,ha,2220,I,Value imputed by a receiving agency,,Banana
QCL,Crops and livestock products,74,Gabon,5412,Yield,1312,2013,2013,kg/ha,7768.1,E,Estimated value,,Banana
QCL,Crops and livestock products,74,Gabon,5510,Production,1312,2013,2013,t,17241.83,I,Value imputed by a receiving agency,,Banana
QCL,Crops and livestock products,74,Gabon,5312,Area harvested,1312,2014,2014,ha,2232,I,Value imputed by a receiving agency,,Banana
QCL,Crops and livestock products,74,Gabon,5412,Yield,1312,2014,2014,kg/ha,7833.1,E,Estimated value,,Banana
QCL,Crops and livestock products,74,Gabon,5510,Production,1312,2014,2014,t,17485.09,I,Value imputed by a receiving agency,,Banana
QCL,Crops and livestock products,74,Gabon,5312,Area harvested,1312,2015,2015,ha,2274,I,Value imputed by a receiving agency,,Banana
QCL,Crops and livestock products,74,Gabon,5412,Yield,1312,2015,2015,kg/ha,8007.6,E,Estimated value,,Banana
QCL,Crops and livestock products,74,Gabon,5510,Production,1312,2015,2015,t,18212.86,I,Value imputed by a receiving agency,,Banana
QCL,Crops and livestock products,74,Gabon,5312,Area harvested,1312,2016,2016,ha,2311,I,Value imputed by a receiving agency,,Banana
QCL,Crops and livestock products,74,Gabon,5412,Yield,1312,2016,2016,kg/ha,7636.1,E,Estimated value,,Banana
QCL,Crops and livestock products,74,Gabon,5510,Production,1312,2016,2016,t,17646.6,E,Estimated value,,Banana
QCL,Crops and livestock products,74,Gabon,5312,Area harvested,1312,2017,2017,ha,2283,I,Value imputed by a receiving agency,,Banana
QCL,Crops and livestock products,74,Gabon,5412,Yield,1312,2017,2017,kg/ha,7624.2,E,Estimated value,,Banana
QCL,Crops and livestock products,74,Gabon,5510,Production,1312,2017,2017,t,17405.76,I,Value imputed by a receiving agency,,Banana
QCL,Crops and livestock products,74,Gabon,5312,Area harvested,1312,2018,2018,ha,2268,I,Value imputed by a receiving agency,,Banana
QCL,Crops and livestock products,74,Gabon,5412,Yield,1312,2018,2018,kg/ha,7585.5,E,Estimated value,,Banana
QCL,Crops and livestock products,74,Gabon,5510,Production,1312,2018,2018,t,17206.77,I,Value imputed by a receiving agency,,Banana
QCL,Crops and livestock products,74,Gabon,5312,Area harvested,1312,2019,2019,ha,2245,I,Value imputed by a receiving agency,,Banana
QCL,Crops and livestock products,74,Gabon,5412,Yield,1312,2019,2019,kg/ha,7586.4,E,Estimated value,,Banana
QCL,Crops and livestock products,74,Gabon,5510,Production,1312,2019,2019,t,17029.34,I,Value imputed by a receiving agency,,Banana
QCL,Crops and livestock products,74,Gabon,5312,Area harvested,1312,2020,2020,ha,2219,I,Value imputed by a receiving agency,,Banana
QCL,Crops and livestock products,74,Gabon,5412,Yield,1312,2020,2020,kg/ha,7610.4,E,Estimated value,,Banana
QCL,Crops and livestock products,74,Gabon,5510,Production,1312,2020,2020,t,16885.19,I,Value imputed by a receiving agency,,Banana
QCL,Crops and livestock products,74,Gabon,5312,Area harvested,1312,2021,2021,ha,2280,I,Value imputed by a receiving agency,,Banana
QCL,Crops and livestock products,74,Gabon,5412,Yield,1312,2021,2021,kg/ha,7730.1,E,Estimated value,,Banana
QCL,Crops and livestock products,74,Gabon,5510,Production,1312,2021,2021,t,17622.36,I,Value imputed by a receiving agency,,Banana
QCL,Crops and livestock products,74,Gabon,5312,Area harvested,1312,2022,2022,ha,2271,I,Value imputed by a receiving agency,,Banana
QCL,Crops and livestock products,74,Gabon,5412,Yield,1312,2022,2022,kg/ha,7706.7,E,Estimated value,,Banana
QCL,Crops and livestock products,74,Gabon,5510,Production,1312,2022,2022,t,17502.39,I,Value imputed by a receiving agency,,Banana
QCL,Crops and livestock products,74,Gabon,5312,Area harvested,1312,2023,2023,ha,2275,I,Value imputed by a receiving agency,,Banana
QCL,Crops and livestock products,74,Gabon,5412,Yield,1312,2023,2023,kg/ha,7718.5,E,Estimated value,,Banana
QCL,Crops and livestock products,74,Gabon,5510,Production,1312,2023,2023,t,17562.54,I,Value imputed by a receiving agency,,Banana
QCL,Crops and livestock products,74,Gabon,5312,Area harvested,1312,2024,2024,ha,2280,I,Value imputed by a receiving agency,,Banana
QCL,Crops and livestock products,74,Gabon,5412,Yield,1312,2024,2024,kg/ha,7730.3,E,Estimated value,,Banana
QCL,Crops and livestock products,74,Gabon,5510,Production,1312,2024,2024,t,17628.61,I,Value imputed by a receiving agency,,Banana
QCL,Crops and livestock products,79,Germany,5312,Area harvested,1312,2018,2018,ha,0,A,Official value,,Banana
QCL,Crops and livestock products,79,Germany,5510,Production,1312,2018,2018,t,0,A,Official value,,Banana
QCL,Crops and livestock products,79,Germany,5312,Area harvested,1312,2019,2019,ha,0,A,Official value,,Banana
QCL,Crops and livestock products,79,Germany,5510,Production,1312,2019,2019,t,0,A,Official value,,Banana
QCL,Crops and livestock products,79,Germany,5312,Area harvested,1312,2020,2020,ha,0,A,Official value,,Banana
QCL,Crops and livestock products,79,Germany,5510,Production,1312,2020,2020,t,0,A,Official value,,Banana
QCL,Crops and livestock products,79,Germany,5312,Area harvested,1312,2021,2021,ha,0,A,Official value,,Banana
QCL,Crops and livestock products,79,Germany,5510,Production,1312,2021,2021,t,0,A,Official value,,Banana
QCL,Crops and livestock products,79,Germany,5312,Area harvested,1312,2022,2022,ha,0,A,Official value,,Banana
QCL,Crops and livestock products,79,Germany,5510,Production,1312,2022,2022,t,0,A,Official value,,Banana
QCL,Crops and livestock products,79,Germany,5312,Area harvested,1312,2023,2023,ha,0,A,Official value,,Banana
QCL,Crops and livestock products,79,Germany,5510,Production,1312,2023,2023,t,0,A,Official value,,Banana
QCL,Crops and livestock products,79,Germany,5312,Area harvested,1312,2024,2024,ha,0,A,Official value,,Banana
QCL,Crops and livestock products,79,Germany,5510,Production,1312,2024,2024,t,0,A,Official value,,Banana
QCL,Crops and livestock products,81,Ghana,5312,Area harvested,1312,2010,2010,ha,7300,A,Official value,,Banana
QCL,Crops and livestock products,81,Ghana,5412,Yield,1312,2010,2010,kg/ha,9589,A,Official value,,Banana
QCL,Crops and livestock products,81,Ghana,5510,Production,1312,2010,2010,t,70000,A,Official value,,Banana
QCL,Crops and livestock products,81,Ghana,5312,Area harvested,1312,2011,2011,ha,7450,A,Official value,,Banana
QCL,Crops and livestock products,81,Ghana,5412,Yield,1312,2011,2011,kg/ha,10067.1,A,Official value,,Banana
QCL,Crops and livestock products,81,Ghana,5510,Production,1312,2011,2011,t,75000,A,Official value,,Banana
QCL,Crops and livestock products,81,Ghana,5312,Area harvested,1312,2012,2012,ha,7600,A,Official value,,Banana
QCL,Crops and livestock products,81,Ghana,5412,Yield,1312,2012,2012,kg/ha,10526.3,A,Official value,,Banana
QCL,Crops and livestock products,81,Ghana,5510,Production,1312,2012,2012,t,80000,A,Official value,,Banana
QCL,Crops and livestock products,81,Ghana,5312,Area harvested,1312,2013,2013,ha,7800,A,Official value,,Banana
QCL,Crops and livestock products,81,Ghana,5412,Yield,1312,2013,2013,kg/ha,10800,A,Official value,,Banana
QCL,Crops and livestock products,81,Ghana,5510,Production,1312,2013,2013,t,84240,A,Official value,,Banana
QCL,Crops and livestock products,81,Ghana,5312,Area harvested,1312,2014,2014,ha,7955,A,Official value,,Banana
QCL,Crops and livestock products,81,Ghana,5412,Yield,1312,2014,2014,kg/ha,11000,A,Official value,,Banana
QCL,Crops and livestock products,81,Ghana,5510,Production,1312,2014,2014,t,87505,A,Official value,,Banana
QCL,Crops and livestock products,81,Ghana,5312,Area harvested,1312,2015,2015,ha,7955,A,Official value,,Banana
QCL,Crops and livestock products,81,Ghana,5412,Yield,1312,2015,2015,kg/ha,11000,A,Official value,,Banana
QCL,Crops and livestock products,81,Ghana,5510,Production,1312,2015,2015,t,87505,A,Official value,,Banana
QCL,Crops and livestock products,81,Ghana,5312,Area harvested,1312,2016,2016,ha,7955,X,Value from external organization,Unofficial figure,Banana
QCL,Crops and livestock products,81,Ghana,5412,Yield,1312,2016,2016,kg/ha,11000,X,Value from external organization,,Banana
QCL,Crops and livestock products,81,Ghana,5510,Production,1312,2016,2016,t,87505,X,Value from external organization,Unofficial figure,Banana
QCL,Crops and livestock products,81,Ghana,5312,Area harvested,1312,2017,2017,ha,8305,I,Value imputed by a receiving agency,,Banana
QCL,Crops and livestock products,81,Ghana,5412,Yield,1312,2017,2017,kg/ha,11220.5,E,Estimated value,,Banana
QCL,Crops and livestock products,81,Ghana,5510,Production,1312,2017,2017,t,93181.83,I,Value imputed by a receiving agency,,Banana
QCL,Crops and livestock products,81,Ghana,5312,Area harvested,1312,2018,2018,ha,8706,I,Value imputed by a receiving agency,,Banana
QCL,Crops and livestock products,81,Ghana,5412,Yield,1312,2018,2018,kg/ha,11380.4,E,Estimated value,,Banana
QCL,Crops and livestock products,81,Ghana,5510,Production,1312,2018,2018,t,99082.57,I,Value imputed by a receiving agency,,Banana
QCL,Crops and livestock products,81,Ghana,5312,Area harvested,1312,2019,2019,ha,9190,I,Value imputed by a receiving agency,,Banana
QCL,Crops and livestock products,81,Ghana,5412,Yield,1312,2019,2019,kg/ha,11534.9,E,Estimated value,,Banana
QCL,Crops and livestock products,81,Ghana,5510,Production,1312,2019,2019,t,106000,E,Estimated value,,Banana
QCL,Crops and livestock products,81,Ghana,5312,Area harvested,1312,2020,2020,ha,9678,I,Value imputed by a receiving agency,,Banana
QCL,Crops and livestock products,81,Ghana,5412,Yield,1312,2020,2020,kg/ha,11627.2,E,Estimated value,,Banana
QCL,Crops and livestock products,81,Ghana,5510,Production,1312,2020,2020,t,112531.65,I,Value imputed by a receiving agency,,Banana
QCL,Crops and livestock products,81,Ghana,5312,Area harvested,1312,2021,2021,ha,9908,I,Value imputed by a receiving agency,,Banana
QCL,Crops and livestock products,81,Ghana,5412,Yield,1312,2021,2021,kg/ha,11890.8,E,Estimated value,,Banana
QCL,Crops and livestock products,81,Ghana,5510,Production,1312,2021,2021,t,117808.92,I,Value imputed by a receiving agency,,Banana
QCL,Crops and livestock products,81,Ghana,5312,Area harvested,1312,2022,2022,ha,10409,I,Value imputed by a receiving agency,,Banana
QCL,Crops and livestock products,81,Ghana,5412,Yield,1312,2022,2022,kg/ha,11876.5,E,Estimated value,,Banana
QCL,Crops and livestock products,81,Ghana,5510,Production,1312,2022,2022,t,123621.25,I,Value imputed by a receiving agency,,Banana
QCL,Crops and livestock products,81,Ghana,5312,Area harvested,1312,2023,2023,ha,10848,I,Value imputed by a receiving agency,,Banana
QCL,Crops and livestock products,81,Ghana,5412,Yield,1312,2023,2023,kg/ha,11984.1,E,Estimated value,,Banana
QCL,Crops and livestock products,81,Ghana,5510,Production,1312,2023,2023,t,130000,E,Estimated value,,Banana
QCL,Crops and livestock products,81,Ghana,5312,Area harvested,1312,2024,2024,ha,11170,I,Value imputed by a receiving agency,,Banana
QCL,Crops and livestock products,81,Ghana,5412,Yield,1312,2024,2024,kg/ha,12091.6,E,Estimated value,,Banana
QCL,Crops and livestock products,81,Ghana,5510,Production,1312,2024,2024,t,135062.74,I,Value imputed by a receiving agency,,Banana
QCL,Crops and livestock products,84,Greece,5312,Area harvested,1312,2010,2010,ha,166,A,Official value,,Banana
QCL,Crops and livestock products,84,Greece,5412,Yield,1312,2010,2010,kg/ha,25165.2,A,Official value,,Banana
QCL,Crops and livestock products,84,Greece,5510,Production,1312,2010,2010,t,4172.39,A,Official value,,Banana
QCL,Crops and livestock products,84,Greece,5312,Area harvested,1312,2011,2011,ha,165,A,Official value,,Banana
QCL,Crops and livestock products,84,Greece,5412,Yield,1312,2011,2011,kg/ha,26915.1,A,Official value,,Banana
QCL,Crops and livestock products,84,Greece,5510,Production,1312,2011,2011,t,4443.69,A,Official value,,Banana
QCL,Crops and livestock products,84,Greece,5312,Area harvested,1312,2012,2012,ha,168,A,Official value,,Banana
QCL,Crops and livestock products,84,Greece,5412,Yield,1312,2012,2012,kg/ha,26239.6,A,Official value,,Banana
QCL,Crops and livestock products,84,Greece,5510,Production,1312,2012,2012,t,4408.25,A,Official value,,Banana
QCL,Crops and livestock products,84,Greece,5312,Area harvested,1312,2013,2013,ha,163,A,Official value,,Banana
QCL,Crops and livestock products,84,Greece,5412,Yield,1312,2013,2013,kg/ha,27014.1,A,Official value,,Banana
QCL,Crops and livestock products,84,Greece,5510,Production,1312,2013,2013,t,4408.71,A,Official value,,Banana
QCL,Crops and livestock products,84,Greece,5312,Area harvested,1312,2014,2014,ha,77,A,Official value,,Banana
QCL,Crops and livestock products,84,Greece,5412,Yield,1312,2014,2014,kg/ha,37023.3,A,Official value,,Banana
QCL,Crops and livestock products,84,Greece,5510,Production,1312,2014,2014,t,2839.69,A,Official value,,Banana
QCL,Crops and livestock products,84,Greece,5312,Area harvested,1312,2015,2015,ha,73,A,Official value,,Banana
QCL,Crops and livestock products,84,Greece,5412,Yield,1312,2015,2015,kg/ha,37333.6,A,Official value,,Banana
QCL,Crops and livestock products,84,Greece,5510,Production,1312,2015,2015,t,2729.08,A,Official value,,Banana
QCL,Crops and livestock products,84,Greece,5312,Area harvested,1312,2016,2016,ha,73,A,Official value,,Banana
QCL,Crops and livestock products,84,Greece,5412,Yield,1312,2016,2016,kg/ha,32216.5,A,Official value,,Banana
QCL,Crops and livestock products,84,Greece,5510,Production,1312,2016,2016,t,2348.58,A,Official value,,Banana
QCL,Crops and livestock products,84,Greece,5312,Area harvested,1312,2017,2017,ha,72,A,Official value,,Banana
QCL,Crops and livestock products,84,Greece,5412,Yield,1312,2017,2017,kg/ha,33500,A,Official value,,Banana
QCL,Crops and livestock products,84,Greece,5510,Production,1312,2017,2017,t,2412,A,Official value,,Banana
QCL,Crops and livestock products,84,Greece,5312,Area harvested,1312,2018,2018,ha,90,A,Official value,,Banana
QCL,Crops and livestock products,84,Greece,5412,Yield,1312,2018,2018,kg/ha,49444.4,A,Official value,,Banana
QCL,Crops and livestock products,84,Greece,5510,Production,1312,2018,2018,t,4450,A,Official value,,Banana
QCL,Crops and livestock products,84,Greece,5312,Area harvested,1312,2019,2019,ha,100,A,Official value,,Banana
QCL,Crops and livestock products,84,Greece,5412,Yield,1312,2019,2019,kg/ha,48400,A,Official value,,Banana
QCL,Crops and livestock products,84,Greece,5510,Production,1312,2019,2019,t,4840,A,Official value,,Banana
QCL,Crops and livestock products,84,Greece,5312,Area harvested,1312,2020,2020,ha,100,A,Official value,,Banana
QCL,Crops and livestock products,84,Greece,5412,Yield,1312,2020,2020,kg/ha,47900,A,Official value,,Banana
QCL,Crops and livestock products,84,Greece,5510,Production,1312,2020,2020,t,4790,A,Official value,,Banana
QCL,Crops and livestock products,84,Greece,5312,Area harvested,1312,2021,2021,ha,100,A,Official value,,Banana
QCL,Crops and livestock products,84,Greece,5412,Yield,1312,2021,2021,kg/ha,14700,A,Official value,,Banana
QCL,Crops and livestock products,84,Greece,5510,Production,1312,2021,2021,t,1470,A,Official value,,Banana
QCL,Crops and livestock products,84,Greece,5312,Area harvested,1312,2022,2022,ha,110,A,Official value,,Banana
QCL,Crops and livestock products,84,Greece,5412,Yield,1312,2022,2022,kg/ha,13454.5,A,Official value,,Banana
QCL,Crops and livestock products,84,Greece,5510,Production,1312,2022,2022,t,1480,A,Official value,,Banana
QCL,Crops and livestock products,84,Greece,5312,Area harvested,1312,2023,2023,ha,90,A,Official value,,Banana
QCL,Crops and livestock products,84,Greece,5412,Yield,1312,2023,2023,kg/ha,15333.3,A,Official value,,Banana
QCL,Crops and livestock products,84,Greece,5510,Production,1312,2023,2023,t,1380,A,Official value,,Banana
QCL,Crops and livestock products,84,Greece,5312,Area harvested,1312,2024,2024,ha,80,A,Official value,,Banana
QCL,Crops and livestock products,84,Greece,5412,Yield,1312,2024,2024,kg/ha,13625,A,Official value,,Banana
QCL,Crops and livestock products,84,Greece,5510,Production,1312,2024,2024,t,1090,A,Official value,,Banana
QCL,Crops and livestock products,86,Grenada,5312,Area harvested,1312,2010,2010,ha,886,I,Value imputed by a receiving agency,,Banana
QCL,Crops and livestock products,86,Grenada,5412,Yield,1312,2010,2010,kg/ha,3385,E,Estimated value,,Banana
QCL,Crops and livestock products,86,Grenada,5510,Production,1312,2010,2010,t,2998.76,I,Value imputed by a receiving agency,,Banana
QCL,Crops and livestock products,86,Grenada,5312,Area harvested,1312,2011,2011,ha,1326,I,Value imputed by a receiving agency,,Banana
QCL,Crops and livestock products,86,Grenada,5412,Yield,1312,2011,2011,kg/ha,3385.5,E,Estimated value,,Banana
QCL,Crops and livestock products,86,Grenada,5510,Production,1312,2011,2011,t,4490.51,I,Value imputed by a receiving agency,,Banana
QCL,Crops and livestock products,86,Grenada,5312,Area harvested,1312,2012,2012,ha,1721,I,Value imputed by a receiving agency,,Banana
QCL,Crops and livestock products,86,Grenada,5412,Yield,1312,2012,2012,kg/ha,3389.8,E,Estimated value,,Banana
QCL,Crops and livestock products,86,Grenada,5510,Production,1312,2012,2012,t,5833.97,I,Value imputed by a receiving agency,,Banana
QCL,Crops and livestock products,86,Grenada,5312,Area harvested,1312,2013,2013,ha,1956,I,Value imputed by a receiving agency,,Banana
QCL,Crops and livestock products,86,Grenada,5412,Yield,1312,2013,2013,kg/ha,3392.4,E,Estimated value,,Banana
QCL,Crops and livestock products,86,Grenada,5510,Production,1312,2013,2013,t,6635,A,Official value,,Banana
QCL,Crops and livestock products,86,Grenada,5312,Area harvested,1312,2014,2014,ha,1954,I,Value imputed by a receiving agency,,Banana
QCL,Crops and livestock products,86,Grenada,5412,Yield,1312,2014,2014,kg/ha,3395,E,Estimated value,,Banana
QCL,Crops and livestock products,86,Grenada,5510,Production,1312,2014,2014,t,6635,A,Official value,,Banana
QCL,Crops and livestock products,86,Grenada,5312,Area harvested,1312,2015,2015,ha,1953,I,Value imputed by a receiving agency,,Banana
QCL,Crops and livestock products,86,Grenada,5412,Yield,1312,2015,2015,kg/ha,3397.6,E,Estimated value,,Banana
QCL,Crops and livestock products,86,Grenada,5510,Production,1312,2015,2015,t,6635,A,Official value,,Banana
QCL,Crops and livestock products,86,Grenada,5312,Area harvested,1312,2016,2016,ha,1956,I,Value imputed by a receiving agency,,Banana
QCL,Crops and livestock products,86,Grenada,5412,Yield,1312,2016,2016,kg/ha,3391.8,E,Estimated value,,Banana
QCL,Crops and livestock products,86,Grenada,5510,Production,1312,2016,2016,t,6635,A,Official value,,Banana
QCL,Crops and livestock products,86,Grenada,5312,Area harvested,1312,2017,2017,ha,1957,I,Value imputed by a receiving agency,,Banana
QCL,Crops and livestock products,86,Grenada,5412,Yield,1312,2017,2017,kg/ha,3390.5,E,Estimated value,,Banana
QCL,Crops and livestock products,86,Grenada,5510,Production,1312,2017,2017,t,6635,A,Official value,,Banana
QCL,Crops and livestock products,86,Grenada,5312,Area harvested,1312,2018,2018,ha,1484,I,Value imputed by a receiving agency,,Banana
QCL,Crops and livestock products,86,Grenada,5412,Yield,1312,2018,2018,kg/ha,3390.6,E,Estimated value,,Banana
QCL,Crops and livestock products,86,Grenada,5510,Production,1312,2018,2018,t,5030,A,Official value,,Banana
QCL,Crops and livestock products,86,Grenada,5312,Area harvested,1312,2019,2019,ha,1115,I,Value imputed by a receiving agency,,Banana
QCL,Crops and livestock products,86,Grenada,5412,Yield,1312,2019,2019,kg/ha,3390.8,E,Estimated value,,Banana
QCL,Crops and livestock products,86,Grenada,5510,Production,1312,2019,2019,t,3779,A,Official value,,Banana
QCL,Crops and livestock products,86,Grenada,5312,Area harvested,1312,2020,2020,ha,725,I,Value imputed by a receiving agency,,Banana
QCL,Crops and livestock products,86,Grenada,5412,Yield,1312,2020,2020,kg/ha,3391,E,Estimated value,,Banana
QCL,Crops and livestock products,86,Grenada,5510,Production,1312,2020,2020,t,2458,A,Official value,,Banana
QCL,Crops and livestock products,86,Grenada,5312,Area harvested,1312,2021,2021,ha,959,I,Value imputed by a receiving agency,,Banana
QCL,Crops and livestock products,86,Grenada,5412,Yield,1312,2021,2021,kg/ha,3391.3,E,Estimated value,,Banana
QCL,Crops and livestock products,86,Grenada,5510,Production,1312,2021,2021,t,3253,A,Official value,,Banana
QCL,Crops and livestock products,86,Grenada,5312,Area harvested,1312,2022,2022,ha,755,I,Value imputed by a receiving agency,,Banana
QCL,Crops and livestock products,86,Grenada,5412,Yield,1312,2022,2022,kg/ha,3390.3,E,Estimated value,,Banana
QCL,Crops and livestock products,86,Grenada,5510,Production,1312,2022,2022,t,2558,A,Official value,,Banana
QCL,Crops and livestock products,86,Grenada,5312,Area harvested,1312,2023,2023,ha,637,I,Value imputed by a receiving agency,,Banana
QCL,Crops and livestock products,86,Grenada,5412,Yield,1312,2023,2023,kg/ha,3391.1,E,Estimated value,,Banana
QCL,Crops and livestock products,86,Grenada,5510,Production,1312,2023,2023,t,2159,A,Official value,,Banana
QCL,Crops and livestock products,86,Grenada,5312,Area harvested,1312,2024,2024,ha,443,I,Value imputed by a receiving agency,,Banana
QCL,Crops and livestock products,86,Grenada,5412,Yield,1312,2024,2024,kg/ha,3392,E,Estimated value,,Banana
QCL,Crops and livestock products,86,Grenada,5510,Production,1312,2024,2024,t,1502,A,Official value,,Banana
QCL,Crops and livestock products,89,Guatemala,5312,Area harvested,1312,2010,2010,ha,63530,A,Official value,,Banana
QCL,Crops and livestock products,89,Guatemala,5412,Yield,1312,2010,2010,kg/ha,40305.2,A,Official value,,Banana
QCL,Crops and livestock products,89,Guatemala,5510,Production,1312,2010,2010,t,2560574.29,A,Official value,,Banana
QCL,Crops and livestock products,89,Guatemala,5312,Area harvested,1312,2011,2011,ha,65906,A,Official value,,Banana
QCL,Crops and livestock products,89,Guatemala,5412,Yield,1312,2011,2011,kg/ha,43705.7,A,Official value,,Banana
QCL,Crops and livestock products,89,Guatemala,5510,Production,1312,2011,2011,t,2880465.77,A,Official value,,Banana
QCL,Crops and livestock products,89,Guatemala,5312,Area harvested,1312,2012,2012,ha,68282,A,Official value,,Banana
QCL,Crops and livestock products,89,Guatemala,5412,Yield,1312,2012,2012,kg/ha,43618,A,Official value,,Banana
QCL,Crops and livestock products,89,Guatemala,5510,Production,1312,2012,2012,t,2978324,A,Official value,,Banana
QCL,Crops and livestock products,89,Guatemala,5312,Area harvested,1312,2013,2013,ha,70309,A,Official value,,Banana
QCL,Crops and livestock products,89,Guatemala,5412,Yield,1312,2013,2013,kg/ha,47035.8,A,Official value,,Banana
QCL,Crops and livestock products,89,Guatemala,5510,Production,1312,2013,2013,t,3307038,A,Official value,,Banana
QCL,Crops and livestock products,89,Guatemala,5312,Area harvested,1312,2014,2014,ha,71357,A,Official value,,Banana
QCL,Crops and livestock products,89,Guatemala,5412,Yield,1312,2014,2014,kg/ha,47996.9,A,Official value,,Banana
QCL,Crops and livestock products,89,Guatemala,5510,Production,1312,2014,2014,t,3424926.3,A,Official value,,Banana
QCL,Crops and livestock products,89,Guatemala,5312,Area harvested,1312,2015,2015,ha,75061,A,Official value,,Banana
QCL,Crops and livestock products,89,Guatemala,5412,Yield,1312,2015,2015,kg/ha,50573.4,A,Official value,,Banana
QCL,Crops and livestock products,89,Guatemala,5510,Production,1312,2015,2015,t,3796114.54,A,Official value,,Banana
QCL,Crops and livestock products,89,Guatemala,5312,Area harvested,1312,2016,2016,ha,78206,A,Official value,,Banana
QCL,Crops and livestock products,89,Guatemala,5412,Yield,1312,2016,2016,kg/ha,48271.6,A,Official value,,Banana
QCL,Crops and livestock products,89,Guatemala,5510,Production,1312,2016,2016,t,3775149.51,A,Official value,,Banana
QCL,Crops and livestock products,89,Guatemala,5312,Area harvested,1312,2017,2017,ha,78955,I,Value imputed by a receiving agency,,Banana
QCL,Crops and livestock products,89,Guatemala,5412,Yield,1312,2017,2017,kg/ha,51708.9,E,Estimated value,,Banana
QCL,Crops and livestock products,89,Guatemala,5510,Production,1312,2017,2017,t,4082703,A,Official value,,Banana
QCL,Crops and livestock products,89,Guatemala,5312,Area harvested,1312,2018,2018,ha,74643,A,Official value,,Banana
QCL,Crops and livestock products,89,Guatemala,5412,Yield,1312,2018,2018,kg/ha,56364.7,A,Official value,,Banana
QCL,Crops and livestock products,89,Guatemala,5510,Production,1312,2018,2018,t,4207229,A,Official value,,Banana
QCL,Crops and livestock products,89,Guatemala,5312,Area harvested,1312,2019,2019,ha,71885,I,Value imputed by a receiving agency,,Banana
QCL,Crops and livestock products,89,Guatemala,5412,Yield,1312,2019,2019,kg/ha,54407.7,E,Estimated value,,Banana
QCL,Crops and livestock products,89,Guatemala,5510,Production,1312,2019,2019,t,3911126,A,Official value,,Banana
QCL,Crops and livestock products,89,Guatemala,5312,Area harvested,1312,2020,2020,ha,76822,A,Official value,,Banana
QCL,Crops and livestock products,89,Guatemala,5412,Yield,1312,2020,2020,kg/ha,52790.8,A,Official value,,Banana
QCL,Crops and livestock products,89,Guatemala,5510,Production,1312,2020,2020,t,4055498,A,Official value,,Banana
QCL,Crops and livestock products,89,Guatemala,5312,Area harvested,1312,2021,2021,ha,78690,I,Value imputed by a receiving agency,,Banana
QCL,Crops and livestock products,89,Guatemala,5412,Yield,1312,2021,2021,kg/ha,59086.4,E,Estimated value,,Banana
QCL,Crops and livestock products,89,Guatemala,5510,Production,1312,2021,2021,t,4649527,A,Official value,,Banana
QCL,Crops and livestock products,89,Guatemala,5312,Area harvested,1312,2022,2022,ha,76821,A,Official value,,Banana
QCL,Crops and livestock products,89,Guatemala,5412,Yield,1312,2022,2022,kg/ha,58253.9,A,Official value,,Banana
QCL,Crops and livestock products,89,Guatemala,5510,Production,1312,2022,2022,t,4475123,A,Official value,,Banana
QCL,Crops and livestock products,89,Guatemala,5312,Area harvested,1312,2023,2023,ha,61747,A,Official value,,Banana
QCL,Crops and livestock products,89,Guatemala,5412,Yield,1312,2023,2023,kg/ha,49390,A,Official value,,Banana
QCL,Crops and livestock products,89,Guatemala,5510,Production,1312,2023,2023,t,3049707,A,Official value,,Banana
QCL,Crops and livestock products,89,Guatemala,5312,Area harvested,1312,2024,2024,ha,57183,I,Value imputed by a receiving agency,,Banana
QCL,Crops and livestock products,89,Guatemala,5412,Yield,1312,2024,2024,kg/ha,49726.5,E,Estimated value,,Banana
QCL,Crops and livestock products,89,Guatemala,5510,Production,1312,2024,2024,t,2843486.78,I,Value imputed by a receiving agency,,Banana
QCL,Crops and livestock products,90,Guinea,5312,Area harvested,1312,2010,2010,ha,40904,I,Value imputed by a receiving agency,,Banana
QCL,Crops and livestock products,90,Guinea,5412,Yield,1312,2010,2010,kg/ha,4691.6,E,Estimated value,,Banana
QCL,Crops and livestock products,90,Guinea,5510,Production,1312,2010,2010,t,191905.23,I,Value imputed by a receiving agency,,Banana
QCL,Crops and livestock products,90,Guinea,5312,Area harvested,1312,2011,2011,ha,40000,E,Estimated value,,Banana
QCL,Crops and livestock products,90,Guinea,5412,Yield,1312,2011,2011,kg/ha,5250,E,Estimated value,,Banana
QCL,Crops and livestock products,90,Guinea,5510,Production,1312,2011,2011,t,210000,E,Estimated value,,Banana
QCL,Crops and livestock products,90,Guinea,5312,Area harvested,1312,2012,2012,ha,42000,E,Estimated value,,Banana
QCL,Crops and livestock products,90,Guinea,5412,Yield,1312,2012,2012,kg/ha,5119,E,Estimated value,,Banana
QCL,Crops and livestock products,90,Guinea,5510,Production,1312,2012,2012,t,215000,E,Estimated value,,Banana
QCL,Crops and livestock products,90,Guinea,5312,Area harvested,1312,2013,2013,ha,42483,I,Value imputed by a receiving agency,,Banana
QCL,Crops and livestock products,90,Guinea,5412,Yield,1312,2013,2013,kg/ha,4989.7,E,Estimated value,,Banana
QCL,Crops and livestock products,90,Guinea,5510,Production,1312,2013,2013,t,211979.68,I,Value imputed by a receiving agency,,Banana
QCL,Crops and livestock products,90,Guinea,5312,Area harvested,1312,2014,2014,ha,42518,I,Value imputed by a receiving agency,,Banana
QCL,Crops and livestock products,90,Guinea,5412,Yield,1312,2014,2014,kg/ha,4985.2,E,Estimated value,,Banana
QCL,Crops and livestock products,90,Guinea,5510,Production,1312,2014,2014,t,211959.38,I,Value imputed by a receiving agency,,Banana
QCL,Crops and livestock products,90,Guinea,5312,Area harvested,1312,2015,2015,ha,41524,I,Value imputed by a receiving agency,,Banana
QCL,Crops and livestock products,90,Guinea,5412,Yield,1312,2015,2015,kg/ha,5207.3,E,Estimated value,,Banana
QCL,Crops and livestock products,90,Guinea,5510,Production,1312,2015,2015,t,216227.24,I,Value imputed by a receiving agency,,Banana
QCL,Crops and livestock products,90,Guinea,5312,Area harvested,1312,2016,2016,ha,41203,I,Value imputed by a receiving agency,,Banana
QCL,Crops and livestock products,90,Guinea,5412,Yield,1312,2016,2016,kg/ha,5359.6,E,Estimated value,,Banana
QCL,Crops and livestock products,90,Guinea,5510,Production,1312,2016,2016,t,220828.99,I,Value imputed by a receiving agency,,Banana
QCL,Crops and livestock products,90,Guinea,5312,Area harvested,1312,2017,2017,ha,41049,I,Value imputed by a receiving agency,,Banana
QCL,Crops and livestock products,90,Guinea,5412,Yield,1312,2017,2017,kg/ha,5487.7,E,Estimated value,,Banana
QCL,Crops and livestock products,90,Guinea,5510,Production,1312,2017,2017,t,225265.93,I,Value imputed by a receiving agency,,Banana
QCL,Crops and livestock products,90,Guinea,5312,Area harvested,1312,2018,2018,ha,41191,I,Value imputed by a receiving agency,,Banana
QCL,Crops and livestock products,90,Guinea,5412,Yield,1312,2018,2018,kg/ha,5575.9,E,Estimated value,,Banana
QCL,Crops and livestock products,90,Guinea,5510,Production,1312,2018,2018,t,229674.53,I,Value imputed by a receiving agency,,Banana
QCL,Crops and livestock products,90,Guinea,5312,Area harvested,1312,2019,2019,ha,41397,I,Value imputed by a receiving agency,,Banana
QCL,Crops and livestock products,90,Guinea,5412,Yield,1312,2019,2019,kg/ha,5653.2,E,Estimated value,,Banana
QCL,Crops and livestock products,90,Guinea,5510,Production,1312,2019,2019,t,234028.45,I,Value imputed by a receiving agency,,Banana
QCL,Crops and livestock products,90,Guinea,5312,Area harvested,1312,2020,2020,ha,41611,I,Value imputed by a receiving agency,,Banana
QCL,Crops and livestock products,90,Guinea,5412,Yield,1312,2020,2020,kg/ha,5519.1,E,Estimated value,,Banana
QCL,Crops and livestock products,90,Guinea,5510,Production,1312,2020,2020,t,229656.31,E,Estimated value,,Banana
QCL,Crops and livestock products,90,Guinea,5312,Area harvested,1312,2021,2021,ha,40832,I,Value imputed by a receiving agency,,Banana
QCL,Crops and livestock products,90,Guinea,5412,Yield,1312,2021,2021,kg/ha,5660.3,E,Estimated value,,Banana
QCL,Crops and livestock products,90,Guinea,5510,Production,1312,2021,2021,t,231119.76,E,Estimated value,,Banana
QCL,Crops and livestock products,90,Guinea,5312,Area harvested,1312,2022,2022,ha,40538,I,Value imputed by a receiving agency,,Banana
QCL,Crops and livestock products,90,Guinea,5412,Yield,1312,2022,2022,kg/ha,5713.2,E,Estimated value,,Banana
QCL,Crops and livestock products,90,Guinea,5510,Production,1312,2022,2022,t,231601.51,E,Estimated value,,Banana
QCL,Crops and livestock products,90,Guinea,5312,Area harvested,1312,2023,2023,ha,40287,I,Value imputed by a receiving agency,,Banana
QCL,Crops and livestock products,90,Guinea,5412,Yield,1312,2023,2023,kg/ha,5728.7,E,Estimated value,,Banana
QCL,Crops and livestock products,90,Guinea,5510,Production,1312,2023,2023,t,230792.53,E,Estimated value,,Banana
QCL,Crops and livestock products,90,Guinea,5312,Area harvested,1312,2024,2024,ha,40006,I,Value imputed by a receiving agency,,Banana
QCL,Crops and livestock products,90,Guinea,5412,Yield,1312,2024,2024,kg/ha,5778.4,E,Estimated value,,Banana
QCL,Crops and livestock products,90,Guinea,5510,Production,1312,2024,2024,t,231171.27,E,Estimated value,,Banana
QCL,Crops and livestock products,175,Guinea-Bissau,5312,Area harvested,1312,2010,2010,ha,590,I,Value imputed by a receiving agency,,Banana
QCL,Crops and livestock products,175,Guinea-Bissau,5412,Yield,1312,2010,2010,kg/ha,11164.1,E,Estimated value,,Banana
QCL,Crops and livestock products,175,Guinea-Bissau,5510,Production,1312,2010,2010,t,6582.21,I,Value imputed by a receiving agency,,Banana
QCL,Crops and livestock products,175,Guinea-Bissau,5312,Area harvested,1312,2011,2011,ha,611,I,Value imputed by a receiving agency,,Banana
QCL,Crops and livestock products,175,Guinea-Bissau,5412,Yield,1312,2011,2011,kg/ha,11478.7,E,Estimated value,,Banana
QCL,Crops and livestock products,175,Guinea-Bissau,5510,Production,1312,2011,2011,t,7016.85,I,Value imputed by a receiving agency,,Banana
QCL,Crops and livestock products,175,Guinea-Bissau,5312,Area harvested,1312,2012,2012,ha,600,E,Estimated value,,Banana
QCL,Crops and livestock products,175,Guinea-Bissau,5412,Yield,1312,2012,2012,kg/ha,12500,E,Estimated value,,Banana
QCL,Crops and livestock products,175,Guinea-Bissau,5510,Production,1312,2012,2012,t,7500,E,Estimated value,,Banana
QCL,Crops and livestock products,175,Guinea-Bissau,5312,Area harvested,1312,2013,2013,ha,664,I,Value imputed by a receiving agency,,Banana
QCL,Crops and livestock products,175,Guinea-Bissau,5412,Yield,1312,2013,2013,kg/ha,11945.6,E,Estimated value,,Banana
QCL,Crops and livestock products,175,Guinea-Bissau,5510,Production,1312,2013,2013,t,7936.7,I,Value imputed by a receiving agency,,Banana
QCL,Crops and livestock products,175,Guinea-Bissau,5312,Area harvested,1312,2014,2014,ha,683,I,Value imputed by a receiving agency,,Banana
QCL,Crops and livestock products,175,Guinea-Bissau,5412,Yield,1312,2014,2014,kg/ha,12079.1,E,Estimated value,,Banana
QCL,Crops and livestock products,175,Guinea-Bissau,5510,Production,1312,2014,2014,t,8250.21,I,Value imputed by a receiving agency,,Banana
QCL,Crops and livestock products,175,Guinea-Bissau,5312,Area harvested,1312,2015,2015,ha,688,I,Value imputed by a receiving agency,,Banana
QCL,Crops and livestock products,175,Guinea-Bissau,5412,Yield,1312,2015,2015,kg/ha,12374.4,E,Estimated value,,Banana
QCL,Crops and livestock products,175,Guinea-Bissau,5510,Production,1312,2015,2015,t,8511.06,I,Value imputed by a receiving agency,,Banana
QCL,Crops and livestock products,175,Guinea-Bissau,5312,Area harvested,1312,2016,2016,ha,707,I,Value imputed by a receiving agency,,Banana
QCL,Crops and livestock products,175,Guinea-Bissau,5412,Yield,1312,2016,2016,kg/ha,11651.7,E,Estimated value,,Banana
QCL,Crops and livestock products,175,Guinea-Bissau,5510,Production,1312,2016,2016,t,8232.65,E,Estimated value,,Banana
QCL,Crops and livestock products,175,Guinea-Bissau,5312,Area harvested,1312,2017,2017,ha,703,I,Value imputed by a receiving agency,,Banana
QCL,Crops and livestock products,175,Guinea-Bissau,5412,Yield,1312,2017,2017,kg/ha,11824.4,E,Estimated value,,Banana
QCL,Crops and livestock products,175,Guinea-Bissau,5510,Production,1312,2017,2017,t,8314.66,I,Value imputed by a receiving agency,,Banana
QCL,Crops and livestock products,175,Guinea-Bissau,5312,Area harvested,1312,2018,2018,ha,714,I,Value imputed by a receiving agency,,Banana
QCL,Crops and livestock products,175,Guinea-Bissau,5412,Yield,1312,2018,2018,kg/ha,11935.1,E,Estimated value,,Banana
QCL,Crops and livestock products,175,Guinea-Bissau,5510,Production,1312,2018,2018,t,8520.27,I,Value imputed by a receiving agency,,Banana
QCL,Crops and livestock products,175,Guinea-Bissau,5312,Area harvested,1312,2019,2019,ha,722,I,Value imputed by a receiving agency,,Banana
QCL,Crops and livestock products,175,Guinea-Bissau,5412,Yield,1312,2019,2019,kg/ha,12045.1,E,Estimated value,,Banana
QCL,Crops and livestock products,175,Guinea-Bissau,5510,Production,1312,2019,2019,t,8698.59,I,Value imputed by a receiving agency,,Banana
QCL,Crops and livestock products,175,Guinea-Bissau,5312,Area harvested,1312,2020,2020,ha,729,I,Value imputed by a receiving agency,,Banana
QCL,Crops and livestock products,175,Guinea-Bissau,5412,Yield,1312,2020,2020,kg/ha,12092.4,E,Estimated value,,Banana
QCL,Crops and livestock products,175,Guinea-Bissau,5510,Production,1312,2020,2020,t,8817.71,I,Value imputed by a receiving agency,,Banana
QCL,Crops and livestock products,175,Guinea-Bissau,5312,Area harvested,1312,2021,2021,ha,722,E,Estimated value,,Banana
QCL,Crops and livestock products,175,Guinea-Bissau,5412,Yield,1312,2021,2021,kg/ha,12024.8,E,Estimated value,,Banana
QCL,Crops and livestock products,175,Guinea-Bissau,5510,Production,1312,2021,2021,t,8678.86,E,Estimated value,,Banana
QCL,Crops and livestock products,175,Guinea-Bissau,5312,Area harvested,1312,2022,2022,ha,724,E,Estimated value,,Banana
QCL,Crops and livestock products,175,Guinea-Bissau,5412,Yield,1312,2022,2022,kg/ha,12054.2,E,Estimated value,,Banana
QCL,Crops and livestock products,175,Guinea-Bissau,5510,Production,1312,2022,2022,t,8731.72,E,Estimated value,,Banana
QCL,Crops and livestock products,175,Guinea-Bissau,5312,Area harvested,1312,2023,2023,ha,725,E,Estimated value,,Banana
QCL,Crops and livestock products,175,Guinea-Bissau,5412,Yield,1312,2023,2023,kg/ha,12057.3,E,Estimated value,,Banana
QCL,Crops and livestock products,175,Guinea-Bissau,5510,Production,1312,2023,2023,t,8742.76,E,Estimated value,,Banana
QCL,Crops and livestock products,175,Guinea-Bissau,5312,Area harvested,1312,2024,2024,ha,724,E,Estimated value,,Banana
QCL,Crops and livestock products,175,Guinea-Bissau,5412,Yield,1312,2024,2024,kg/ha,12045.5,E,Estimated value,,Banana
QCL,Crops and livestock products,175,Guinea-Bissau,5510,Production,1312,2024,2024,t,8717.78,E,Estimated value,,Banana
QCL,Crops and livestock products,91,Guyana,5312,Area harvested,1312,2010,2010,ha,486,I,Value imputed by a receiving agency,,Banana
QCL,Crops and livestock products,91,Guyana,5412,Yield,1312,2010,2010,kg/ha,11916.6,E,Estimated value,,Banana
QCL,Crops and livestock products,91,Guyana,5510,Production,1312,2010,2010,t,5794.9,A,Official value,,Banana
QCL,Crops and livestock products,91,Guyana,5312,Area harvested,1312,2011,2011,ha,292,I,Value imputed by a receiving agency,,Banana
QCL,Crops and livestock products,91,Guyana,5412,Yield,1312,2011,2011,kg/ha,14909.6,E,Estimated value,,Banana
QCL,Crops and livestock products,91,Guyana,5510,Production,1312,2011,2011,t,4353,A,Official value,,Banana
QCL,Crops and livestock products,91,Guyana,5312,Area harvested,1312,2012,2012,ha,184,I,Value imputed by a receiving agency,,Banana
QCL,Crops and livestock products,91,Guyana,5412,Yield,1312,2012,2012,kg/ha,20935.8,E,Estimated value,,Banana
QCL,Crops and livestock products,91,Guyana,5510,Production,1312,2012,2012,t,3847,A,Official value,,Banana
QCL,Crops and livestock products,91,Guyana,5312,Area harvested,1312,2013,2013,ha,221,I,Value imputed by a receiving agency,,Banana
QCL,Crops and livestock products,91,Guyana,5412,Yield,1312,2013,2013,kg/ha,23373.9,E,Estimated value,,Banana
QCL,Crops and livestock products,91,Guyana,5510,Production,1312,2013,2013,t,5168,A,Official value,,Banana
QCL,Crops and livestock products,91,Guyana,5312,Area harvested,1312,2014,2014,ha,451,A,Official value,,Banana
QCL,Crops and livestock products,91,Guyana,5412,Yield,1312,2014,2014,kg/ha,26242.9,A,Official value,,Banana
QCL,Crops and livestock products,91,Guyana,5510,Production,1312,2014,2014,t,11846,A,Official value,,Banana
QCL,Crops and livestock products,91,Guyana,5312,Area harvested,1312,2015,2015,ha,603,A,Official value,,Banana
QCL,Crops and livestock products,91,Guyana,5412,Yield,1312,2015,2015,kg/ha,19647.4,A,Official value,,Banana
QCL,Crops and livestock products,91,Guyana,5510,Production,1312,2015,2015,t,11846,A,Official value,,Banana
QCL,Crops and livestock products,91,Guyana,5312,Area harvested,1312,2016,2016,ha,754,A,Official value,,Banana
QCL,Crops and livestock products,91,Guyana,5412,Yield,1312,2016,2016,kg/ha,20649.9,A,Official value,,Banana
QCL,Crops and livestock products,91,Guyana,5510,Production,1312,2016,2016,t,15570,A,Official value,,Banana
QCL,Crops and livestock products,91,Guyana,5312,Area harvested,1312,2017,2017,ha,553,A,Official value,,Banana
QCL,Crops and livestock products,91,Guyana,5412,Yield,1312,2017,2017,kg/ha,28204.3,A,Official value,,Banana
QCL,Crops and livestock products,91,Guyana,5510,Production,1312,2017,2017,t,15597,A,Official value,,Banana
QCL,Crops and livestock products,91,Guyana,5312,Area harvested,1312,2018,2018,ha,1321,A,Official value,,Banana
QCL,Crops and livestock products,91,Guyana,5412,Yield,1312,2018,2018,kg/ha,12719.3,A,Official value,,Banana
QCL,Crops and livestock products,91,Guyana,5510,Production,1312,2018,2018,t,16802.2,A,Official value,,Banana
QCL,Crops and livestock products,91,Guyana,5312,Area harvested,1312,2019,2019,ha,571,A,Official value,,Banana
QCL,Crops and livestock products,91,Guyana,5412,Yield,1312,2019,2019,kg/ha,29999.9,A,Official value,,Banana
QCL,Crops and livestock products,91,Guyana,5510,Production,1312,2019,2019,t,17133.94,A,Official value,,Banana
QCL,Crops and livestock products,91,Guyana,5312,Area harvested,1312,2020,2020,ha,571,A,Official value,,Banana
QCL,Crops and livestock products,91,Guyana,5412,Yield,1312,2020,2020,kg/ha,30113.9,A,Official value,,Banana
QCL,Crops and livestock products,91,Guyana,5510,Production,1312,2020,2020,t,17205.11,A,Official value,,Banana
QCL,Crops and livestock products,91,Guyana,5312,Area harvested,1312,2021,2021,ha,582,I,Value imputed by a receiving agency,,Banana
QCL,Crops and livestock products,91,Guyana,5412,Yield,1312,2021,2021,kg/ha,30295.4,E,Estimated value,,Banana
QCL,Crops and livestock products,91,Guyana,5510,Production,1312,2021,2021,t,17625,A,Official value,,Banana
QCL,Crops and livestock products,91,Guyana,5312,Area harvested,1312,2022,2022,ha,588,I,Value imputed by a receiving agency,,Banana
QCL,Crops and livestock products,91,Guyana,5412,Yield,1312,2022,2022,kg/ha,31789,E,Estimated value,,Banana
QCL,Crops and livestock products,91,Guyana,5510,Production,1312,2022,2022,t,18687,A,Official value,,Banana
QCL,Crops and livestock products,91,Guyana,5312,Area harvested,1312,2023,2023,ha,579,I,Value imputed by a receiving agency,,Banana
QCL,Crops and livestock products,91,Guyana,5412,Yield,1312,2023,2023,kg/ha,32854.5,E,Estimated value,,Banana
QCL,Crops and livestock products,91,Guyana,5510,Production,1312,2023,2023,t,19011,A,Official value,,Banana
QCL,Crops and livestock products,91,Guyana,5312,Area harvested,1312,2024,2024,ha,625,I,Value imputed by a receiving agency,,Banana
QCL,Crops and livestock products,91,Guyana,5412,Yield,1312,2024,2024,kg/ha,33809.7,E,Estimated value,,Banana
QCL,Crops and livestock products,91,Guyana,5510,Production,1312,2024,2024,t,21136,A,Official value,,Banana
QCL,Crops and livestock products,93,Haiti,5312,Area harvested,1312,2010,2010,ha,49000,E,Estimated value,,Banana
QCL,Crops and livestock products,93,Haiti,5412,Yield,1312,2010,2010,kg/ha,5204.1,E,Estimated value,,Banana
QCL,Crops and livestock products,93,Haiti,5510,Production,1312,2010,2010,t,255000,E,Estimated value,,Banana
QCL,Crops and livestock products,93,Haiti,5312,Area harvested,1312,2011,2011,ha,50000,E,Estimated value,,Banana
QCL,Crops and livestock products,93,Haiti,5412,Yield,1312,2011,2011,kg/ha,5300,E,Estimated value,,Banana
QCL,Crops and livestock products,93,Haiti,5510,Production,1312,2011,2011,t,265000,E,Estimated value,,Banana
QCL,Crops and livestock products,93,Haiti,5312,Area harvested,1312,2012,2012,ha,52000,E,Estimated value,,Banana
QCL,Crops and livestock products,93,Haiti,5412,Yield,1312,2012,2012,kg/ha,5192.3,E,Estimated value,,Banana
QCL,Crops and livestock products,93,Haiti,5510,Production,1312,2012,2012,t,270000,E,Estimated value,,Banana
QCL,Crops and livestock products,93,Haiti,5312,Area harvested,1312,2013,2013,ha,48753,I,Value imputed by a receiving agency,,Banana
QCL,Crops and livestock products,93,Haiti,5412,Yield,1312,2013,2013,kg/ha,5156.6,E,Estimated value,,Banana
QCL,Crops and livestock products,93,Haiti,5510,Production,1312,2013,2013,t,251400,X,Value from external organization,Unofficial figure,Banana
QCL,Crops and livestock products,93,Haiti,5312,Area harvested,1312,2014,2014,ha,54777,I,Value imputed by a receiving agency,,Banana
QCL,Crops and livestock products,93,Haiti,5412,Yield,1312,2014,2014,kg/ha,5047.7,E,Estimated value,,Banana
QCL,Crops and livestock products,93,Haiti,5510,Production,1312,2014,2014,t,276500,X,Value from external organization,Unofficial figure,Banana
QCL,Crops and livestock products,93,Haiti,5312,Area harvested,1312,2015,2015,ha,58947,I,Value imputed by a receiving agency,,Banana
QCL,Crops and livestock products,93,Haiti,5412,Yield,1312,2015,2015,kg/ha,4736.2,E,Estimated value,,Banana
QCL,Crops and livestock products,93,Haiti,5510,Production,1312,2015,2015,t,279181.13,I,Value imputed by a receiving agency,,Banana
QCL,Crops and livestock products,93,Haiti,5312,Area harvested,1312,2016,2016,ha,54159,E,Estimated value,,Banana
QCL,Crops and livestock products,93,Haiti,5412,Yield,1312,2016,2016,kg/ha,5141.7,E,Estimated value,,Banana
QCL,Crops and livestock products,93,Haiti,5510,Production,1312,2016,2016,t,278467.68,I,Value imputed by a receiving agency,,Banana
QCL,Crops and livestock products,93,Haiti,5312,Area harvested,1312,2017,2017,ha,55961,E,Estimated value,,Banana
QCL,Crops and livestock products,93,Haiti,5412,Yield,1312,2017,2017,kg/ha,4925.1,E,Estimated value,,Banana
QCL,Crops and livestock products,93,Haiti,5510,Production,1312,2017,2017,t,275616.07,I,Value imputed by a receiving agency,,Banana
QCL,Crops and livestock products,93,Haiti,5312,Area harvested,1312,2018,2018,ha,58296,I,Value imputed by a receiving agency,,Banana
QCL,Crops and livestock products,93,Haiti,5412,Yield,1312,2018,2018,kg/ha,4829.8,E,Estimated value,,Banana
QCL,Crops and livestock products,93,Haiti,5510,Production,1312,2018,2018,t,281559,A,Official value,,Banana
QCL,Crops and livestock products,93,Haiti,5312,Area harvested,1312,2019,2019,ha,52976,I,Value imputed by a receiving agency,,Banana
QCL,Crops and livestock products,93,Haiti,5412,Yield,1312,2019,2019,kg/ha,4716.9,E,Estimated value,,Banana
QCL,Crops and livestock products,93,Haiti,5510,Production,1312,2019,2019,t,249883,A,Official value,,Banana
QCL,Crops and livestock products,93,Haiti,5312,Area harvested,1312,2020,2020,ha,54085,I,Value imputed by a receiving agency,,Banana
QCL,Crops and livestock products,93,Haiti,5412,Yield,1312,2020,2020,kg/ha,4974,E,Estimated value,,Banana
QCL,Crops and livestock products,93,Haiti,5510,Production,1312,2020,2020,t,269019.36,E,Estimated value,,Banana
QCL,Crops and livestock products,93,Haiti,5312,Area harvested,1312,2021,2021,ha,55366,I,Value imputed by a receiving agency,,Banana
QCL,Crops and livestock products,93,Haiti,5412,Yield,1312,2021,2021,kg/ha,4819.2,E,Estimated value,,Banana
QCL,Crops and livestock products,93,Haiti,5510,Production,1312,2021,2021,t,266820.45,E,Estimated value,,Banana
QCL,Crops and livestock products,93,Haiti,5312,Area harvested,1312,2022,2022,ha,54622,I,Value imputed by a receiving agency,,Banana
QCL,Crops and livestock products,93,Haiti,5412,Yield,1312,2022,2022,kg/ha,4794.9,E,Estimated value,,Banana
QCL,Crops and livestock products,93,Haiti,5510,Production,1312,2022,2022,t,261907.6,E,Estimated value,,Banana
QCL,Crops and livestock products,93,Haiti,5312,Area harvested,1312,2023,2023,ha,54376,I,Value imputed by a receiving agency,,Banana
QCL,Crops and livestock products,93,Haiti,5412,Yield,1312,2023,2023,kg/ha,4890.3,E,Estimated value,,Banana
QCL,Crops and livestock products,93,Haiti,5510,Production,1312,2023,2023,t,265915.8,E,Estimated value,,Banana
QCL,Crops and livestock products,93,Haiti,5312,Area harvested,1312,2024,2024,ha,54297,I,Value imputed by a receiving agency,,Banana
QCL,Crops and livestock products,93,Haiti,5412,Yield,1312,2024,2024,kg/ha,4878.4,E,Estimated value,,Banana
QCL,Crops and livestock products,93,Haiti,5510,Production,1312,2024,2024,t,264881.29,E,Estimated value,,Banana
QCL,Crops and livestock products,95,Honduras,5312,Area harvested,1312,2010,2010,ha,22309,A,Official value,,Banana
QCL,Crops and livestock products,95,Honduras,5412,Yield,1312,2010,2010,kg/ha,38382.3,A,Official value,,Banana
QCL,Crops and livestock products,95,Honduras,5510,Production,1312,2010,2010,t,856270,A,Official value,,Banana
QCL,Crops and livestock products,95,Honduras,5312,Area harvested,1312,2011,2011,ha,21633,A,Official value,,Banana
QCL,Crops and livestock products,95,Honduras,5412,Yield,1312,2011,2011,kg/ha,38382.2,A,Official value,,Banana
QCL,Crops and livestock products,95,Honduras,5510,Production,1312,2011,2011,t,830322,A,Official value,,Banana
QCL,Crops and livestock products,95,Honduras,5312,Area harvested,1312,2012,2012,ha,22817,A,Official value,,Banana
QCL,Crops and livestock products,95,Honduras,5412,Yield,1312,2012,2012,kg/ha,38546.8,A,Official value,,Banana
QCL,Crops and livestock products,95,Honduras,5510,Production,1312,2012,2012,t,879522,A,Official value,,Banana
QCL,Crops and livestock products,95,Honduras,5312,Area harvested,1312,2013,2013,ha,20700,I,Value imputed by a receiving agency,,Banana
QCL,Crops and livestock products,95,Honduras,5412,Yield,1312,2013,2013,kg/ha,35303.6,E,Estimated value,,Banana
QCL,Crops and livestock products,95,Honduras,5510,Production,1312,2013,2013,t,730789,A,Official value,,Banana
QCL,Crops and livestock products,95,Honduras,5312,Area harvested,1312,2014,2014,ha,11766,A,Official value,,Banana
QCL,Crops and livestock products,95,Honduras,5412,Yield,1312,2014,2014,kg/ha,56000,A,Official value,,Banana
QCL,Crops and livestock products,95,Honduras,5510,Production,1312,2014,2014,t,658887.75,A,Official value,,Banana
QCL,Crops and livestock products,95,Honduras,5312,Area harvested,1312,2015,2015,ha,12994,A,Official value,,Banana
QCL,Crops and livestock products,95,Honduras,5412,Yield,1312,2015,2015,kg/ha,56000,A,Official value,,Banana
QCL,Crops and livestock products,95,Honduras,5510,Production,1312,2015,2015,t,727663,A,Official value,,Banana
QCL,Crops and livestock products,95,Honduras,5312,Area harvested,1312,2016,2016,ha,12954,A,Official value,,Banana
QCL,Crops and livestock products,95,Honduras,5412,Yield,1312,2016,2016,kg/ha,56000,A,Official value,,Banana
QCL,Crops and livestock products,95,Honduras,5510,Production,1312,2016,2016,t,725402,A,Official value,,Banana
QCL,Crops and livestock products,95,Honduras,5312,Area harvested,1312,2017,2017,ha,13106,I,Value imputed by a receiving agency,,Banana
QCL,Crops and livestock products,95,Honduras,5412,Yield,1312,2017,2017,kg/ha,51814.1,E,Estimated value,,Banana
QCL,Crops and livestock products,95,Honduras,5510,Production,1312,2017,2017,t,679050,A,Official value,,Banana
QCL,Crops and livestock products,95,Honduras,5312,Area harvested,1312,2018,2018,ha,13833,I,Value imputed by a receiving agency,,Banana
QCL,Crops and livestock products,95,Honduras,5412,Yield,1312,2018,2018,kg/ha,48554.8,E,Estimated value,,Banana
QCL,Crops and livestock products,95,Honduras,5510,Production,1312,2018,2018,t,671663,A,Official value,,Banana
QCL,Crops and livestock products,95,Honduras,5312,Area harvested,1312,2019,2019,ha,13873,I,Value imputed by a receiving agency,,Banana
QCL,Crops and livestock products,95,Honduras,5412,Yield,1312,2019,2019,kg/ha,45854.8,E,Estimated value,,Banana
QCL,Crops and livestock products,95,Honduras,5510,Production,1312,2019,2019,t,636152.8,A,Official value,,Banana
QCL,Crops and livestock products,95,Honduras,5312,Area harvested,1312,2020,2020,ha,13390,I,Value imputed by a receiving agency,,Banana
QCL,Crops and livestock products,95,Honduras,5412,Yield,1312,2020,2020,kg/ha,43757.9,E,Estimated value,,Banana
QCL,Crops and livestock products,95,Honduras,5510,Production,1312,2020,2020,t,585929.3,A,Official value,,Banana
QCL,Crops and livestock products,95,Honduras,5312,Area harvested,1312,2021,2021,ha,8551,I,Value imputed by a receiving agency,,Banana
QCL,Crops and livestock products,95,Honduras,5412,Yield,1312,2021,2021,kg/ha,42377.2,E,Estimated value,,Banana
QCL,Crops and livestock products,95,Honduras,5510,Production,1312,2021,2021,t,362359.05,A,Official value,,Banana
QCL,Crops and livestock products,95,Honduras,5312,Area harvested,1312,2022,2022,ha,13840,I,Value imputed by a receiving agency,,Banana
QCL,Crops and livestock products,95,Honduras,5412,Yield,1312,2022,2022,kg/ha,40675,E,Estimated value,,Banana
QCL,Crops and livestock products,95,Honduras,5510,Production,1312,2022,2022,t,562950.53,A,Official value,,Banana
QCL,Crops and livestock products,95,Honduras,5312,Area harvested,1312,2023,2023,ha,14218,I,Value imputed by a receiving agency,,Banana
QCL,Crops and livestock products,95,Honduras,5412,Yield,1312,2023,2023,kg/ha,39671.7,E,Estimated value,,Banana
QCL,Crops and livestock products,95,Honduras,5510,Production,1312,2023,2023,t,564053.67,A,Official value,,Banana
QCL,Crops and livestock products,95,Honduras,5312,Area harvested,1312,2024,2024,ha,14069,I,Value imputed by a receiving agency,,Banana
QCL,Crops and livestock products,95,Honduras,5412,Yield,1312,2024,2024,kg/ha,39153.4,E,Estimated value,,Banana
QCL,Crops and livestock products,95,Honduras,5510,Production,1312,2024,2024,t,550868.63,A,Official value,,Banana
QCL,Crops and livestock products,97,Hungary,5312,Area harvested,1312,2018,2018,ha,0,A,Official value,,Banana
QCL,Crops and livestock products,97,Hungary,5510,Production,1312,2018,2018,t,0,A,Official value,,Banana
QCL,Crops and livestock products,97,Hungary,5312,Area harvested,1312,2019,2019,ha,0,A,Official value,,Banana
QCL,Crops and livestock products,97,Hungary,5510,Production,1312,2019,2019,t,0,A,Official value,,Banana
QCL,Crops and livestock products,97,Hungary,5312,Area harvested,1312,2020,2020,ha,0,A,Official value,,Banana
QCL,Crops and livestock products,97,Hungary,5510,Production,1312,2020,2020,t,0,A,Official value,,Banana
QCL,Crops and livestock products,97,Hungary,5312,Area harvested,1312,2021,2021,ha,0,A,Official value,,Banana
QCL,Crops and livestock products,97,Hungary,5510,Production,1312,2021,2021,t,0,A,Official value,,Banana
QCL,Crops and livestock products,97,Hungary,5312,Area harvested,1312,2022,2022,ha,0,A,Official value,,Banana
QCL,Crops and livestock products,97,Hungary,5510,Production,1312,2022,2022,t,0,A,Official value,,Banana
QCL,Crops and livestock products,97,Hungary,5312,Area harvested,1312,2023,2023,ha,0,A,Official value,,Banana
QCL,Crops and livestock products,97,Hungary,5510,Production,1312,2023,2023,t,0,A,Official value,,Banana
QCL,Crops and livestock products,97,Hungary,5312,Area harvested,1312,2024,2024,ha,0,A,Official value,,Banana
QCL,Crops and livestock products,97,Hungary,5510,Production,1312,2024,2024,t,0,A,Official value,,Banana
QCL,Crops and livestock products,100,India,5312,Area harvested,1312,2010,2010,ha,830000,A,Official value,,Banana
QCL,Crops and livestock products,100,India,5412,Yield,1312,2010,2010,kg/ha,35879.5,A,Official value,,Banana
QCL,Crops and livestock products,100,India,5510,Production,1312,2010,2010,t,29780000,A,Official value,,Banana
QCL,Crops and livestock products,100,India,5312,Area harvested,1312,2011,2011,ha,796500,A,Official value,,Banana
QCL,Crops and livestock products,100,India,5412,Yield,1312,2011,2011,kg/ha,35725.2,A,Official value,,Banana
QCL,Crops and livestock products,100,India,5510,Production,1312,2011,2011,t,28455100,A,Official value,,Banana
QCL,Crops and livestock products,100,India,5312,Area harvested,1312,2012,2012,ha,776000,A,Official value,,Banana
QCL,Crops and livestock products,100,India,5412,Yield,1312,2012,2012,kg/ha,34161.1,A,Official value,,Banana
QCL,Crops and livestock products,100,India,5510,Production,1312,2012,2012,t,26509000,A,Official value,,Banana
QCL,Crops and livestock products,100,India,5312,Area harvested,1312,2013,2013,ha,796000,A,Official value,,Banana
QCL,Crops and livestock products,100,India,5412,Yield,1312,2013,2013,kg/ha,34642,A,Official value,,Banana
QCL,Crops and livestock products,100,India,5510,Production,1312,2013,2013,t,27575000,A,Official value,,Banana
QCL,Crops and livestock products,100,India,5312,Area harvested,1312,2014,2014,ha,802570,A,Official value,,Banana
QCL,Crops and livestock products,100,India,5412,Yield,1312,2014,2014,kg/ha,37036.7,A,Official value,,Banana
QCL,Crops and livestock products,100,India,5510,Production,1312,2014,2014,t,29724550,A,Official value,,Banana
QCL,Crops and livestock products,100,India,5312,Area harvested,1312,2015,2015,ha,822000,A,Official value,,Banana
QCL,Crops and livestock products,100,India,5412,Yield,1312,2015,2015,kg/ha,35548.7,A,Official value,,Banana
QCL,Crops and livestock products,100,India,5510,Production,1312,2015,2015,t,29221000,A,Official value,,Banana
QCL,Crops and livestock products,100,India,5312,Area harvested,1312,2016,2016,ha,841000,A,Official value,,Banana
QCL,Crops and livestock products,100,India,5412,Yield,1312,2016,2016,kg/ha,34643.3,A,Official value,,Banana
QCL,Crops and livestock products,100,India,5510,Production,1312,2016,2016,t,29135000,A,Official value,,Banana
QCL,Crops and livestock products,100,India,5312,Area harvested,1312,2017,2017,ha,860000,A,Official value,,Banana
QCL,Crops and livestock products,100,India,5412,Yield,1312,2017,2017,kg/ha,35438.4,A,Official value,,Banana
QCL,Crops and livestock products,100,India,5510,Production,1312,2017,2017,t,30477000,A,Official value,,Banana
QCL,Crops and livestock products,100,India,5312,Area harvested,1312,2018,2018,ha,884000,A,Official value,,Banana
QCL,Crops and livestock products,100,India,5412,Yield,1312,2018,2018,kg/ha,34850.7,A,Official value,,Banana
QCL,Crops and livestock products,100,India,5510,Production,1312,2018,2018,t,30808000,A,Official value,,Banana
QCL,Crops and livestock products,100,India,5312,Area harvested,1312,2019,2019,ha,866000,A,Official value,,Banana
QCL,Crops and livestock products,100,India,5412,Yield,1312,2019,2019,kg/ha,35173.2,A,Official value,,Banana
QCL,Crops and livestock products,100,India,5510,Production,1312,2019,2019,t,30460000,A,Official value,,Banana
QCL,Crops and livestock products,100,India,5312,Area harvested,1312,2020,2020,ha,897000,A,Official value,,Banana
QCL,Crops and livestock products,100,India,5412,Yield,1312,2020,2020,kg/ha,36340,A,Official value,,Banana
QCL,Crops and livestock products,100,India,5510,Production,1312,2020,2020,t,32597000,A,Official value,,Banana
QCL,Crops and livestock products,100,India,5312,Area harvested,1312,2021,2021,ha,924000,A,Official value,,Banana
QCL,Crops and livestock products,100,India,5412,Yield,1312,2021,2021,kg/ha,35781.4,A,Official value,,Banana
QCL,Crops and livestock products,100,India,5510,Production,1312,2021,2021,t,33062000,A,Official value,,Banana
QCL,Crops and livestock products,100,India,5312,Area harvested,1312,2022,2022,ha,963000,A,Official value,,Banana
QCL,Crops and livestock products,100,India,5412,Yield,1312,2022,2022,kg/ha,35854.6,A,Official value,,Banana
QCL,Crops and livestock products,100,India,5510,Production,1312,2022,2022,t,34528000,A,Official value,,Banana
QCL,Crops and livestock products,100,India,5312,Area harvested,1312,2023,2023,ha,994000,A,Official value,,Banana
QCL,Crops and livestock products,100,India,5412,Yield,1312,2023,2023,kg/ha,36835,A,Official value,,Banana
QCL,Crops and livestock products,100,India,5510,Production,1312,2023,2023,t,36614000,A,Official value,,Banana
QCL,Crops and livestock products,100,India,5312,Area harvested,1312,2024,2024,ha,948469,A,Official value,,Banana
QCL,Crops and livestock products,100,India,5412,Yield,1312,2024,2024,kg/ha,39658,A,Official value,,Banana
QCL,Crops and livestock products,100,India,5510,Production,1312,2024,2024,t,37614362,A,Official value,,Banana
QCL,Crops and livestock products,101,Indonesia,5312,Area harvested,1312,2010,2010,ha,101276,A,Official value,,Banana
QCL,Crops and livestock products,101,Indonesia,5412,Yield,1312,2010,2010,kg/ha,56825.6,A,Official value,,Banana
QCL,Crops and livestock products,101,Indonesia,5510,Production,1312,2010,2010,t,5755073,A,Official value,,Banana
QCL,Crops and livestock products,101,Indonesia,5312,Area harvested,1312,2011,2011,ha,104156,A,Official value,,Banana
QCL,Crops and livestock products,101,Indonesia,5412,Yield,1312,2011,2011,kg/ha,58879.9,A,Official value,,Banana
QCL,Crops and livestock products,101,Indonesia,5510,Production,1312,2011,2011,t,6132695,A,Official value,,Banana
QCL,Crops and livestock products,101,Indonesia,5312,Area harvested,1312,2012,2012,ha,103158,A,Official value,,Banana
QCL,Crops and livestock products,101,Indonesia,5412,Yield,1312,2012,2012,kg/ha,59995.9,A,Official value,,Banana
QCL,Crops and livestock products,101,Indonesia,5510,Production,1312,2012,2012,t,6189052,A,Official value,,Banana
QCL,Crops and livestock products,101,Indonesia,5312,Area harvested,1312,2013,2013,ha,105237,I,Value imputed by a receiving agency,,Banana
QCL,Crops and livestock products,101,Indonesia,5412,Yield,1312,2013,2013,kg/ha,59668.3,E,Estimated value,,Banana
QCL,Crops and livestock products,101,Indonesia,5510,Production,1312,2013,2013,t,6279290,A,Official value,,Banana
QCL,Crops and livestock products,101,Indonesia,5312,Area harvested,1312,2014,2014,ha,114000,E,Estimated value,,Banana
QCL,Crops and livestock products,101,Indonesia,5412,Yield,1312,2014,2014,kg/ha,60198,E,Estimated value,,Banana
QCL,Crops and livestock products,101,Indonesia,5510,Production,1312,2014,2014,t,6862568,A,Official value,,Banana
QCL,Crops and livestock products,101,Indonesia,5312,Area harvested,1312,2015,2015,ha,158000,E,Estimated value,,Banana
QCL,Crops and livestock products,101,Indonesia,5412,Yield,1312,2015,2015,kg/ha,60101.6,E,Estimated value,,Banana
QCL,Crops and livestock products,101,Indonesia,5510,Production,1312,2015,2015,t,9496058,A,Official value,,Banana
QCL,Crops and livestock products,101,Indonesia,5312,Area harvested,1312,2016,2016,ha,117000,E,Estimated value,,Banana
QCL,Crops and livestock products,101,Indonesia,5412,Yield,1312,2016,2016,kg/ha,59890,E,Estimated value,,Banana
QCL,Crops and livestock products,101,Indonesia,5510,Production,1312,2016,2016,t,7007125,A,Official value,,Banana
QCL,Crops and livestock products,101,Indonesia,5312,Area harvested,1312,2017,2017,ha,119000,E,Estimated value,,Banana
QCL,Crops and livestock products,101,Indonesia,5412,Yield,1312,2017,2017,kg/ha,60190.6,E,Estimated value,,Banana
QCL,Crops and livestock products,101,Indonesia,5510,Production,1312,2017,2017,t,7162685,A,Official value,,Banana
QCL,Crops and livestock products,101,Indonesia,5312,Area harvested,1312,2018,2018,ha,121098,I,Value imputed by a receiving agency,,Banana
QCL,Crops and livestock products,101,Indonesia,5412,Yield,1312,2018,2018,kg/ha,59987.9,E,Estimated value,,Banana
QCL,Crops and livestock products,101,Indonesia,5510,Production,1312,2018,2018,t,7264379,A,Official value,,Banana
QCL,Crops and livestock products,101,Indonesia,5312,Area harvested,1312,2019,2019,ha,121172,I,Value imputed by a receiving agency,,Banana
QCL,Crops and livestock products,101,Indonesia,5412,Yield,1312,2019,2019,kg/ha,60085.5,E,Estimated value,,Banana
QCL,Crops and livestock products,101,Indonesia,5510,Production,1312,2019,2019,t,7280659,A,Official value,,Banana
QCL,Crops and livestock products,101,Indonesia,5312,Area harvested,1312,2020,2020,ha,135510,I,Value imputed by a receiving agency,,Banana
QCL,Crops and livestock products,101,Indonesia,5412,Yield,1312,2020,2020,kg/ha,60384.8,E,Estimated value,,Banana
QCL,Crops and livestock products,101,Indonesia,5510,Production,1312,2020,2020,t,8182756.05,A,Official value,,Banana
QCL,Crops and livestock products,101,Indonesia,5312,Area harvested,1312,2021,2021,ha,142617,I,Value imputed by a receiving agency,,Banana
QCL,Crops and livestock products,101,Indonesia,5412,Yield,1312,2021,2021,kg/ha,61291.1,E,Estimated value,,Banana
QCL,Crops and livestock products,101,Indonesia,5510,Production,1312,2021,2021,t,8741146.7,A,Official value,,Banana
QCL,Crops and livestock products,101,Indonesia,5312,Area harvested,1312,2022,2022,ha,153808,I,Value imputed by a receiving agency,,Banana
QCL,Crops and livestock products,101,Indonesia,5412,Yield,1312,2022,2022,kg/ha,60110.3,E,Estimated value,,Banana
QCL,Crops and livestock products,101,Indonesia,5510,Production,1312,2022,2022,t,9245427.05,A,Official value,,Banana
QCL,Crops and livestock products,101,Indonesia,5312,Area harvested,1312,2023,2023,ha,154593,I,Value imputed by a receiving agency,,Banana
QCL,Crops and livestock products,101,Indonesia,5412,Yield,1312,2023,2023,kg/ha,60386,E,Estimated value,,Banana
QCL,Crops and livestock products,101,Indonesia,5510,Production,1312,2023,2023,t,9335232.34,A,Official value,,Banana
QCL,Crops and livestock products,101,Indonesia,5312,Area harvested,1312,2024,2024,ha,152656,I,Value imputed by a receiving agency,,Banana
QCL,Crops and livestock products,101,Indonesia,5412,Yield,1312,2024,2024,kg/ha,60661.7,E,Estimated value,,Banana
QCL,Crops and livestock products,101,Indonesia,5510,Production,1312,2024,2024,t,9260386.66,A,Official value,,Banana
QCL,Crops and livestock products,102,Iran (Islamic Republic of),5312,Area harvested,1312,2010,2010,ha,3959,A,Official value,,Banana
QCL,Crops and livestock products,102,Iran (Islamic Republic of),5412,Yield,1312,2010,2010,kg/ha,25776,A,Official value,,Banana
QCL,Crops and livestock products,102,Iran (Islamic Republic of),5510,Production,1312,2010,2010,t,102043.1,A,Official value,,Banana
QCL,Crops and livestock products,102,Iran (Islamic Republic of),5312,Area harvested,1312,2011,2011,ha,3732,A,Official value,,Banana
QCL,Crops and livestock products,102,Iran (Islamic Republic of),5412,Yield,1312,2011,2011,kg/ha,25941.6,A,Official value,,Banana
QCL,Crops and livestock products,102,Iran (Islamic Republic of),5510,Production,1312,2011,2011,t,96814,A,Official value,,Banana
QCL,Crops and livestock products,102,Iran (Islamic Republic of),5312,Area harvested,1312,2012,2012,ha,4221,A,Official value,,Banana
QCL,Crops and livestock products,102,Iran (Islamic Republic of),5412,Yield,1312,2012,2012,kg/ha,21760.7,A,Official value,,Banana
QCL,Crops and livestock products,102,Iran (Islamic Republic of),5510,Production,1312,2012,2012,t,91852,A,Official value,,Banana
QCL,Crops and livestock products,102,Iran (Islamic Republic of),5312,Area harvested,1312,2013,2013,ha,3719,A,Official value,,Banana
QCL,Crops and livestock products,102,Iran (Islamic Republic of),5412,Yield,1312,2013,2013,kg/ha,31201.1,A,Official value,,Banana
QCL,Crops and livestock products,102,Iran (Islamic Republic of),5510,Production,1312,2013,2013,t,116037,A,Official value,,Banana
QCL,Crops and livestock products,102,Iran (Islamic Republic of),5312,Area harvested,1312,2014,2014,ha,4049,A,Official value,,Banana
QCL,Crops and livestock products,102,Iran (Islamic Republic of),5412,Yield,1312,2014,2014,kg/ha,31508.5,A,Official value,,Banana
QCL,Crops and livestock products,102,Iran (Islamic Republic of),5510,Production,1312,2014,2014,t,127578.1,A,Official value,,Banana
QCL,Crops and livestock products,102,Iran (Islamic Republic of),5312,Area harvested,1312,2015,2015,ha,4212,I,Value imputed by a receiving agency,,Banana
QCL,Crops and livestock products,102,Iran (Islamic Republic of),5412,Yield,1312,2015,2015,kg/ha,30588.9,E,Estimated value,,Banana
QCL,Crops and livestock products,102,Iran (Islamic Republic of),5510,Production,1312,2015,2015,t,128844.41,I,Value imputed by a receiving agency,,Banana
QCL,Crops and livestock products,102,Iran (Islamic Republic of),5312,Area harvested,1312,2016,2016,ha,3993,E,Estimated value,,Banana
QCL,Crops and livestock products,102,Iran (Islamic Republic of),5412,Yield,1312,2016,2016,kg/ha,32430.1,E,Estimated value,,Banana
QCL,Crops and livestock products,102,Iran (Islamic Republic of),5510,Production,1312,2016,2016,t,129505.48,I,Value imputed by a receiving agency,,Banana
QCL,Crops and livestock products,102,Iran (Islamic Republic of),5312,Area harvested,1312,2017,2017,ha,4194,I,Value imputed by a receiving agency,,Banana
QCL,Crops and livestock products,102,Iran (Islamic Republic of),5412,Yield,1312,2017,2017,kg/ha,31288.4,E,Estimated value,,Banana
QCL,Crops and livestock products,102,Iran (Islamic Republic of),5510,Production,1312,2017,2017,t,131236.15,I,Value imputed by a receiving agency,,Banana
QCL,Crops and livestock products,102,Iran (Islamic Republic of),5312,Area harvested,1312,2018,2018,ha,4133,E,Estimated value,,Banana
QCL,Crops and livestock products,102,Iran (Islamic Republic of),5412,Yield,1312,2018,2018,kg/ha,32483.8,E,Estimated value,,Banana
QCL,Crops and livestock products,102,Iran (Islamic Republic of),5510,Production,1312,2018,2018,t,134265.21,I,Value imputed by a receiving agency,,Banana
QCL,Crops and livestock products,102,Iran (Islamic Republic of),5312,Area harvested,1312,2019,2019,ha,4189,I,Value imputed by a receiving agency,,Banana
QCL,Crops and livestock products,102,Iran (Islamic Republic of),5412,Yield,1312,2019,2019,kg/ha,32765.1,E,Estimated value,,Banana
QCL,Crops and livestock products,102,Iran (Islamic Republic of),5510,Production,1312,2019,2019,t,137257.69,I,Value imputed by a receiving agency,,Banana
QCL,Crops and livestock products,102,Iran (Islamic Republic of),5312,Area harvested,1312,2020,2020,ha,4325,I,Value imputed by a receiving agency,,Banana
QCL,Crops and livestock products,102,Iran (Islamic Republic of),5412,Yield,1312,2020,2020,kg/ha,31040.2,E,Estimated value,,Banana
QCL,Crops and livestock products,102,Iran (Islamic Republic of),5510,Production,1312,2020,2020,t,134253.02,E,Estimated value,,Banana
QCL,Crops and livestock products,102,Iran (Islamic Republic of),5312,Area harvested,1312,2021,2021,ha,4216,E,Estimated value,,Banana
QCL,Crops and livestock products,102,Iran (Islamic Republic of),5412,Yield,1312,2021,2021,kg/ha,32083.3,E,Estimated value,,Banana
QCL,Crops and livestock products,102,Iran (Islamic Republic of),5510,Production,1312,2021,2021,t,135258.64,E,Estimated value,,Banana
QCL,Crops and livestock products,102,Iran (Islamic Republic of),5312,Area harvested,1312,2022,2022,ha,4243,E,Estimated value,,Banana
QCL,Crops and livestock products,102,Iran (Islamic Republic of),5412,Yield,1312,2022,2022,kg/ha,31953.3,E,Estimated value,,Banana
QCL,Crops and livestock products,102,Iran (Islamic Republic of),5510,Production,1312,2022,2022,t,135589.78,E,Estimated value,,Banana
QCL,Crops and livestock products,102,Iran (Islamic Republic of),5312,Area harvested,1312,2023,2023,ha,4261,E,Estimated value,,Banana
QCL,Crops and livestock products,102,Iran (Islamic Republic of),5412,Yield,1312,2023,2023,kg/ha,31687.2,E,Estimated value,,Banana
QCL,Crops and livestock products,102,Iran (Islamic Republic of),5510,Production,1312,2023,2023,t,135033.81,E,Estimated value,,Banana
QCL,Crops and livestock products,102,Iran (Islamic Republic of),5312,Area harvested,1312,2024,2024,ha,4240,E,Estimated value,,Banana
QCL,Crops and livestock products,102,Iran (Islamic Republic of),5412,Yield,1312,2024,2024,kg/ha,31907.2,E,Estimated value,,Banana
QCL,Crops and livestock products,102,Iran (Islamic Republic of),5510,Production,1312,2024,2024,t,135294.08,E,Estimated value,,Banana
QCL,Crops and livestock products,104,Ireland,5312,Area harvested,1312,2018,2018,ha,0,A,Official value,,Banana
QCL,Crops and livestock products,104,Ireland,5510,Production,1312,2018,2018,t,0,A,Official value,,Banana
QCL,Crops and livestock products,104,Ireland,5312,Area harvested,1312,2019,2019,ha,0,A,Official value,,Banana
QCL,Crops and livestock products,104,Ireland,5510,Production,1312,2019,2019,t,0,A,Official value,,Banana
QCL,Crops and livestock products,104,Ireland,5312,Area harvested,1312,2020,2020,ha,0,A,Official value,,Banana
QCL,Crops and livestock products,104,Ireland,5510,Production,1312,2020,2020,t,0,A,Official value,,Banana
QCL,Crops and livestock products,104,Ireland,5312,Area harvested,1312,2021,2021,ha,0,A,Official value,,Banana
QCL,Crops and livestock products,104,Ireland,5510,Production,1312,2021,2021,t,0,A,Official value,,Banana
QCL,Crops and livestock products,104,Ireland,5312,Area harvested,1312,2022,2022,ha,0,A,Official value,,Banana
QCL,Crops and livestock products,104,Ireland,5510,Production,1312,2022,2022,t,0,A,Official value,,Banana
QCL,Crops and livestock products,104,Ireland,5312,Area harvested,1312,2023,2023,ha,0,A,Official value,,Banana
QCL,Crops and livestock products,104,Ireland,5510,Production,1312,2023,2023,t,0,A,Official value,,Banana
QCL,Crops and livestock products,104,Ireland,5312,Area harvested,1312,2024,2024,ha,0,A,Official value,,Banana
QCL,Crops and livestock products,104,Ireland,5510,Production,1312,2024,2024,t,0,A,Official value,,Banana
QCL,Crops and livestock products,105,Israel,5312,Area harvested,1312,2010,2010,ha,2260,A,Official value,,Banana
QCL,Crops and livestock products,105,Israel,5412,Yield,1312,2010,2010,kg/ha,44816.8,A,Official value,,Banana
QCL,Crops and livestock products,105,Israel,5510,Production,1312,2010,2010,t,101286,A,Official value,,Banana
QCL,Crops and livestock products,105,Israel,5312,Area harvested,1312,2011,2011,ha,2350,I,Value imputed by a receiving agency,,Banana
QCL,Crops and livestock products,105,Israel,5412,Yield,1312,2011,2011,kg/ha,47950.8,E,Estimated value,,Banana
QCL,Crops and livestock products,105,Israel,5510,Production,1312,2011,2011,t,112698,A,Official value,,Banana
QCL,Crops and livestock products,105,Israel,5312,Area harvested,1312,2012,2012,ha,2377,A,Official value,,Banana
QCL,Crops and livestock products,105,Israel,5412,Yield,1312,2012,2012,kg/ha,53008,A,Official value,,Banana
QCL,Crops and livestock products,105,Israel,5510,Production,1312,2012,2012,t,126000,A,Official value,,Banana
QCL,Crops and livestock products,105,Israel,5312,Area harvested,1312,2013,2013,ha,2414,A,Official value,,Banana
QCL,Crops and livestock products,105,Israel,5412,Yield,1312,2013,2013,kg/ha,53198.8,A,Official value,,Banana
QCL,Crops and livestock products,105,Israel,5510,Production,1312,2013,2013,t,128422,A,Official value,,Banana
QCL,Crops and livestock products,105,Israel,5312,Area harvested,1312,2014,2014,ha,2390,A,Official value,,Banana
QCL,Crops and livestock products,105,Israel,5412,Yield,1312,2014,2014,kg/ha,53086.6,A,Official value,,Banana
QCL,Crops and livestock products,105,Israel,5510,Production,1312,2014,2014,t,126877,A,Official value,,Banana
QCL,Crops and livestock products,105,Israel,5312,Area harvested,1312,2015,2015,ha,2390,A,Official value,,Banana
QCL,Crops and livestock products,105,Israel,5412,Yield,1312,2015,2015,kg/ha,47698.7,A,Official value,,Banana
QCL,Crops and livestock products,105,Israel,5510,Production,1312,2015,2015,t,114000,A,Official value,,Banana
QCL,Crops and livestock products,105,Israel,5312,Area harvested,1312,2016,2016,ha,2525,A,Official value,,Banana
QCL,Crops and livestock products,105,Israel,5412,Yield,1312,2016,2016,kg/ha,53861.4,A,Official value,,Banana
QCL,Crops and livestock products,105,Israel,5510,Production,1312,2016,2016,t,136000,A,Official value,,Banana
QCL,Crops and livestock products,105,Israel,5312,Area harvested,1312,2017,2017,ha,2688,A,Official value,,Banana
QCL,Crops and livestock products,105,Israel,5412,Yield,1312,2017,2017,kg/ha,46875,A,Official value,,Banana
QCL,Crops and livestock products,105,Israel,5510,Production,1312,2017,2017,t,126000,A,Official value,,Banana
QCL,Crops and livestock products,105,Israel,5312,Area harvested,1312,2018,2018,ha,2850,A,Official value,,Banana
QCL,Crops and livestock products,105,Israel,5412,Yield,1312,2018,2018,kg/ha,47368.4,A,Official value,,Banana
QCL,Crops and livestock products,105,Israel,5510,Production,1312,2018,2018,t,135000,A,Official value,,Banana
QCL,Crops and livestock products,105,Israel,5312,Area harvested,1312,2019,2019,ha,3015,A,Official value,,Banana
QCL,Crops and livestock products,105,Israel,5412,Yield,1312,2019,2019,kg/ha,47761.2,A,Official value,,Banana
QCL,Crops and livestock products,105,Israel,5510,Production,1312,2019,2019,t,144000,A,Official value,,Banana
QCL,Crops and livestock products,105,Israel,5312,Area harvested,1312,2020,2020,ha,3042,A,Official value,,Banana
QCL,Crops and livestock products,105,Israel,5412,Yield,1312,2020,2020,kg/ha,50295.9,A,Official value,,Banana
QCL,Crops and livestock products,105,Israel,5510,Production,1312,2020,2020,t,153000,A,Official value,,Banana
QCL,Crops and livestock products,105,Israel,5312,Area harvested,1312,2021,2021,ha,3351,A,Official value,,Banana
QCL,Crops and livestock products,105,Israel,5412,Yield,1312,2021,2021,kg/ha,51626.4,A,Official value,,Banana
QCL,Crops and livestock products,105,Israel,5510,Production,1312,2021,2021,t,173000,A,Official value,,Banana
QCL,Crops and livestock products,105,Israel,5312,Area harvested,1312,2022,2022,ha,3351,A,Official value,,Banana
QCL,Crops and livestock products,105,Israel,5412,Yield,1312,2022,2022,kg/ha,54610.6,A,Official value,,Banana
QCL,Crops and livestock products,105,Israel,5510,Production,1312,2022,2022,t,183000,A,Official value,,Banana
QCL,Crops and livestock products,105,Israel,5312,Area harvested,1312,2023,2023,ha,3242,A,Official value,,Banana
QCL,Crops and livestock products,105,Israel,5412,Yield,1312,2023,2023,kg/ha,59222.7,A,Official value,,Banana
QCL,Crops and livestock products,105,Israel,5510,Production,1312,2023,2023,t,192000,A,Official value,,Banana
QCL,Crops and livestock products,105,Israel,5312,Area harvested,1312,2024,2024,ha,2949,A,Official value,,Banana
QCL,Crops and livestock products,105,Israel,5412,Yield,1312,2024,2024,kg/ha,66802.6,A,Official value,,Banana
QCL,Crops and livestock products,105,Israel,5510,Production,1312,2024,2024,t,197001,A,Official value,,Banana
QCL,Crops and livestock products,106,Italy,5312,Area harvested,1312,2010,2010,ha,15,E,Estimated value,,Banana
QCL,Crops and livestock products,106,Italy,5412,Yield,1312,2010,2010,kg/ha,23597.5,E,Estimated value,,Banana
QCL,Crops and livestock products,106,Italy,5510,Production,1312,2010,2010,t,353.96,I,Value imputed by a receiving agency,,Banana
QCL,Crops and livestock products,106,Italy,5312,Area harvested,1312,2011,2011,ha,15,I,Value imputed by a receiving agency,,Banana
QCL,Crops and livestock products,106,Italy,5412,Yield,1312,2011,2011,kg/ha,23493.2,E,Estimated value,,Banana
QCL,Crops and livestock products,106,Italy,5510,Production,1312,2011,2011,t,358.9,I,Value imputed by a receiving agency,,Banana
QCL,Crops and livestock products,106,Italy,5312,Area harvested,1312,2012,2012,ha,15,E,Estimated value,,Banana
QCL,Crops and livestock products,106,Italy,5412,Yield,1312,2012,2012,kg/ha,22666.7,E,Estimated value,,Banana
QCL,Crops and livestock products,106,Italy,5510,Production,1312,2012,2012,t,340,E,Estimated value,,Banana
QCL,Crops and livestock products,106,Italy,5312,Area harvested,1312,2013,2013,ha,15,I,Value imputed by a receiving agency,,Banana
QCL,Crops and livestock products,106,Italy,5412,Yield,1312,2013,2013,kg/ha,23810,E,Estimated value,,Banana
QCL,Crops and livestock products,106,Italy,5510,Production,1312,2013,2013,t,352.41,I,Value imputed by a receiving agency,,Banana
QCL,Crops and livestock products,106,Italy,5312,Area harvested,1312,2014,2014,ha,15,I,Value imputed by a receiving agency,,Banana
QCL,Crops and livestock products,106,Italy,5412,Yield,1312,2014,2014,kg/ha,24214.3,E,Estimated value,,Banana
QCL,Crops and livestock products,106,Italy,5510,Production,1312,2014,2014,t,352.71,I,Value imputed by a receiving agency,,Banana
QCL,Crops and livestock products,106,Italy,5312,Area harvested,1312,2015,2015,ha,15,I,Value imputed by a receiving agency,,Banana
QCL,Crops and livestock products,106,Italy,5412,Yield,1312,2015,2015,kg/ha,23775.8,E,Estimated value,,Banana
QCL,Crops and livestock products,106,Italy,5510,Production,1312,2015,2015,t,349.2,I,Value imputed by a receiving agency,,Banana
QCL,Crops and livestock products,106,Italy,5312,Area harvested,1312,2016,2016,ha,15,I,Value imputed by a receiving agency,,Banana
QCL,Crops and livestock products,106,Italy,5412,Yield,1312,2016,2016,kg/ha,23525,E,Estimated value,,Banana
QCL,Crops and livestock products,106,Italy,5510,Production,1312,2016,2016,t,344.83,I,Value imputed by a receiving agency,,Banana
QCL,Crops and livestock products,106,Italy,5312,Area harvested,1312,2017,2017,ha,15,I,Value imputed by a receiving agency,,Banana
QCL,Crops and livestock products,106,Italy,5412,Yield,1312,2017,2017,kg/ha,23493.1,E,Estimated value,,Banana
QCL,Crops and livestock products,106,Italy,5510,Production,1312,2017,2017,t,340.74,I,Value imputed by a receiving agency,,Banana
QCL,Crops and livestock products,106,Italy,5312,Area harvested,1312,2018,2018,ha,0,A,Official value,,Banana
QCL,Crops and livestock products,106,Italy,5510,Production,1312,2018,2018,t,0,A,Official value,,Banana
QCL,Crops and livestock products,106,Italy,5312,Area harvested,1312,2019,2019,ha,0,A,Official value,,Banana
QCL,Crops and livestock products,106,Italy,5510,Production,1312,2019,2019,t,0,A,Official value,,Banana
QCL,Crops and livestock products,106,Italy,5312,Area harvested,1312,2020,2020,ha,0,A,Official value,,Banana
QCL,Crops and livestock products,106,Italy,5510,Production,1312,2020,2020,t,0,A,Official value,,Banana
QCL,Crops and livestock products,106,Italy,5312,Area harvested,1312,2021,2021,ha,0,A,Official value,,Banana
QCL,Crops and livestock products,106,Italy,5510,Production,1312,2021,2021,t,0,A,Official value,,Banana
QCL,Crops and livestock products,106,Italy,5312,Area harvested,1312,2022,2022,ha,0,A,Official value,,Banana
QCL,Crops and livestock products,106,Italy,5510,Production,1312,2022,2022,t,0,A,Official value,,Banana
QCL,Crops and livestock products,106,Italy,5312,Area harvested,1312,2023,2023,ha,0,A,Official value,,Banana
QCL,Crops and livestock products,106,Italy,5510,Production,1312,2023,2023,t,0,A,Official value,,Banana
QCL,Crops and livestock products,106,Italy,5312,Area harvested,1312,2024,2024,ha,0,A,Official value,,Banana
QCL,Crops and livestock products,106,Italy,5510,Production,1312,2024,2024,t,0,A,Official value,,Banana
QCL,Crops and livestock products,109,Jamaica,5312,Area harvested,1312,2010,2010,ha,7500,E,Estimated value,,Banana
QCL,Crops and livestock products,109,Jamaica,5412,Yield,1312,2010,2010,kg/ha,7153.2,E,Estimated value,,Banana
QCL,Crops and livestock products,109,Jamaica,5510,Production,1312,2010,2010,t,53649,A,Official value,,Banana
QCL,Crops and livestock products,109,Jamaica,5312,Area harvested,1312,2011,2011,ha,6400,E,Estimated value,,Banana
QCL,Crops and livestock products,109,Jamaica,5412,Yield,1312,2011,2011,kg/ha,7290.6,E,Estimated value,,Banana
QCL,Crops and livestock products,109,Jamaica,5510,Production,1312,2011,2011,t,46660,A,Official value,,Banana
QCL,Crops and livestock products,109,Jamaica,5312,Area harvested,1312,2012,2012,ha,6600,E,Estimated value,,Banana
QCL,Crops and livestock products,109,Jamaica,5412,Yield,1312,2012,2012,kg/ha,7192.9,E,Estimated value,,Banana
QCL,Crops and livestock products,109,Jamaica,5510,Production,1312,2012,2012,t,47473,A,Official value,,Banana
QCL,Crops and livestock products,109,Jamaica,5312,Area harvested,1312,2013,2013,ha,4919,I,Value imputed by a receiving agency,,Banana
QCL,Crops and livestock products,109,Jamaica,5412,Yield,1312,2013,2013,kg/ha,7565.4,E,Estimated value,,Banana
QCL,Crops and livestock products,109,Jamaica,5510,Production,1312,2013,2013,t,37211,A,Official value,,Banana
QCL,Crops and livestock products,109,Jamaica,5312,Area harvested,1312,2014,2014,ha,6500,E,Estimated value,,Banana
QCL,Crops and livestock products,109,Jamaica,5412,Yield,1312,2014,2014,kg/ha,7935.5,E,Estimated value,,Banana
QCL,Crops and livestock products,109,Jamaica,5510,Production,1312,2014,2014,t,51581,A,Official value,,Banana
QCL,Crops and livestock products,109,Jamaica,5312,Area harvested,1312,2015,2015,ha,6971,I,Value imputed by a receiving agency,,Banana
QCL,Crops and livestock products,109,Jamaica,5412,Yield,1312,2015,2015,kg/ha,7863.1,E,Estimated value,,Banana
QCL,Crops and livestock products,109,Jamaica,5510,Production,1312,2015,2015,t,54810,A,Official value,,Banana
QCL,Crops and livestock products,109,Jamaica,5312,Area harvested,1312,2016,2016,ha,7621,I,Value imputed by a receiving agency,,Banana
QCL,Crops and livestock products,109,Jamaica,5412,Yield,1312,2016,2016,kg/ha,7702.8,E,Estimated value,,Banana
QCL,Crops and livestock products,109,Jamaica,5510,Production,1312,2016,2016,t,58702,A,Official value,,Banana
QCL,Crops and livestock products,109,Jamaica,5312,Area harvested,1312,2017,2017,ha,8532,I,Value imputed by a receiving agency,,Banana
QCL,Crops and livestock products,109,Jamaica,5412,Yield,1312,2017,2017,kg/ha,7597.2,E,Estimated value,,Banana
QCL,Crops and livestock products,109,Jamaica,5510,Production,1312,2017,2017,t,64816,A,Official value,,Banana
QCL,Crops and livestock products,109,Jamaica,5312,Area harvested,1312,2018,2018,ha,8785,I,Value imputed by a receiving agency,,Banana
QCL,Crops and livestock products,109,Jamaica,5412,Yield,1312,2018,2018,kg/ha,7555.8,E,Estimated value,,Banana
QCL,Crops and livestock products,109,Jamaica,5510,Production,1312,2018,2018,t,66381,A,Official value,,Banana
QCL,Crops and livestock products,109,Jamaica,5312,Area harvested,1312,2019,2019,ha,8426,I,Value imputed by a receiving agency,,Banana
QCL,Crops and livestock products,109,Jamaica,5412,Yield,1312,2019,2019,kg/ha,7554.8,E,Estimated value,,Banana
QCL,Crops and livestock products,109,Jamaica,5510,Production,1312,2019,2019,t,63653,A,Official value,,Banana
QCL,Crops and livestock products,109,Jamaica,5312,Area harvested,1312,2020,2020,ha,8225,I,Value imputed by a receiving agency,,Banana
QCL,Crops and livestock products,109,Jamaica,5412,Yield,1312,2020,2020,kg/ha,7569.2,E,Estimated value,,Banana
QCL,Crops and livestock products,109,Jamaica,5510,Production,1312,2020,2020,t,62257,A,Official value,,Banana
QCL,Crops and livestock products,109,Jamaica,5312,Area harvested,1312,2021,2021,ha,8506,I,Value imputed by a receiving agency,,Banana
QCL,Crops and livestock products,109,Jamaica,5412,Yield,1312,2021,2021,kg/ha,7610.3,E,Estimated value,,Banana
QCL,Crops and livestock products,109,Jamaica,5510,Production,1312,2021,2021,t,64732,A,Official value,,Banana
QCL,Crops and livestock products,109,Jamaica,5312,Area harvested,1312,2022,2022,ha,9543,I,Value imputed by a receiving agency,,Banana
QCL,Crops and livestock products,109,Jamaica,5412,Yield,1312,2022,2022,kg/ha,7633.7,E,Estimated value,,Banana
QCL,Crops and livestock products,109,Jamaica,5510,Production,1312,2022,2022,t,72848,A,Official value,,Banana
QCL,Crops and livestock products,109,Jamaica,5312,Area harvested,1312,2023,2023,ha,9215,I,Value imputed by a receiving agency,,Banana
QCL,Crops and livestock products,109,Jamaica,5412,Yield,1312,2023,2023,kg/ha,7636.1,E,Estimated value,,Banana
QCL,Crops and livestock products,109,Jamaica,5510,Production,1312,2023,2023,t,70369,A,Official value,,Banana
QCL,Crops and livestock products,109,Jamaica,5312,Area harvested,1312,2024,2024,ha,8247,I,Value imputed by a receiving agency,,Banana
QCL,Crops and livestock products,109,Jamaica,5412,Yield,1312,2024,2024,kg/ha,7638.4,E,Estimated value,,Banana
QCL,Crops and livestock products,109,Jamaica,5510,Production,1312,2024,2024,t,62997.8,A,Official value,,Banana
QCL,Crops and livestock products,110,Japan,5312,Area harvested,1312,2010,2010,ha,29,I,Value imputed by a receiving agency,,Banana
QCL,Crops and livestock products,110,Japan,5412,Yield,1312,2010,2010,kg/ha,3520.4,E,Estimated value,,Banana
QCL,Crops and livestock products,110,Japan,5510,Production,1312,2010,2010,t,101.54,I,Value imputed by a receiving agency,,Banana
QCL,Crops and livestock products,110,Japan,5312,Area harvested,1312,2011,2011,ha,22,I,Value imputed by a receiving agency,,Banana
QCL,Crops and livestock products,110,Japan,5412,Yield,1312,2011,2011,kg/ha,3452.4,E,Estimated value,,Banana
QCL,Crops and livestock products,110,Japan,5510,Production,1312,2011,2011,t,74.26,I,Value imputed by a receiving agency,,Banana
QCL,Crops and livestock products,110,Japan,5312,Area harvested,1312,2012,2012,ha,16,I,Value imputed by a receiving agency,,Banana
QCL,Crops and livestock products,110,Japan,5412,Yield,1312,2012,2012,kg/ha,3384.5,E,Estimated value,,Banana
QCL,Crops and livestock products,110,Japan,5510,Production,1312,2012,2012,t,53.03,I,Value imputed by a receiving agency,,Banana
QCL,Crops and livestock products,110,Japan,5312,Area harvested,1312,2013,2013,ha,13,I,Value imputed by a receiving agency,,Banana
QCL,Crops and livestock products,110,Japan,5412,Yield,1312,2013,2013,kg/ha,3316.5,E,Estimated value,,Banana
QCL,Crops and livestock products,110,Japan,5510,Production,1312,2013,2013,t,42.82,I,Value imputed by a receiving agency,,Banana
QCL,Crops and livestock products,110,Japan,5312,Area harvested,1312,2014,2014,ha,7,I,Value imputed by a receiving agency,,Banana
QCL,Crops and livestock products,110,Japan,5412,Yield,1312,2014,2014,kg/ha,3193.2,E,Estimated value,,Banana
QCL,Crops and livestock products,110,Japan,5510,Production,1312,2014,2014,t,21.33,I,Value imputed by a receiving agency,,Banana
QCL,Crops and livestock products,110,Japan,5312,Area harvested,1312,2015,2015,ha,2,I,Value imputed by a receiving agency,,Banana
QCL,Crops and livestock products,110,Japan,5412,Yield,1312,2015,2015,kg/ha,3197.6,E,Estimated value,,Banana
QCL,Crops and livestock products,110,Japan,5510,Production,1312,2015,2015,t,7.53,I,Value imputed by a receiving agency,,Banana
QCL,Crops and livestock products,110,Japan,5312,Area harvested,1312,2016,2016,ha,7,E,Estimated value,,Banana
QCL,Crops and livestock products,110,Japan,5412,Yield,1312,2016,2016,kg/ha,3266.2,E,Estimated value,,Banana
QCL,Crops and livestock products,110,Japan,5510,Production,1312,2016,2016,t,23.89,E,Estimated value,,Banana
QCL,Crops and livestock products,110,Japan,5312,Area harvested,1312,2017,2017,ha,5,I,Value imputed by a receiving agency,,Banana
QCL,Crops and livestock products,110,Japan,5412,Yield,1312,2017,2017,kg/ha,3411.2,E,Estimated value,,Banana
QCL,Crops and livestock products,110,Japan,5510,Production,1312,2017,2017,t,17.59,E,Estimated value,,Banana
QCL,Crops and livestock products,110,Japan,5312,Area harvested,1312,2018,2018,ha,5,E,Estimated value,,Banana
QCL,Crops and livestock products,110,Japan,5412,Yield,1312,2018,2018,kg/ha,3305.7,E,Estimated value,,Banana
QCL,Crops and livestock products,110,Japan,5510,Production,1312,2018,2018,t,16.34,E,Estimated value,,Banana
QCL,Crops and livestock products,110,Japan,5312,Area harvested,1312,2019,2019,ha,6,E,Estimated value,,Banana
QCL,Crops and livestock products,110,Japan,5412,Yield,1312,2019,2019,kg/ha,3320.3,E,Estimated value,,Banana
QCL,Crops and livestock products,110,Japan,5510,Production,1312,2019,2019,t,19.27,E,Estimated value,,Banana
QCL,Crops and livestock products,110,Japan,5312,Area harvested,1312,2020,2020,ha,5,E,Estimated value,,Banana
QCL,Crops and livestock products,110,Japan,5412,Yield,1312,2020,2020,kg/ha,3345.3,E,Estimated value,,Banana
QCL,Crops and livestock products,110,Japan,5510,Production,1312,2020,2020,t,17.73,E,Estimated value,,Banana
QCL,Crops and livestock products,110,Japan,5312,Area harvested,1312,2021,2021,ha,5,E,Estimated value,,Banana
QCL,Crops and livestock products,110,Japan,5412,Yield,1312,2021,2021,kg/ha,3324.1,E,Estimated value,,Banana
QCL,Crops and livestock products,110,Japan,5510,Production,1312,2021,2021,t,17.78,E,Estimated value,,Banana
QCL,Crops and livestock products,110,Japan,5312,Area harvested,1312,2022,2022,ha,5,E,Estimated value,,Banana
QCL,Crops and livestock products,110,Japan,5412,Yield,1312,2022,2022,kg/ha,3329.6,E,Estimated value,,Banana
QCL,Crops and livestock products,110,Japan,5510,Production,1312,2022,2022,t,18.26,E,Estimated value,,Banana
QCL,Crops and livestock products,110,Japan,5312,Area harvested,1312,2023,2023,ha,5,E,Estimated value,,Banana
QCL,Crops and livestock products,110,Japan,5412,Yield,1312,2023,2023,kg/ha,3332.9,E,Estimated value,,Banana
QCL,Crops and livestock products,110,Japan,5510,Production,1312,2023,2023,t,17.92,E,Estimated value,,Banana
QCL,Crops and livestock products,110,Japan,5312,Area harvested,1312,2024,2024,ha,5,E,Estimated value,,Banana
QCL,Crops and livestock products,110,Japan,5412,Yield,1312,2024,2024,kg/ha,3328.9,E,Estimated value,,Banana
QCL,Crops and livestock products,110,Japan,5510,Production,1312,2024,2024,t,17.99,E,Estimated value,,Banana
QCL,Crops and livestock products,112,Jordan,5312,Area harvested,1312,2010,2010,ha,1853,A,Official value,,Banana
QCL,Crops and livestock products,112,Jordan,5412,Yield,1312,2010,2010,kg/ha,23612,A,Official value,,Banana
QCL,Crops and livestock products,112,Jordan,5510,Production,1312,2010,2010,t,43753,A,Official value,,Banana
QCL,Crops and livestock products,112,Jordan,5312,Area harvested,1312,2011,2011,ha,1971,A,Official value,,Banana
QCL,Crops and livestock products,112,Jordan,5412,Yield,1312,2011,2011,kg/ha,24507.4,A,Official value,,Banana
QCL,Crops and livestock products,112,Jordan,5510,Production,1312,2011,2011,t,48304,A,Official value,,Banana
QCL,Crops and livestock products,112,Jordan,5312,Area harvested,1312,2012,2012,ha,2090,A,Official value,,Banana
QCL,Crops and livestock products,112,Jordan,5412,Yield,1312,2012,2012,kg/ha,18589.5,A,Official value,,Banana
QCL,Crops and livestock products,112,Jordan,5510,Production,1312,2012,2012,t,38852,A,Official value,,Banana
QCL,Crops and livestock products,112,Jordan,5312,Area harvested,1312,2013,2013,ha,801,A,Official value,,Banana
QCL,Crops and livestock products,112,Jordan,5412,Yield,1312,2013,2013,kg/ha,52444.4,A,Official value,,Banana
QCL,Crops and livestock products,112,Jordan,5510,Production,1312,2013,2013,t,42008,A,Official value,,Banana
QCL,Crops and livestock products,112,Jordan,5312,Area harvested,1312,2014,2014,ha,870,A,Official value,,Banana
QCL,Crops and livestock products,112,Jordan,5412,Yield,1312,2014,2014,kg/ha,43090.8,A,Official value,,Banana
QCL,Crops and livestock products,112,Jordan,5510,Production,1312,2014,2014,t,37489,A,Official value,,Banana
QCL,Crops and livestock products,112,Jordan,5312,Area harvested,1312,2015,2015,ha,893,A,Official value,,Banana
QCL,Crops and livestock products,112,Jordan,5412,Yield,1312,2015,2015,kg/ha,52446.8,A,Official value,,Banana
QCL,Crops and livestock products,112,Jordan,5510,Production,1312,2015,2015,t,46835,A,Official value,,Banana
QCL,Crops and livestock products,112,Jordan,5312,Area harvested,1312,2016,2016,ha,917,A,Official value,,Banana
QCL,Crops and livestock products,112,Jordan,5412,Yield,1312,2016,2016,kg/ha,44706.7,A,Official value,,Banana
QCL,Crops and livestock products,112,Jordan,5510,Production,1312,2016,2016,t,40996,A,Official value,,Banana
QCL,Crops and livestock products,112,Jordan,5312,Area harvested,1312,2017,2017,ha,716,A,Official value,,Banana
QCL,Crops and livestock products,112,Jordan,5412,Yield,1312,2017,2017,kg/ha,47421.7,A,Official value,,Banana
QCL,Crops and livestock products,112,Jordan,5510,Production,1312,2017,2017,t,33935,A,Official value,,Banana
QCL,Crops and livestock products,112,Jordan,5312,Area harvested,1312,2018,2018,ha,717,A,Official value,,Banana
QCL,Crops and livestock products,112,Jordan,5412,Yield,1312,2018,2018,kg/ha,49422.9,A,Official value,,Banana
QCL,Crops and livestock products,112,Jordan,5510,Production,1312,2018,2018,t,35456,A,Official value,,Banana
QCL,Crops and livestock products,112,Jordan,5312,Area harvested,1312,2019,2019,ha,719,A,Official value,,Banana
QCL,Crops and livestock products,112,Jordan,5412,Yield,1312,2019,2019,kg/ha,45623.1,A,Official value,,Banana
QCL,Crops and livestock products,112,Jordan,5510,Production,1312,2019,2019,t,32803,A,Official value,,Banana
QCL,Crops and livestock products,112,Jordan,5312,Area harvested,1312,2020,2020,ha,729,A,Official value,,Banana
QCL,Crops and livestock products,112,Jordan,5412,Yield,1312,2020,2020,kg/ha,45209.8,A,Official value,,Banana
QCL,Crops and livestock products,112,Jordan,5510,Production,1312,2020,2020,t,32976,A,Official value,,Banana
QCL,Crops and livestock products,112,Jordan,5312,Area harvested,1312,2021,2021,ha,886,A,Official value,,Banana
QCL,Crops and livestock products,112,Jordan,5412,Yield,1312,2021,2021,kg/ha,50699.7,A,Official value,,Banana
QCL,Crops and livestock products,112,Jordan,5510,Production,1312,2021,2021,t,44925,A,Official value,,Banana
QCL,Crops and livestock products,112,Jordan,5312,Area harvested,1312,2022,2022,ha,899,A,Official value,,Banana
QCL,Crops and livestock products,112,Jordan,5412,Yield,1312,2022,2022,kg/ha,50315.1,A,Official value,,Banana
QCL,Crops and livestock products,112,Jordan,5510,Production,1312,2022,2022,t,45246.4,A,Official value,,Banana
QCL,Crops and livestock products,112,Jordan,5312,Area harvested,1312,2023,2023,ha,913,A,Official value,,Banana
QCL,Crops and livestock products,112,Jordan,5412,Yield,1312,2023,2023,kg/ha,68506.9,A,Official value,,Banana
QCL,Crops and livestock products,112,Jordan,5510,Production,1312,2023,2023,t,62523.5,A,Official value,,Banana
QCL,Crops and livestock products,112,Jordan,5312,Area harvested,1312,2024,2024,ha,913,A,Official value,,Banana
QCL,Crops and livestock products,112,Jordan,5412,Yield,1312,2024,2024,kg/ha,64032.8,A,Official value,,Banana
QCL,Crops and livestock products,112,Jordan,5510,Production,1312,2024,2024,t,58437.52,A,Official value,,Banana
QCL,Crops and livestock products,114,Kenya,5312,Area harvested,1312,2010,2010,ha,83462,A,Official value,,Banana
QCL,Crops and livestock products,114,Kenya,5412,Yield,1312,2010,2010,kg/ha,18968.4,A,Official value,,Banana
QCL,Crops and livestock products,114,Kenya,5510,Production,1312,2010,2010,t,1583143,A,Official value,,Banana
QCL,Crops and livestock products,114,Kenya,5312,Area harvested,1312,2011,2011,ha,50486,A,Official value,,Banana
QCL,Crops and livestock products,114,Kenya,5412,Yield,1312,2011,2011,kg/ha,24287.3,A,Official value,,Banana
QCL,Crops and livestock products,114,Kenya,5510,Production,1312,2011,2011,t,1226171,A,Official value,,Banana
QCL,Crops and livestock products,114,Kenya,5312,Area harvested,1312,2012,2012,ha,58003,A,Official value,,Banana
QCL,Crops and livestock products,114,Kenya,5412,Yield,1312,2012,2012,kg/ha,20823.8,A,Official value,,Banana
QCL,Crops and livestock products,114,Kenya,5510,Production,1312,2012,2012,t,1207841,A,Official value,,Banana
QCL,Crops and livestock products,114,Kenya,5312,Area harvested,1312,2013,2013,ha,60153,A,Official value,,Banana
QCL,Crops and livestock products,114,Kenya,5412,Yield,1312,2013,2013,kg/ha,22850.3,A,Official value,,Banana
QCL,Crops and livestock products,114,Kenya,5510,Production,1312,2013,2013,t,1374516,A,Official value,,Banana
QCL,Crops and livestock products,114,Kenya,5312,Area harvested,1312,2014,2014,ha,59361,A,Official value,,Banana
QCL,Crops and livestock products,114,Kenya,5412,Yield,1312,2014,2014,kg/ha,27705.6,A,Official value,,Banana
QCL,Crops and livestock products,114,Kenya,5510,Production,1312,2014,2014,t,1644634,A,Official value,,Banana
QCL,Crops and livestock products,114,Kenya,5312,Area harvested,1312,2015,2015,ha,60718,A,Official value,,Banana
QCL,Crops and livestock products,114,Kenya,5412,Yield,1312,2015,2015,kg/ha,21248.2,A,Official value,,Banana
QCL,Crops and livestock products,114,Kenya,5510,Production,1312,2015,2015,t,1290150,A,Official value,,Banana
QCL,Crops and livestock products,114,Kenya,5312,Area harvested,1312,2016,2016,ha,63299,A,Official value,,Banana
QCL,Crops and livestock products,114,Kenya,5412,Yield,1312,2016,2016,kg/ha,20357.2,A,Official value,,Banana
QCL,Crops and livestock products,114,Kenya,5510,Production,1312,2016,2016,t,1288588,A,Official value,,Banana
QCL,Crops and livestock products,114,Kenya,5312,Area harvested,1312,2017,2017,ha,77576,A,Official value,,Banana
QCL,Crops and livestock products,114,Kenya,5412,Yield,1312,2017,2017,kg/ha,18487.1,A,Official value,,Banana
QCL,Crops and livestock products,114,Kenya,5510,Production,1312,2017,2017,t,1434161.99,A,Official value,,Banana
QCL,Crops and livestock products,114,Kenya,5312,Area harvested,1312,2018,2018,ha,72748,A,Official value,,Banana
QCL,Crops and livestock products,114,Kenya,5412,Yield,1312,2018,2018,kg/ha,19439.3,A,Official value,,Banana
QCL,Crops and livestock products,114,Kenya,5510,Production,1312,2018,2018,t,1414175.8,A,Official value,,Banana
QCL,Crops and livestock products,114,Kenya,5312,Area harvested,1312,2019,2019,ha,76912,A,Official value,,Banana
QCL,Crops and livestock products,114,Kenya,5412,Yield,1312,2019,2019,kg/ha,22308.3,A,Official value,,Banana
QCL,Crops and livestock products,114,Kenya,5510,Production,1312,2019,2019,t,1715770.05,A,Official value,,Banana
QCL,Crops and livestock products,114,Kenya,5312,Area harvested,1312,2020,2020,ha,72123,A,Official value,,Banana
QCL,Crops and livestock products,114,Kenya,5412,Yield,1312,2020,2020,kg/ha,25742.8,A,Official value,,Banana
QCL,Crops and livestock products,114,Kenya,5510,Production,1312,2020,2020,t,1856658.7,A,Official value,,Banana
QCL,Crops and livestock products,114,Kenya,5312,Area harvested,1312,2021,2021,ha,71681,A,Official value,,Banana
QCL,Crops and livestock products,114,Kenya,5412,Yield,1312,2021,2021,kg/ha,27695.8,A,Official value,,Banana
QCL,Crops and livestock products,114,Kenya,5510,Production,1312,2021,2021,t,1985254.49,A,Official value,,Banana
QCL,Crops and livestock products,114,Kenya,5312,Area harvested,1312,2022,2022,ha,71800,A,Official value,,Banana
QCL,Crops and livestock products,114,Kenya,5412,Yield,1312,2022,2022,kg/ha,28587.7,A,Official value,,Banana
QCL,Crops and livestock products,114,Kenya,5510,Production,1312,2022,2022,t,2052600,A,Official value,,Banana
QCL,Crops and livestock products,114,Kenya,5312,Area harvested,1312,2023,2023,ha,73466,A,Official value,,Banana
QCL,Crops and livestock products,114,Kenya,5412,Yield,1312,2023,2023,kg/ha,24212.6,A,Official value,,Banana
QCL,Crops and livestock products,114,Kenya,5510,Production,1312,2023,2023,t,1778804,A,Official value,,Banana
QCL,Crops and livestock products,114,Kenya,5312,Area harvested,1312,2024,2024,ha,75895,A,Official value,,Banana
QCL,Crops and livestock products,114,Kenya,5412,Yield,1312,2024,2024,kg/ha,27159.7,A,Official value,,Banana
QCL,Crops and livestock products,114,Kenya,5510,Production,1312,2024,2024,t,2061285,A,Official value,,Banana
QCL,Crops and livestock products,83,Kiribati,5312,Area harvested,1312,2010,2010,ha,1300,E,Estimated value,,Banana
QCL,Crops and livestock products,83,Kiribati,5412,Yield,1312,2010,2010,kg/ha,5186.4,E,Estimated value,,Banana
QCL,Crops and livestock products,83,Kiribati,5510,Production,1312,2010,2010,t,6742.35,I,Value imputed by a receiving agency,,Banana
QCL,Crops and livestock products,83,Kiribati,5312,Area harvested,1312,2011,2011,ha,1350,E,Estimated value,,Banana
QCL,Crops and livestock products,83,Kiribati,5412,Yield,1312,2011,2011,kg/ha,5185.2,E,Estimated value,,Banana
QCL,Crops and livestock products,83,Kiribati,5510,Production,1312,2011,2011,t,7000,E,Estimated value,,Banana
QCL,Crops and livestock products,83,Kiribati,5312,Area harvested,1312,2012,2012,ha,1360,E,Estimated value,,Banana
QCL,Crops and livestock products,83,Kiribati,5412,Yield,1312,2012,2012,kg/ha,5147.1,E,Estimated value,,Banana
QCL,Crops and livestock products,83,Kiribati,5510,Production,1312,2012,2012,t,7000,E,Estimated value,,Banana
QCL,Crops and livestock products,83,Kiribati,5312,Area harvested,1312,2013,2013,ha,1379,I,Value imputed by a receiving agency,,Banana
QCL,Crops and livestock products,83,Kiribati,5412,Yield,1312,2013,2013,kg/ha,5153.9,E,Estimated value,,Banana
QCL,Crops and livestock products,83,Kiribati,5510,Production,1312,2013,2013,t,7109.69,I,Value imputed by a receiving agency,,Banana
QCL,Crops and livestock products,83,Kiribati,5312,Area harvested,1312,2014,2014,ha,1401,I,Value imputed by a receiving agency,,Banana
QCL,Crops and livestock products,83,Kiribati,5412,Yield,1312,2014,2014,kg/ha,5165.3,E,Estimated value,,Banana
QCL,Crops and livestock products,83,Kiribati,5510,Production,1312,2014,2014,t,7238.33,I,Value imputed by a receiving agency,,Banana
QCL,Crops and livestock products,83,Kiribati,5312,Area harvested,1312,2015,2015,ha,1458,I,Value imputed by a receiving agency,,Banana
QCL,Crops and livestock products,83,Kiribati,5412,Yield,1312,2015,2015,kg/ha,5186.2,E,Estimated value,,Banana
QCL,Crops and livestock products,83,Kiribati,5510,Production,1312,2015,2015,t,7560.8,I,Value imputed by a receiving agency,,Banana
QCL,Crops and livestock products,83,Kiribati,5312,Area harvested,1312,2016,2016,ha,1413,E,Estimated value,,Banana
QCL,Crops and livestock products,83,Kiribati,5412,Yield,1312,2016,2016,kg/ha,5168.8,E,Estimated value,,Banana
QCL,Crops and livestock products,83,Kiribati,5510,Production,1312,2016,2016,t,7302.94,E,Estimated value,,Banana
QCL,Crops and livestock products,83,Kiribati,5312,Area harvested,1312,2017,2017,ha,1404,I,Value imputed by a receiving agency,,Banana
QCL,Crops and livestock products,83,Kiribati,5412,Yield,1312,2017,2017,kg/ha,5164.8,E,Estimated value,,Banana
QCL,Crops and livestock products,83,Kiribati,5510,Production,1312,2017,2017,t,7250.97,I,Value imputed by a receiving agency,,Banana
QCL,Crops and livestock products,83,Kiribati,5312,Area harvested,1312,2018,2018,ha,1402,I,Value imputed by a receiving agency,,Banana
QCL,Crops and livestock products,83,Kiribati,5412,Yield,1312,2018,2018,kg/ha,5165.5,E,Estimated value,,Banana
QCL,Crops and livestock products,83,Kiribati,5510,Production,1312,2018,2018,t,7239.67,I,Value imputed by a receiving agency,,Banana
QCL,Crops and livestock products,83,Kiribati,5312,Area harvested,1312,2019,2019,ha,1403,I,Value imputed by a receiving agency,,Banana
QCL,Crops and livestock products,83,Kiribati,5412,Yield,1312,2019,2019,kg/ha,5167.9,E,Estimated value,,Banana
QCL,Crops and livestock products,83,Kiribati,5510,Production,1312,2019,2019,t,7250.26,I,Value imputed by a receiving agency,,Banana
QCL,Crops and livestock products,83,Kiribati,5312,Area harvested,1312,2020,2020,ha,1409,I,Value imputed by a receiving agency,,Banana
QCL,Crops and livestock products,83,Kiribati,5412,Yield,1312,2020,2020,kg/ha,5171.5,E,Estimated value,,Banana
QCL,Crops and livestock products,83,Kiribati,5510,Production,1312,2020,2020,t,7284.89,I,Value imputed by a receiving agency,,Banana
QCL,Crops and livestock products,83,Kiribati,5312,Area harvested,1312,2021,2021,ha,1425,I,Value imputed by a receiving agency,,Banana
QCL,Crops and livestock products,83,Kiribati,5412,Yield,1312,2021,2021,kg/ha,5175.6,E,Estimated value,,Banana
QCL,Crops and livestock products,83,Kiribati,5510,Production,1312,2021,2021,t,7376.27,I,Value imputed by a receiving agency,,Banana
QCL,Crops and livestock products,83,Kiribati,5312,Area harvested,1312,2022,2022,ha,1426,I,Value imputed by a receiving agency,,Banana
QCL,Crops and livestock products,83,Kiribati,5412,Yield,1312,2022,2022,kg/ha,5168.2,E,Estimated value,,Banana
QCL,Crops and livestock products,83,Kiribati,5510,Production,1312,2022,2022,t,7369.91,I,Value imputed by a receiving agency,,Banana
QCL,Crops and livestock products,83,Kiribati,5312,Area harvested,1312,2023,2023,ha,1430,I,Value imputed by a receiving agency,,Banana
QCL,Crops and livestock products,83,Kiribati,5412,Yield,1312,2023,2023,kg/ha,5167.8,E,Estimated value,,Banana
QCL,Crops and livestock products,83,Kiribati,5510,Production,1312,2023,2023,t,7390.76,I,Value imputed by a receiving agency,,Banana
QCL,Crops and livestock products,83,Kiribati,5312,Area harvested,1312,2024,2024,ha,1434,I,Value imputed by a receiving agency,,Banana
QCL,Crops and livestock products,83,Kiribati,5412,Yield,1312,2024,2024,kg/ha,5167.5,E,Estimated value,,Banana
QCL,Crops and livestock products,83,Kiribati,5510,Production,1312,2024,2024,t,7411.62,I,Value imputed by a receiving agency,,Banana
QCL,Crops and livestock products,118,Kuwait,5510,Production,1312,2010,2010,t,,M,Missing value; data cannot exist,,Banana
QCL,Crops and livestock products,118,Kuwait,5510,Production,1312,2011,2011,t,,M,Missing value; data cannot exist,,Banana
QCL,Crops and livestock products,118,Kuwait,5510,Production,1312,2012,2012,t,,M,Missing value; data cannot exist,,Banana
QCL,Crops and livestock products,118,Kuwait,5510,Production,1312,2013,2013,t,,M,Missing value; data cannot exist,,Banana
QCL,Crops and livestock products,118,Kuwait,5510,Production,1312,2014,2014,t,,M,Missing value; data cannot exist,,Banana
QCL,Crops and livestock products,118,Kuwait,5510,Production,1312,2015,2015,t,,M,Missing value; data cannot exist,,Banana
QCL,Crops and livestock products,118,Kuwait,5510,Production,1312,2016,2016,t,,M,Missing value; data cannot exist,,Banana
QCL,Crops and livestock products,118,Kuwait,5510,Production,1312,2017,2017,t,,M,Missing value; data cannot exist,,Banana
QCL,Crops and livestock products,118,Kuwait,5510,Production,1312,2018,2018,t,,M,Missing value; data cannot exist,,Banana
QCL,Crops and livestock products,118,Kuwait,5510,Production,1312,2019,2019,t,,M,Missing value; data cannot exist,,Banana
QCL,Crops and livestock products,118,Kuwait,5510,Production,1312,2020,2020,t,,M,Missing value; data cannot exist,,Banana
QCL,Crops and livestock products,118,Kuwait,5510,Production,1312,2021,2021,t,,M,Missing value; data cannot exist,,Banana
QCL,Crops and livestock products,118,Kuwait,5510,Production,1312,2022,2022,t,,M,Missing value; data cannot exist,,Banana
QCL,Crops and livestock products,118,Kuwait,5510,Production,1312,2023,2023,t,,M,Missing value; data cannot exist,,Banana
QCL,Crops and livestock products,118,Kuwait,5510,Production,1312,2024,2024,t,,M,Missing value; data cannot exist,,Banana
QCL,Crops and livestock products,120,Lao People's Democratic Republic,5312,Area harvested,1312,2010,2010,ha,12575,A,Official value,,Banana
QCL,Crops and livestock products,120,Lao People's Democratic Republic,5412,Yield,1312,2010,2010,kg/ha,14202.8,A,Official value,,Banana
QCL,Crops and livestock products,120,Lao People's Democratic Republic,5510,Production,1312,2010,2010,t,178600,A,Official value,,Banana
QCL,Crops and livestock products,120,Lao People's Democratic Republic,5312,Area harvested,1312,2011,2011,ha,16120,A,Official value,,Banana
QCL,Crops and livestock products,120,Lao People's Democratic Republic,5412,Yield,1312,2011,2011,kg/ha,14268,E,Estimated value,,Banana
QCL,Crops and livestock products,120,Lao People's Democratic Republic,5510,Production,1312,2011,2011,t,230000,X,Value from external organization,Unofficial figure,Banana
QCL,Crops and livestock products,120,Lao People's Democratic Republic,5312,Area harvested,1312,2012,2012,ha,17730,A,Official value,,Banana
QCL,Crops and livestock products,120,Lao People's Democratic Republic,5412,Yield,1312,2012,2012,kg/ha,20592.2,A,Official value,,Banana
QCL,Crops and livestock products,120,Lao People's Democratic Republic,5510,Production,1312,2012,2012,t,365100,A,Official value,,Banana
QCL,Crops and livestock products,120,Lao People's Democratic Republic,5312,Area harvested,1312,2013,2013,ha,19120,A,Official value,,Banana
QCL,Crops and livestock products,120,Lao People's Democratic Republic,5412,Yield,1312,2013,2013,kg/ha,21988.8,A,Official value,,Banana
QCL,Crops and livestock products,120,Lao People's Democratic Republic,5510,Production,1312,2013,2013,t,420425,A,Official value,,Banana
QCL,Crops and livestock products,120,Lao People's Democratic Republic,5312,Area harvested,1312,2014,2014,ha,22920,A,Official value,,Banana
QCL,Crops and livestock products,120,Lao People's Democratic Republic,5412,Yield,1312,2014,2014,kg/ha,22189.4,A,Official value,,Banana
QCL,Crops and livestock products,120,Lao People's Democratic Republic,5510,Production,1312,2014,2014,t,508580,A,Official value,,Banana
QCL,Crops and livestock products,120,Lao People's Democratic Republic,5312,Area harvested,1312,2015,2015,ha,27710,A,Official value,,Banana
QCL,Crops and livestock products,120,Lao People's Democratic Republic,5412,Yield,1312,2015,2015,kg/ha,28401.3,A,Official value,,Banana
QCL,Crops and livestock products,120,Lao People's Democratic Republic,5510,Production,1312,2015,2015,t,787000,A,Official value,,Banana
QCL,Crops and livestock products,120,Lao People's Democratic Republic,5312,Area harvested,1312,2016,2016,ha,28600,A,Official value,,Banana
QCL,Crops and livestock products,120,Lao People's Democratic Republic,5412,Yield,1312,2016,2016,kg/ha,27839.2,A,Official value,,Banana
QCL,Crops and livestock products,120,Lao People's Democratic Republic,5510,Production,1312,2016,2016,t,796200,A,Official value,,Banana
QCL,Crops and livestock products,120,Lao People's Democratic Republic,5312,Area harvested,1312,2017,2017,ha,22605,A,Official value,,Banana
QCL,Crops and livestock products,120,Lao People's Democratic Republic,5412,Yield,1312,2017,2017,kg/ha,41885.4,A,Official value,,Banana
QCL,Crops and livestock products,120,Lao People's Democratic Republic,5510,Production,1312,2017,2017,t,946820,A,Official value,,Banana
QCL,Crops and livestock products,120,Lao People's Democratic Republic,5312,Area harvested,1312,2018,2018,ha,23120,A,Official value,,Banana
QCL,Crops and livestock products,120,Lao People's Democratic Republic,5412,Yield,1312,2018,2018,kg/ha,41997.6,A,Official value,,Banana
QCL,Crops and livestock products,120,Lao People's Democratic Republic,5510,Production,1312,2018,2018,t,970985,A,Official value,,Banana
QCL,Crops and livestock products,120,Lao People's Democratic Republic,5312,Area harvested,1312,2019,2019,ha,26828,A,Official value,,Banana
QCL,Crops and livestock products,120,Lao People's Democratic Republic,5412,Yield,1312,2019,2019,kg/ha,28388.3,A,Official value,,Banana
QCL,Crops and livestock products,120,Lao People's Democratic Republic,5510,Production,1312,2019,2019,t,761602,A,Official value,,Banana
QCL,Crops and livestock products,120,Lao People's Democratic Republic,5312,Area harvested,1312,2020,2020,ha,31429,I,Value imputed by a receiving agency,,Banana
QCL,Crops and livestock products,120,Lao People's Democratic Republic,5412,Yield,1312,2020,2020,kg/ha,28413.6,E,Estimated value,,Banana
QCL,Crops and livestock products,120,Lao People's Democratic Republic,5510,Production,1312,2020,2020,t,893000,E,Estimated value,,Banana
QCL,Crops and livestock products,120,Lao People's Democratic Republic,5312,Area harvested,1312,2021,2021,ha,25500,A,Official value,,Banana
QCL,Crops and livestock products,120,Lao People's Democratic Republic,5412,Yield,1312,2021,2021,kg/ha,28556.9,A,Official value,,Banana
QCL,Crops and livestock products,120,Lao People's Democratic Republic,5510,Production,1312,2021,2021,t,728200,A,Official value,,Banana
QCL,Crops and livestock products,120,Lao People's Democratic Republic,5312,Area harvested,1312,2022,2022,ha,26190,A,Official value,,Banana
QCL,Crops and livestock products,120,Lao People's Democratic Republic,5412,Yield,1312,2022,2022,kg/ha,28158.5,A,Official value,,Banana
QCL,Crops and livestock products,120,Lao People's Democratic Republic,5510,Production,1312,2022,2022,t,737470,A,Official value,,Banana
QCL,Crops and livestock products,120,Lao People's Democratic Republic,5312,Area harvested,1312,2023,2023,ha,31139,A,Official value,,Banana
QCL,Crops and livestock products,120,Lao People's Democratic Republic,5412,Yield,1312,2023,2023,kg/ha,27651.5,A,Official value,,Banana
QCL,Crops and livestock products,120,Lao People's Democratic Republic,5510,Production,1312,2023,2023,t,861040,A,Official value,,Banana
QCL,Crops and livestock products,120,Lao People's Democratic Republic,5312,Area harvested,1312,2024,2024,ha,27560,A,Official value,,Banana
QCL,Crops and livestock products,120,Lao People's Democratic Republic,5412,Yield,1312,2024,2024,kg/ha,27801.2,A,Official value,,Banana
QCL,Crops and livestock products,120,Lao People's Democratic Republic,5510,Production,1312,2024,2024,t,766200,A,Official value,,Banana
QCL,Crops and livestock products,119,Latvia,5312,Area harvested,1312,2018,2018,ha,0,A,Official value,,Banana
QCL,Crops and livestock products,119,Latvia,5510,Production,1312,2018,2018,t,0,A,Official value,,Banana
QCL,Crops and livestock products,119,Latvia,5312,Area harvested,1312,2019,2019,ha,0,A,Official value,,Banana
QCL,Crops and livestock products,119,Latvia,5510,Production,1312,2019,2019,t,0,A,Official value,,Banana
QCL,Crops and livestock products,119,Latvia,5312,Area harvested,1312,2020,2020,ha,0,A,Official value,,Banana
QCL,Crops and livestock products,119,Latvia,5510,Production,1312,2020,2020,t,0,A,Official value,,Banana
QCL,Crops and livestock products,119,Latvia,5312,Area harvested,1312,2021,2021,ha,0,A,Official value,,Banana
QCL,Crops and livestock products,119,Latvia,5510,Production,1312,2021,2021,t,0,A,Official value,,Banana
QCL,Crops and livestock products,119,Latvia,5312,Area harvested,1312,2022,2022,ha,0,A,Official value,,Banana
QCL,Crops and livestock products,119,Latvia,5510,Production,1312,2022,2022,t,0,A,Official value,,Banana
QCL,Crops and livestock products,119,Latvia,5312,Area harvested,1312,2023,2023,ha,0,A,Official value,,Banana
QCL,Crops and livestock products,119,Latvia,5510,Production,1312,2023,2023,t,0,A,Official value,,Banana
QCL,Crops and livestock products,119,Latvia,5312,Area harvested,1312,2024,2024,ha,0,A,Official value,,Banana
QCL,Crops and livestock products,119,Latvia,5510,Production,1312,2024,2024,t,0,A,Official value,,Banana
QCL,Crops and livestock products,121,Lebanon,5312,Area harvested,1312,2010,2010,ha,3011,A,Official value,,Banana
QCL,Crops and livestock products,121,Lebanon,5412,Yield,1312,2010,2010,kg/ha,28953.9,E,Estimated value,,Banana
QCL,Crops and livestock products,121,Lebanon,5510,Production,1312,2010,2010,t,87180.07,I,Value imputed by a receiving agency,,Banana
QCL,Crops and livestock products,121,Lebanon,5312,Area harvested,1312,2011,2011,ha,2664,I,Value imputed by a receiving agency,,Banana
QCL,Crops and livestock products,121,Lebanon,5412,Yield,1312,2011,2011,kg/ha,30003.1,E,Estimated value,,Banana
QCL,Crops and livestock products,121,Lebanon,5510,Production,1312,2011,2011,t,79925.23,I,Value imputed by a receiving agency,,Banana
QCL,Crops and livestock products,121,Lebanon,5312,Area harvested,1312,2012,2012,ha,2095,I,Value imputed by a receiving agency,,Banana
QCL,Crops and livestock products,121,Lebanon,5412,Yield,1312,2012,2012,kg/ha,30333.5,E,Estimated value,,Banana
QCL,Crops and livestock products,121,Lebanon,5510,Production,1312,2012,2012,t,63544.36,I,Value imputed by a receiving agency,,Banana
QCL,Crops and livestock products,121,Lebanon,5312,Area harvested,1312,2013,2013,ha,1949,I,Value imputed by a receiving agency,,Banana
QCL,Crops and livestock products,121,Lebanon,5412,Yield,1312,2013,2013,kg/ha,30611.8,E,Estimated value,,Banana
QCL,Crops and livestock products,121,Lebanon,5510,Production,1312,2013,2013,t,59649.91,I,Value imputed by a receiving agency,,Banana
QCL,Crops and livestock products,121,Lebanon,5312,Area harvested,1312,2014,2014,ha,2305,I,Value imputed by a receiving agency,,Banana
QCL,Crops and livestock products,121,Lebanon,5412,Yield,1312,2014,2014,kg/ha,33846.7,E,Estimated value,,Banana
QCL,Crops and livestock products,121,Lebanon,5510,Production,1312,2014,2014,t,78021.56,I,Value imputed by a receiving agency,,Banana
QCL,Crops and livestock products,121,Lebanon,5312,Area harvested,1312,2015,2015,ha,2531,X,Value from external organization,Unofficial figure,Banana
QCL,Crops and livestock products,121,Lebanon,5412,Yield,1312,2015,2015,kg/ha,37227.6,X,Value from external organization,,Banana
QCL,Crops and livestock products,121,Lebanon,5510,Production,1312,2015,2015,t,94223,X,Value from external organization,Unofficial figure,Banana
QCL,Crops and livestock products,121,Lebanon,5312,Area harvested,1312,2016,2016,ha,2320,A,Official value,,Banana
QCL,Crops and livestock products,121,Lebanon,5412,Yield,1312,2016,2016,kg/ha,47273.7,A,Official value,,Banana
QCL,Crops and livestock products,121,Lebanon,5510,Production,1312,2016,2016,t,109675,A,Official value,,Banana
QCL,Crops and livestock products,121,Lebanon,5312,Area harvested,1312,2017,2017,ha,2193,A,Official value,,Banana
QCL,Crops and livestock products,121,Lebanon,5412,Yield,1312,2017,2017,kg/ha,35610.6,A,Official value,,Banana
QCL,Crops and livestock products,121,Lebanon,5510,Production,1312,2017,2017,t,78094,A,Official value,,Banana
QCL,Crops and livestock products,121,Lebanon,5312,Area harvested,1312,2018,2018,ha,2082,X,Value from external organization,Unofficial figure,Banana
QCL,Crops and livestock products,121,Lebanon,5412,Yield,1312,2018,2018,kg/ha,46532.7,X,Value from external organization,,Banana
QCL,Crops and livestock products,121,Lebanon,5510,Production,1312,2018,2018,t,96881,X,Value from external organization,Unofficial figure,Banana
QCL,Crops and livestock products,121,Lebanon,5312,Area harvested,1312,2019,2019,ha,1806,X,Value from external organization,Unofficial figure,Banana
QCL,Crops and livestock products,121,Lebanon,5412,Yield,1312,2019,2019,kg/ha,44096.3,X,Value from external organization,,Banana
QCL,Crops and livestock products,121,Lebanon,5510,Production,1312,2019,2019,t,79638,X,Value from external organization,Unofficial figure,Banana
QCL,Crops and livestock products,121,Lebanon,5312,Area harvested,1312,2020,2020,ha,1558,X,Value from external organization,Unofficial figure,Banana
QCL,Crops and livestock products,121,Lebanon,5412,Yield,1312,2020,2020,kg/ha,41817.1,X,Value from external organization,,Banana
QCL,Crops and livestock products,121,Lebanon,5510,Production,1312,2020,2020,t,65151,X,Value from external organization,Unofficial figure,Banana
QCL,Crops and livestock products,121,Lebanon,5312,Area harvested,1312,2021,2021,ha,1250,X,Value from external organization,Unofficial figure,Banana
QCL,Crops and livestock products,121,Lebanon,5412,Yield,1312,2021,2021,kg/ha,35969.6,X,Value from external organization,,Banana
QCL,Crops and livestock products,121,Lebanon,5510,Production,1312,2021,2021,t,44962,X,Value from external organization,Unofficial figure,Banana
QCL,Crops and livestock products,121,Lebanon,5312,Area harvested,1312,2022,2022,ha,1242,X,Value from external organization,Unofficial figure,Banana
QCL,Crops and livestock products,121,Lebanon,5412,Yield,1312,2022,2022,kg/ha,36005.6,X,Value from external organization,,Banana
QCL,Crops and livestock products,121,Lebanon,5510,Production,1312,2022,2022,t,44719,X,Value from external organization,Unofficial figure,Banana
QCL,Crops and livestock products,121,Lebanon,5312,Area harvested,1312,2023,2023,ha,1248,X,Value from external organization,Unofficial figure,Banana
QCL,Crops and livestock products,121,Lebanon,5412,Yield,1312,2023,2023,kg/ha,35956.7,X,Value from external organization,,Banana
QCL,Crops and livestock products,121,Lebanon,5510,Production,1312,2023,2023,t,44874,X,Value from external organization,Unofficial figure,Banana
QCL,Crops and livestock products,121,Lebanon,5312,Area harvested,1312,2024,2024,ha,1200,X,Value from external organization,Unofficial figure,Banana
QCL,Crops and livestock products,121,Lebanon,5412,Yield,1312,2024,2024,kg/ha,33833.3,X,Value from external organization,,Banana
QCL,Crops and livestock products,121,Lebanon,5510,Production,1312,2024,2024,t,40600,X,Value from external organization,Unofficial figure,Banana
QCL,Crops and livestock products,123,Liberia,5312,Area harvested,1312,2010,2010,ha,11440,I,Value imputed by a receiving agency,,Banana
QCL,Crops and livestock products,123,Liberia,5412,Yield,1312,2010,2010,kg/ha,10882.9,E,Estimated value,,Banana
QCL,Crops and livestock products,123,Liberia,5510,Production,1312,2010,2010,t,124500,E,Estimated value,,Banana
QCL,Crops and livestock products,123,Liberia,5312,Area harvested,1312,2011,2011,ha,11538,I,Value imputed by a receiving agency,,Banana
QCL,Crops and livestock products,123,Liberia,5412,Yield,1312,2011,2011,kg/ha,10834.1,E,Estimated value,,Banana
QCL,Crops and livestock products,123,Liberia,5510,Production,1312,2011,2011,t,125000,E,Estimated value,,Banana
QCL,Crops and livestock products,123,Liberia,5312,Area harvested,1312,2012,2012,ha,12000,E,Estimated value,,Banana
QCL,Crops and livestock products,123,Liberia,5412,Yield,1312,2012,2012,kg/ha,10583.3,E,Estimated value,,Banana
QCL,Crops and livestock products,123,Liberia,5510,Production,1312,2012,2012,t,127000,E,Estimated value,,Banana
QCL,Crops and livestock products,123,Liberia,5312,Area harvested,1312,2013,2013,ha,12150,I,Value imputed by a receiving agency,,Banana
QCL,Crops and livestock products,123,Liberia,5412,Yield,1312,2013,2013,kg/ha,10767.2,E,Estimated value,,Banana
QCL,Crops and livestock products,123,Liberia,5510,Production,1312,2013,2013,t,130821.46,I,Value imputed by a receiving agency,,Banana
QCL,Crops and livestock products,123,Liberia,5312,Area harvested,1312,2014,2014,ha,12297,I,Value imputed by a receiving agency,,Banana
QCL,Crops and livestock products,123,Liberia,5412,Yield,1312,2014,2014,kg/ha,10840.3,E,Estimated value,,Banana
QCL,Crops and livestock products,123,Liberia,5510,Production,1312,2014,2014,t,133307.83,I,Value imputed by a receiving agency,,Banana
QCL,Crops and livestock products,123,Liberia,5312,Area harvested,1312,2015,2015,ha,12553,I,Value imputed by a receiving agency,,Banana
QCL,Crops and livestock products,123,Liberia,5412,Yield,1312,2015,2015,kg/ha,10791.9,E,Estimated value,,Banana
QCL,Crops and livestock products,123,Liberia,5510,Production,1312,2015,2015,t,135467.55,I,Value imputed by a receiving agency,,Banana
QCL,Crops and livestock products,123,Liberia,5312,Area harvested,1312,2016,2016,ha,12710,I,Value imputed by a receiving agency,,Banana
QCL,Crops and livestock products,123,Liberia,5412,Yield,1312,2016,2016,kg/ha,10794.5,E,Estimated value,,Banana
QCL,Crops and livestock products,123,Liberia,5510,Production,1312,2016,2016,t,137197.93,I,Value imputed by a receiving agency,,Banana
QCL,Crops and livestock products,123,Liberia,5312,Area harvested,1312,2017,2017,ha,12860,I,Value imputed by a receiving agency,,Banana
QCL,Crops and livestock products,123,Liberia,5412,Yield,1312,2017,2017,kg/ha,10793.1,E,Estimated value,,Banana
QCL,Crops and livestock products,123,Liberia,5510,Production,1312,2017,2017,t,138800.49,I,Value imputed by a receiving agency,,Banana
QCL,Crops and livestock products,123,Liberia,5312,Area harvested,1312,2018,2018,ha,13039,I,Value imputed by a receiving agency,,Banana
QCL,Crops and livestock products,123,Liberia,5412,Yield,1312,2018,2018,kg/ha,10783.4,E,Estimated value,,Banana
QCL,Crops and livestock products,123,Liberia,5510,Production,1312,2018,2018,t,140605.96,I,Value imputed by a receiving agency,,Banana
QCL,Crops and livestock products,123,Liberia,5312,Area harvested,1312,2019,2019,ha,13181,I,Value imputed by a receiving agency,,Banana
QCL,Crops and livestock products,123,Liberia,5412,Yield,1312,2019,2019,kg/ha,10780.6,E,Estimated value,,Banana
QCL,Crops and livestock products,123,Liberia,5510,Production,1312,2019,2019,t,142099.9,I,Value imputed by a receiving agency,,Banana
QCL,Crops and livestock products,123,Liberia,5312,Area harvested,1312,2020,2020,ha,13330,I,Value imputed by a receiving agency,,Banana
QCL,Crops and livestock products,123,Liberia,5412,Yield,1312,2020,2020,kg/ha,10782.5,E,Estimated value,,Banana
QCL,Crops and livestock products,123,Liberia,5510,Production,1312,2020,2020,t,143734.33,I,Value imputed by a receiving agency,,Banana
QCL,Crops and livestock products,123,Liberia,5312,Area harvested,1312,2021,2021,ha,13184,E,Estimated value,,Banana
QCL,Crops and livestock products,123,Liberia,5412,Yield,1312,2021,2021,kg/ha,10782.2,E,Estimated value,,Banana
QCL,Crops and livestock products,123,Liberia,5510,Production,1312,2021,2021,t,142146.73,E,Estimated value,,Banana
QCL,Crops and livestock products,123,Liberia,5312,Area harvested,1312,2022,2022,ha,13232,E,Estimated value,,Banana
QCL,Crops and livestock products,123,Liberia,5412,Yield,1312,2022,2022,kg/ha,10781.7,E,Estimated value,,Banana
QCL,Crops and livestock products,123,Liberia,5510,Production,1312,2022,2022,t,142660.32,E,Estimated value,,Banana
QCL,Crops and livestock products,123,Liberia,5312,Area harvested,1312,2023,2023,ha,13249,E,Estimated value,,Banana
QCL,Crops and livestock products,123,Liberia,5412,Yield,1312,2023,2023,kg/ha,10782.1,E,Estimated value,,Banana
QCL,Crops and livestock products,123,Liberia,5510,Production,1312,2023,2023,t,142847.13,E,Estimated value,,Banana
QCL,Crops and livestock products,123,Liberia,5312,Area harvested,1312,2024,2024,ha,13221,E,Estimated value,,Banana
QCL,Crops and livestock products,123,Liberia,5412,Yield,1312,2024,2024,kg/ha,10782,E,Estimated value,,Banana
QCL,Crops and livestock products,123,Liberia,5510,Production,1312,2024,2024,t,142551.39,E,Estimated value,,Banana
QCL,Crops and livestock products,124,Libya,5312,Area harvested,1312,2010,2010,ha,,M,Missing value; data cannot exist,,Banana
QCL,Crops and livestock products,124,Libya,5510,Production,1312,2010,2010,t,,M,Missing value; data cannot exist,,Banana
QCL,Crops and livestock products,124,Libya,5312,Area harvested,1312,2011,2011,ha,,M,Missing value; data cannot exist,,Banana
QCL,Crops and livestock products,124,Libya,5510,Production,1312,2011,2011,t,,M,Missing value; data cannot exist,,Banana
QCL,Crops and livestock products,124,Libya,5312,Area harvested,1312,2012,2012,ha,,M,Missing value; data cannot exist,,Banana
QCL,Crops and livestock products,124,Libya,5510,Production,1312,2012,2012,t,,M,Missing value; data cannot exist,,Banana
QCL,Crops and livestock products,124,Libya,5312,Area harvested,1312,2013,2013,ha,,M,Missing value; data cannot exist,,Banana
QCL,Crops and livestock products,124,Libya,5510,Production,1312,2013,2013,t,,M,Missing value; data cannot exist,,Banana
QCL,Crops and livestock products,124,Libya,5312,Area harvested,1312,2014,2014,ha,,M,Missing value; data cannot exist,,Banana
QCL,Crops and livestock products,124,Libya,5510,Production,1312,2014,2014,t,,M,Missing value; data cannot exist,,Banana
QCL,Crops and livestock products,124,Libya,5312,Area harvested,1312,2015,2015,ha,,M,Missing value; data cannot exist,,Banana
QCL,Crops and livestock products,124,Libya,5510,Production,1312,2015,2015,t,,M,Missing value; data cannot exist,,Banana
QCL,Crops and livestock products,124,Libya,5312,Area harvested,1312,2016,2016,ha,,M,Missing value; data cannot exist,,Banana
QCL,Crops and livestock products,124,Libya,5510,Production,1312,2016,2016,t,,M,Missing value; data cannot exist,,Banana
QCL,Crops and livestock products,124,Libya,5312,Area harvested,1312,2017,2017,ha,,M,Missing value; data cannot exist,,Banana
QCL,Crops and livestock products,124,Libya,5510,Production,1312,2017,2017,t,,M,Missing value; data cannot exist,,Banana
QCL,Crops and livestock products,124,Libya,5312,Area harvested,1312,2018,2018,ha,,M,Missing value; data cannot exist,,Banana
QCL,Crops and livestock products,124,Libya,5510,Production,1312,2018,2018,t,,M,Missing value; data cannot exist,,Banana
QCL,Crops and livestock products,124,Libya,5312,Area harvested,1312,2019,2019,ha,,M,Missing value; data cannot exist,,Banana
QCL,Crops and livestock products,124,Libya,5510,Production,1312,2019,2019,t,,M,Missing value; data cannot exist,,Banana
QCL,Crops and livestock products,124,Libya,5312,Area harvested,1312,2020,2020,ha,,M,Missing value; data cannot exist,,Banana
QCL,Crops and livestock products,124,Libya,5510,Production,1312,2020,2020,t,,M,Missing value; data cannot exist,,Banana
QCL,Crops and livestock products,124,Libya,5312,Area harvested,1312,2021,2021,ha,,M,Missing value; data cannot exist,,Banana
QCL,Crops and livestock products,124,Libya,5510,Production,1312,2021,2021,t,,M,Missing value; data cannot exist,,Banana
QCL,Crops and livestock products,124,Libya,5312,Area harvested,1312,2022,2022,ha,,M,Missing value; data cannot exist,,Banana
QCL,Crops and livestock products,124,Libya,5510,Production,1312,2022,2022,t,,M,Missing value; data cannot exist,,Banana
QCL,Crops and livestock products,124,Libya,5312,Area harvested,1312,2023,2023,ha,,M,Missing value; data cannot exist,,Banana
QCL,Crops and livestock products,124,Libya,5510,Production,1312,2023,2023,t,,M,Missing value; data cannot exist,,Banana
QCL,Crops and livestock products,124,Libya,5312,Area harvested,1312,2024,2024,ha,,M,Missing value; data cannot exist,,Banana
QCL,Crops and livestock products,124,Libya,5510,Production,1312,2024,2024,t,,M,Missing value; data cannot exist,,Banana
QCL,Crops and livestock products,126,Lithuania,5312,Area harvested,1312,2018,2018,ha,0,A,Official value,,Banana
QCL,Crops and livestock products,126,Lithuania,5510,Production,1312,2018,2018,t,0,A,Official value,,Banana
QCL,Crops and livestock products,126,Lithuania,5312,Area harvested,1312,2019,2019,ha,0,A,Official value,,Banana
QCL,Crops and livestock products,126,Lithuania,5510,Production,1312,2019,2019,t,0,A,Official value,,Banana
QCL,Crops and livestock products,126,Lithuania,5312,Area harvested,1312,2020,2020,ha,0,A,Official value,,Banana
QCL,Crops and livestock products,126,Lithuania,5510,Production,1312,2020,2020,t,0,A,Official value,,Banana
QCL,Crops and livestock products,126,Lithuania,5312,Area harvested,1312,2021,2021,ha,0,A,Official value,,Banana
QCL,Crops and livestock products,126,Lithuania,5510,Production,1312,2021,2021,t,0,A,Official value,,Banana
QCL,Crops and livestock products,126,Lithuania,5312,Area harvested,1312,2022,2022,ha,0,A,Official value,,Banana
QCL,Crops and livestock products,126,Lithuania,5510,Production,1312,2022,2022,t,0,A,Official value,,Banana
QCL,Crops and livestock products,126,Lithuania,5312,Area harvested,1312,2023,2023,ha,0,A,Official value,,Banana
QCL,Crops and livestock products,126,Lithuania,5510,Production,1312,2023,2023,t,0,A,Official value,,Banana
QCL,Crops and livestock products,126,Lithuania,5312,Area harvested,1312,2024,2024,ha,0,A,Official value,,Banana
QCL,Crops and livestock products,126,Lithuania,5510,Production,1312,2024,2024,t,0,A,Official value,,Banana
QCL,Crops and livestock products,256,Luxembourg,5312,Area harvested,1312,2018,2018,ha,0,A,Official value,,Banana
QCL,Crops and livestock products,256,Luxembourg,5510,Production,1312,2018,2018,t,0,A,Official value,,Banana
QCL,Crops and livestock products,256,Luxembourg,5312,Area harvested,1312,2019,2019,ha,0,A,Official value,,Banana
QCL,Crops and livestock products,256,Luxembourg,5510,Production,1312,2019,2019,t,0,A,Official value,,Banana
QCL,Crops and livestock products,256,Luxembourg,5312,Area harvested,1312,2020,2020,ha,0,A,Official value,,Banana
QCL,Crops and livestock products,256,Luxembourg,5510,Production,1312,2020,2020,t,0,A,Official value,,Banana
QCL,Crops and livestock products,256,Luxembourg,5312,Area harvested,1312,2021,2021,ha,0,A,Official value,,Banana
QCL,Crops and livestock products,256,Luxembourg,5510,Production,1312,2021,2021,t,0,A,Official value,,Banana
QCL,Crops and livestock products,256,Luxembourg,5312,Area harvested,1312,2022,2022,ha,0,A,Official value,,Banana
QCL,Crops and livestock products,256,Luxembourg,5510,Production,1312,2022,2022,t,0,A,Official value,,Banana
QCL,Crops and livestock products,256,Luxembourg,5312,Area harvested,1312,2023,2023,ha,0,A,Official value,,Banana
QCL,Crops and livestock products,256,Luxembourg,5510,Production,1312,2023,2023,t,0,A,Official value,,Banana
QCL,Crops and livestock products,256,Luxembourg,5312,Area harvested,1312,2024,2024,ha,0,A,Official value,,Banana
QCL,Crops and livestock products,256,Luxembourg,5510,Production,1312,2024,2024,t,0,A,Official value,,Banana
QCL,Crops and livestock products,129,Madagascar,5312,Area harvested,1312,2010,2010,ha,61787,I,Value imputed by a receiving agency,,Banana
QCL,Crops and livestock products,129,Madagascar,5412,Yield,1312,2010,2010,kg/ha,5500.9,E,Estimated value,,Banana
QCL,Crops and livestock products,129,Madagascar,5510,Production,1312,2010,2010,t,339885.05,I,Value imputed by a receiving agency,,Banana
QCL,Crops and livestock products,129,Madagascar,5312,Area harvested,1312,2011,2011,ha,65000,E,Estimated value,,Banana
QCL,Crops and livestock products,129,Madagascar,5412,Yield,1312,2011,2011,kg/ha,5384.6,E,Estimated value,,Banana
QCL,Crops and livestock products,129,Madagascar,5510,Production,1312,2011,2011,t,350000,E,Estimated value,,Banana
QCL,Crops and livestock products,129,Madagascar,5312,Area harvested,1312,2012,2012,ha,65500,E,Estimated value,,Banana
QCL,Crops and livestock products,129,Madagascar,5412,Yield,1312,2012,2012,kg/ha,5435.1,E,Estimated value,,Banana
QCL,Crops and livestock products,129,Madagascar,5510,Production,1312,2012,2012,t,356000,E,Estimated value,,Banana
QCL,Crops and livestock products,129,Madagascar,5312,Area harvested,1312,2013,2013,ha,65500,E,Estimated value,,Banana
QCL,Crops and livestock products,129,Madagascar,5412,Yield,1312,2013,2013,kg/ha,5419.8,E,Estimated value,,Banana
QCL,Crops and livestock products,129,Madagascar,5510,Production,1312,2013,2013,t,355000,E,Estimated value,,Banana
QCL,Crops and livestock products,129,Madagascar,5312,Area harvested,1312,2014,2014,ha,66811,I,Value imputed by a receiving agency,,Banana
QCL,Crops and livestock products,129,Madagascar,5412,Yield,1312,2014,2014,kg/ha,5404.1,E,Estimated value,,Banana
QCL,Crops and livestock products,129,Madagascar,5510,Production,1312,2014,2014,t,361052.81,I,Value imputed by a receiving agency,,Banana
QCL,Crops and livestock products,129,Madagascar,5312,Area harvested,1312,2015,2015,ha,69709,I,Value imputed by a receiving agency,,Banana
QCL,Crops and livestock products,129,Madagascar,5412,Yield,1312,2015,2015,kg/ha,5351.1,E,Estimated value,,Banana
QCL,Crops and livestock products,129,Madagascar,5510,Production,1312,2015,2015,t,373020.66,I,Value imputed by a receiving agency,,Banana
QCL,Crops and livestock products,129,Madagascar,5312,Area harvested,1312,2016,2016,ha,67340,E,Estimated value,,Banana
QCL,Crops and livestock products,129,Madagascar,5412,Yield,1312,2016,2016,kg/ha,5660.2,E,Estimated value,,Banana
QCL,Crops and livestock products,129,Madagascar,5510,Production,1312,2016,2016,t,381155.34,I,Value imputed by a receiving agency,,Banana
QCL,Crops and livestock products,129,Madagascar,5312,Area harvested,1312,2017,2017,ha,69635,I,Value imputed by a receiving agency,,Banana
QCL,Crops and livestock products,129,Madagascar,5412,Yield,1312,2017,2017,kg/ha,5556.8,E,Estimated value,,Banana
QCL,Crops and livestock products,129,Madagascar,5510,Production,1312,2017,2017,t,386952.37,I,Value imputed by a receiving agency,,Banana
QCL,Crops and livestock products,129,Madagascar,5312,Area harvested,1312,2018,2018,ha,70945,I,Value imputed by a receiving agency,,Banana
QCL,Crops and livestock products,129,Madagascar,5412,Yield,1312,2018,2018,kg/ha,5536.1,E,Estimated value,,Banana
QCL,Crops and livestock products,129,Madagascar,5510,Production,1312,2018,2018,t,392758.87,I,Value imputed by a receiving agency,,Banana
QCL,Crops and livestock products,129,Madagascar,5312,Area harvested,1312,2019,2019,ha,72147,I,Value imputed by a receiving agency,,Banana
QCL,Crops and livestock products,129,Madagascar,5412,Yield,1312,2019,2019,kg/ha,5520.5,E,Estimated value,,Banana
QCL,Crops and livestock products,129,Madagascar,5510,Production,1312,2019,2019,t,398285.8,I,Value imputed by a receiving agency,,Banana
QCL,Crops and livestock products,129,Madagascar,5312,Area harvested,1312,2020,2020,ha,73144,I,Value imputed by a receiving agency,,Banana
QCL,Crops and livestock products,129,Madagascar,5412,Yield,1312,2020,2020,kg/ha,5527.4,E,Estimated value,,Banana
QCL,Crops and livestock products,129,Madagascar,5510,Production,1312,2020,2020,t,404296.71,I,Value imputed by a receiving agency,,Banana
QCL,Crops and livestock products,129,Madagascar,5312,Area harvested,1312,2021,2021,ha,72079,E,Estimated value,,Banana
QCL,Crops and livestock products,129,Madagascar,5412,Yield,1312,2021,2021,kg/ha,5528,E,Estimated value,,Banana
QCL,Crops and livestock products,129,Madagascar,5510,Production,1312,2021,2021,t,398447.12,E,Estimated value,,Banana
QCL,Crops and livestock products,129,Madagascar,5312,Area harvested,1312,2022,2022,ha,72457,E,Estimated value,,Banana
QCL,Crops and livestock products,129,Madagascar,5412,Yield,1312,2022,2022,kg/ha,5525.3,E,Estimated value,,Banana
QCL,Crops and livestock products,129,Madagascar,5510,Production,1312,2022,2022,t,400343.21,E,Estimated value,,Banana
QCL,Crops and livestock products,129,Madagascar,5312,Area harvested,1312,2023,2023,ha,72560,E,Estimated value,,Banana
QCL,Crops and livestock products,129,Madagascar,5412,Yield,1312,2023,2023,kg/ha,5526.9,E,Estimated value,,Banana
QCL,Crops and livestock products,129,Madagascar,5510,Production,1312,2023,2023,t,401029.01,E,Estimated value,,Banana
QCL,Crops and livestock products,129,Madagascar,5312,Area harvested,1312,2024,2024,ha,72365,E,Estimated value,,Banana
QCL,Crops and livestock products,129,Madagascar,5412,Yield,1312,2024,2024,kg/ha,5526.7,E,Estimated value,,Banana
QCL,Crops and livestock products,129,Madagascar,5510,Production,1312,2024,2024,t,399939.78,E,Estimated value,,Banana
QCL,Crops and livestock products,130,Malawi,5312,Area harvested,1312,2010,2010,ha,25738,I,Value imputed by a receiving agency,,Banana
QCL,Crops and livestock products,130,Malawi,5412,Yield,1312,2010,2010,kg/ha,20038.1,E,Estimated value,,Banana
QCL,Crops and livestock products,130,Malawi,5510,Production,1312,2010,2010,t,515736.04,I,Value imputed by a receiving agency,,Banana
QCL,Crops and livestock products,130,Malawi,5312,Area harvested,1312,2011,2011,ha,28044,I,Value imputed by a receiving agency,,Banana
QCL,Crops and livestock products,130,Malawi,5412,Yield,1312,2011,2011,kg/ha,20064.4,E,Estimated value,,Banana
QCL,Crops and livestock products,130,Malawi,5510,Production,1312,2011,2011,t,562690.66,I,Value imputed by a receiving agency,,Banana
QCL,Crops and livestock products,130,Malawi,5312,Area harvested,1312,2012,2012,ha,29443,I,Value imputed by a receiving agency,,Banana
QCL,Crops and livestock products,130,Malawi,5412,Yield,1312,2012,2012,kg/ha,20067.5,E,Estimated value,,Banana
QCL,Crops and livestock products,130,Malawi,5510,Production,1312,2012,2012,t,590843.1,I,Value imputed by a receiving agency,,Banana
QCL,Crops and livestock products,130,Malawi,5312,Area harvested,1312,2013,2013,ha,30839,I,Value imputed by a receiving agency,,Banana
QCL,Crops and livestock products,130,Malawi,5412,Yield,1312,2013,2013,kg/ha,20070,E,Estimated value,,Banana
QCL,Crops and livestock products,130,Malawi,5510,Production,1312,2013,2013,t,618940.92,I,Value imputed by a receiving agency,,Banana
QCL,Crops and livestock products,130,Malawi,5312,Area harvested,1312,2014,2014,ha,32236,I,Value imputed by a receiving agency,,Banana
QCL,Crops and livestock products,130,Malawi,5412,Yield,1312,2014,2014,kg/ha,20072.1,E,Estimated value,,Banana
QCL,Crops and livestock products,130,Malawi,5510,Production,1312,2014,2014,t,647052.73,I,Value imputed by a receiving agency,,Banana
QCL,Crops and livestock products,130,Malawi,5312,Area harvested,1312,2015,2015,ha,33634,I,Value imputed by a receiving agency,,Banana
QCL,Crops and livestock products,130,Malawi,5412,Yield,1312,2015,2015,kg/ha,20074,E,Estimated value,,Banana
QCL,Crops and livestock products,130,Malawi,5510,Production,1312,2015,2015,t,675173.69,I,Value imputed by a receiving agency,,Banana
QCL,Crops and livestock products,130,Malawi,5312,Area harvested,1312,2016,2016,ha,35032,I,Value imputed by a receiving agency,,Banana
QCL,Crops and livestock products,130,Malawi,5412,Yield,1312,2016,2016,kg/ha,20075.7,E,Estimated value,,Banana
QCL,Crops and livestock products,130,Malawi,5510,Production,1312,2016,2016,t,703297.64,I,Value imputed by a receiving agency,,Banana
QCL,Crops and livestock products,130,Malawi,5312,Area harvested,1312,2017,2017,ha,36430,I,Value imputed by a receiving agency,,Banana
QCL,Crops and livestock products,130,Malawi,5412,Yield,1312,2017,2017,kg/ha,20077.3,E,Estimated value,,Banana
QCL,Crops and livestock products,130,Malawi,5510,Production,1312,2017,2017,t,731418.35,I,Value imputed by a receiving agency,,Banana
QCL,Crops and livestock products,130,Malawi,5312,Area harvested,1312,2018,2018,ha,37828,I,Value imputed by a receiving agency,,Banana
QCL,Crops and livestock products,130,Malawi,5412,Yield,1312,2018,2018,kg/ha,20078.7,E,Estimated value,,Banana
QCL,Crops and livestock products,130,Malawi,5510,Production,1312,2018,2018,t,759529.38,I,Value imputed by a receiving agency,,Banana
QCL,Crops and livestock products,130,Malawi,5312,Area harvested,1312,2019,2019,ha,40500,E,Estimated value,,Banana
QCL,Crops and livestock products,130,Malawi,5412,Yield,1312,2019,2019,kg/ha,20020.5,E,Estimated value,,Banana
QCL,Crops and livestock products,130,Malawi,5510,Production,1312,2019,2019,t,810829,A,Official value,,Banana
QCL,Crops and livestock products,130,Malawi,5312,Area harvested,1312,2020,2020,ha,40216,I,Value imputed by a receiving agency,,Banana
QCL,Crops and livestock products,130,Malawi,5412,Yield,1312,2020,2020,kg/ha,18409.4,E,Estimated value,,Banana
QCL,Crops and livestock products,130,Malawi,5510,Production,1312,2020,2020,t,740344,A,Official value,,Banana
QCL,Crops and livestock products,130,Malawi,5312,Area harvested,1312,2021,2021,ha,37801,I,Value imputed by a receiving agency,,Banana
QCL,Crops and livestock products,130,Malawi,5412,Yield,1312,2021,2021,kg/ha,22879.3,E,Estimated value,,Banana
QCL,Crops and livestock products,130,Malawi,5510,Production,1312,2021,2021,t,864849,A,Official value,,Banana
QCL,Crops and livestock products,130,Malawi,5312,Area harvested,1312,2022,2022,ha,45377,I,Value imputed by a receiving agency,,Banana
QCL,Crops and livestock products,130,Malawi,5412,Yield,1312,2022,2022,kg/ha,20614.8,E,Estimated value,,Banana
QCL,Crops and livestock products,130,Malawi,5510,Production,1312,2022,2022,t,935429,A,Official value,,Banana
QCL,Crops and livestock products,130,Malawi,5312,Area harvested,1312,2023,2023,ha,54508,I,Value imputed by a receiving agency,,Banana
QCL,Crops and livestock products,130,Malawi,5412,Yield,1312,2023,2023,kg/ha,19767.3,E,Estimated value,,Banana
QCL,Crops and livestock products,130,Malawi,5510,Production,1312,2023,2023,t,1077474,A,Official value,,Banana
QCL,Crops and livestock products,130,Malawi,5312,Area harvested,1312,2024,2024,ha,58474,I,Value imputed by a receiving agency,,Banana
QCL,Crops and livestock products,130,Malawi,5412,Yield,1312,2024,2024,kg/ha,19346.5,E,Estimated value,,Banana
QCL,Crops and livestock products,130,Malawi,5510,Production,1312,2024,2024,t,1131259.42,I,Value imputed by a receiving agency,,Banana
QCL,Crops and livestock products,131,Malaysia,5312,Area harvested,1312,2010,2010,ha,24167,A,Official value,,Banana
QCL,Crops and livestock products,131,Malaysia,5412,Yield,1312,2010,2010,kg/ha,13764.2,A,Official value,,Banana
QCL,Crops and livestock products,131,Malaysia,5510,Production,1312,2010,2010,t,332639,A,Official value,,Banana
QCL,Crops and livestock products,131,Malaysia,5312,Area harvested,1312,2011,2011,ha,29132,A,Official value,,Banana
QCL,Crops and livestock products,131,Malaysia,5412,Yield,1312,2011,2011,kg/ha,10513.6,A,Official value,,Banana
QCL,Crops and livestock products,131,Malaysia,5510,Production,1312,2011,2011,t,306283,A,Official value,,Banana
QCL,Crops and livestock products,131,Malaysia,5312,Area harvested,1312,2012,2012,ha,29193,A,Official value,,Banana
QCL,Crops and livestock products,131,Malaysia,5412,Yield,1312,2012,2012,kg/ha,9900.8,A,Official value,,Banana
QCL,Crops and livestock products,131,Malaysia,5510,Production,1312,2012,2012,t,289034,A,Official value,,Banana
QCL,Crops and livestock products,131,Malaysia,5312,Area harvested,1312,2013,2013,ha,27085,A,Official value,,Banana
QCL,Crops and livestock products,131,Malaysia,5412,Yield,1312,2013,2013,kg/ha,10658.2,A,Official value,,Banana
QCL,Crops and livestock products,131,Malaysia,5510,Production,1312,2013,2013,t,288677,A,Official value,,Banana
QCL,Crops and livestock products,131,Malaysia,5312,Area harvested,1312,2014,2014,ha,28911,A,Official value,,Banana
QCL,Crops and livestock products,131,Malaysia,5412,Yield,1312,2014,2014,kg/ha,10484.1,A,Official value,,Banana
QCL,Crops and livestock products,131,Malaysia,5510,Production,1312,2014,2014,t,303107,A,Official value,,Banana
QCL,Crops and livestock products,131,Malaysia,5312,Area harvested,1312,2015,2015,ha,24858,A,Official value,,Banana
QCL,Crops and livestock products,131,Malaysia,5412,Yield,1312,2015,2015,kg/ha,12692,A,Official value,,Banana
QCL,Crops and livestock products,131,Malaysia,5510,Production,1312,2015,2015,t,315500,A,Official value,,Banana
QCL,Crops and livestock products,131,Malaysia,5312,Area harvested,1312,2016,2016,ha,22294,A,Official value,,Banana
QCL,Crops and livestock products,131,Malaysia,5412,Yield,1312,2016,2016,kg/ha,13883.1,A,Official value,,Banana
QCL,Crops and livestock products,131,Malaysia,5510,Production,1312,2016,2016,t,309508,A,Official value,,Banana
QCL,Crops and livestock products,131,Malaysia,5312,Area harvested,1312,2017,2017,ha,27565,A,Official value,,Banana
QCL,Crops and livestock products,131,Malaysia,5412,Yield,1312,2017,2017,kg/ha,12715.3,A,Official value,,Banana
QCL,Crops and livestock products,131,Malaysia,5510,Production,1312,2017,2017,t,350492.59,A,Official value,,Banana
QCL,Crops and livestock products,131,Malaysia,5312,Area harvested,1312,2018,2018,ha,24219,A,Official value,,Banana
QCL,Crops and livestock products,131,Malaysia,5412,Yield,1312,2018,2018,kg/ha,13665.1,A,Official value,,Banana
QCL,Crops and livestock products,131,Malaysia,5510,Production,1312,2018,2018,t,330956.54,A,Official value,,Banana
QCL,Crops and livestock products,131,Malaysia,5312,Area harvested,1312,2019,2019,ha,21542,A,Official value,,Banana
QCL,Crops and livestock products,131,Malaysia,5412,Yield,1312,2019,2019,kg/ha,15107.8,A,Official value,,Banana
QCL,Crops and livestock products,131,Malaysia,5510,Production,1312,2019,2019,t,325446.9,A,Official value,,Banana
QCL,Crops and livestock products,131,Malaysia,5312,Area harvested,1312,2020,2020,ha,21673,A,Official value,,Banana
QCL,Crops and livestock products,131,Malaysia,5412,Yield,1312,2020,2020,kg/ha,14479.3,A,Official value,,Banana
QCL,Crops and livestock products,131,Malaysia,5510,Production,1312,2020,2020,t,313811.33,A,Official value,,Banana
QCL,Crops and livestock products,131,Malaysia,5312,Area harvested,1312,2021,2021,ha,26443,A,Official value,,Banana
QCL,Crops and livestock products,131,Malaysia,5412,Yield,1312,2021,2021,kg/ha,12489.2,A,Official value,,Banana
QCL,Crops and livestock products,131,Malaysia,5510,Production,1312,2021,2021,t,330253.19,A,Official value,,Banana
QCL,Crops and livestock products,131,Malaysia,5312,Area harvested,1312,2022,2022,ha,22814,A,Official value,,Banana
QCL,Crops and livestock products,131,Malaysia,5412,Yield,1312,2022,2022,kg/ha,14491.4,A,Official value,,Banana
QCL,Crops and livestock products,131,Malaysia,5510,Production,1312,2022,2022,t,330601.1,A,Official value,,Banana
QCL,Crops and livestock products,131,Malaysia,5312,Area harvested,1312,2023,2023,ha,21405,A,Official value,,Banana
QCL,Crops and livestock products,131,Malaysia,5412,Yield,1312,2023,2023,kg/ha,16033.6,A,Official value,,Banana
QCL,Crops and livestock products,131,Malaysia,5510,Production,1312,2023,2023,t,343203.22,A,Official value,,Banana
QCL,Crops and livestock products,131,Malaysia,5312,Area harvested,1312,2024,2024,ha,22672,A,Official value,,Banana
QCL,Crops and livestock products,131,Malaysia,5412,Yield,1312,2024,2024,kg/ha,14795.4,A,Official value,,Banana
QCL,Crops and livestock products,131,Malaysia,5510,Production,1312,2024,2024,t,335443.98,A,Official value,,Banana
QCL,Crops and livestock products,132,Maldives,5312,Area harvested,1312,2010,2010,ha,117,I,Value imputed by a receiving agency,,Banana
QCL,Crops and livestock products,132,Maldives,5412,Yield,1312,2010,2010,kg/ha,27628.1,E,Estimated value,,Banana
QCL,Crops and livestock products,132,Maldives,5510,Production,1312,2010,2010,t,3244.85,I,Value imputed by a receiving agency,,Banana
QCL,Crops and livestock products,132,Maldives,5312,Area harvested,1312,2011,2011,ha,39,I,Value imputed by a receiving agency,,Banana
QCL,Crops and livestock products,132,Maldives,5412,Yield,1312,2011,2011,kg/ha,29037.8,E,Estimated value,,Banana
QCL,Crops and livestock products,132,Maldives,5510,Production,1312,2011,2011,t,1140,A,Official value,,Banana
QCL,Crops and livestock products,132,Maldives,5312,Area harvested,1312,2012,2012,ha,19,I,Value imputed by a receiving agency,,Banana
QCL,Crops and livestock products,132,Maldives,5412,Yield,1312,2012,2012,kg/ha,28231.3,E,Estimated value,,Banana
QCL,Crops and livestock products,132,Maldives,5510,Production,1312,2012,2012,t,547,A,Official value,,Banana
QCL,Crops and livestock products,132,Maldives,5312,Area harvested,1312,2013,2013,ha,5,I,Value imputed by a receiving agency,,Banana
QCL,Crops and livestock products,132,Maldives,5412,Yield,1312,2013,2013,kg/ha,28140.1,E,Estimated value,,Banana
QCL,Crops and livestock products,132,Maldives,5510,Production,1312,2013,2013,t,154,A,Official value,,Banana
QCL,Crops and livestock products,132,Maldives,5312,Area harvested,1312,2014,2014,ha,23,I,Value imputed by a receiving agency,,Banana
QCL,Crops and livestock products,132,Maldives,5412,Yield,1312,2014,2014,kg/ha,28706.5,E,Estimated value,,Banana
QCL,Crops and livestock products,132,Maldives,5510,Production,1312,2014,2014,t,645.97,I,Value imputed by a receiving agency,,Banana
QCL,Crops and livestock products,132,Maldives,5312,Area harvested,1312,2015,2015,ha,31,I,Value imputed by a receiving agency,,Banana
QCL,Crops and livestock products,132,Maldives,5412,Yield,1312,2015,2015,kg/ha,28920.3,E,Estimated value,,Banana
QCL,Crops and livestock products,132,Maldives,5510,Production,1312,2015,2015,t,891.82,I,Value imputed by a receiving agency,,Banana
QCL,Crops and livestock products,132,Maldives,5312,Area harvested,1312,2016,2016,ha,38,I,Value imputed by a receiving agency,,Banana
QCL,Crops and livestock products,132,Maldives,5412,Yield,1312,2016,2016,kg/ha,29166.7,E,Estimated value,,Banana
QCL,Crops and livestock products,132,Maldives,5510,Production,1312,2016,2016,t,1118.98,I,Value imputed by a receiving agency,,Banana
QCL,Crops and livestock products,132,Maldives,5312,Area harvested,1312,2017,2017,ha,37,I,Value imputed by a receiving agency,,Banana
QCL,Crops and livestock products,132,Maldives,5412,Yield,1312,2017,2017,kg/ha,29398.5,E,Estimated value,,Banana
QCL,Crops and livestock products,132,Maldives,5510,Production,1312,2017,2017,t,1099,A,Official value,,Banana
QCL,Crops and livestock products,132,Maldives,5312,Area harvested,1312,2018,2018,ha,11,I,Value imputed by a receiving agency,,Banana
QCL,Crops and livestock products,132,Maldives,5412,Yield,1312,2018,2018,kg/ha,29513.1,E,Estimated value,,Banana
QCL,Crops and livestock products,132,Maldives,5510,Production,1312,2018,2018,t,334,A,Official value,,Banana
QCL,Crops and livestock products,132,Maldives,5312,Area harvested,1312,2019,2019,ha,7,I,Value imputed by a receiving agency,,Banana
QCL,Crops and livestock products,132,Maldives,5412,Yield,1312,2019,2019,kg/ha,29564.9,E,Estimated value,,Banana
QCL,Crops and livestock products,132,Maldives,5510,Production,1312,2019,2019,t,220,A,Official value,,Banana
QCL,Crops and livestock products,132,Maldives,5312,Area harvested,1312,2020,2020,ha,8,I,Value imputed by a receiving agency,,Banana
QCL,Crops and livestock products,132,Maldives,5412,Yield,1312,2020,2020,kg/ha,29407.6,E,Estimated value,,Banana
QCL,Crops and livestock products,132,Maldives,5510,Production,1312,2020,2020,t,242,A,Official value,,Banana
QCL,Crops and livestock products,132,Maldives,5312,Area harvested,1312,2021,2021,ha,5,I,Value imputed by a receiving agency,,Banana
QCL,Crops and livestock products,132,Maldives,5412,Yield,1312,2021,2021,kg/ha,28816.3,E,Estimated value,,Banana
QCL,Crops and livestock products,132,Maldives,5510,Production,1312,2021,2021,t,157.12,A,Official value,,Banana
QCL,Crops and livestock products,132,Maldives,5312,Area harvested,1312,2022,2022,ha,8,I,Value imputed by a receiving agency,,Banana
QCL,Crops and livestock products,132,Maldives,5412,Yield,1312,2022,2022,kg/ha,28141.5,E,Estimated value,,Banana
QCL,Crops and livestock products,132,Maldives,5510,Production,1312,2022,2022,t,217.31,A,Official value,,Banana
QCL,Crops and livestock products,132,Maldives,5312,Area harvested,1312,2023,2023,ha,18,I,Value imputed by a receiving agency,,Banana
QCL,Crops and livestock products,132,Maldives,5412,Yield,1312,2023,2023,kg/ha,28033.7,E,Estimated value,,Banana
QCL,Crops and livestock products,132,Maldives,5510,Production,1312,2023,2023,t,512.23,I,Value imputed by a receiving agency,,Banana
QCL,Crops and livestock products,132,Maldives,5312,Area harvested,1312,2024,2024,ha,25,I,Value imputed by a receiving agency,,Banana
QCL,Crops and livestock products,132,Maldives,5412,Yield,1312,2024,2024,kg/ha,27977.1,E,Estimated value,,Banana
QCL,Crops and livestock products,132,Maldives,5510,Production,1312,2024,2024,t,686.52,I,Value imputed by a receiving agency,,Banana
QCL,Crops and livestock products,133,Mali,5312,Area harvested,1312,2010,2010,ha,4110,I,Value imputed by a receiving agency,,Banana
QCL,Crops and livestock products,133,Mali,5412,Yield,1312,2010,2010,kg/ha,41894,E,Estimated value,,Banana
QCL,Crops and livestock products,133,Mali,5510,Production,1312,2010,2010,t,172182,A,Official value,,Banana
QCL,Crops and livestock products,133,Mali,5312,Area harvested,1312,2011,2011,ha,3181,A,Official value,,Banana
QCL,Crops and livestock products,133,Mali,5412,Yield,1312,2011,2011,kg/ha,43308.1,A,Official value,,Banana
QCL,Crops and livestock products,133,Mali,5510,Production,1312,2011,2011,t,137763,A,Official value,,Banana
QCL,Crops and livestock products,133,Mali,5312,Area harvested,1312,2012,2012,ha,3828,I,Value imputed by a receiving agency,,Banana
QCL,Crops and livestock products,133,Mali,5412,Yield,1312,2012,2012,kg/ha,39062.3,E,Estimated value,,Banana
QCL,Crops and livestock products,133,Mali,5510,Production,1312,2012,2012,t,149539.09,I,Value imputed by a receiving agency,,Banana
QCL,Crops and livestock products,133,Mali,5312,Area harvested,1312,2013,2013,ha,3582,A,Official value,,Banana
QCL,Crops and livestock products,133,Mali,5412,Yield,1312,2013,2013,kg/ha,46195.4,A,Official value,,Banana
QCL,Crops and livestock products,133,Mali,5510,Production,1312,2013,2013,t,165472,A,Official value,,Banana
QCL,Crops and livestock products,133,Mali,5312,Area harvested,1312,2014,2014,ha,4500,E,Estimated value,,Banana
QCL,Crops and livestock products,133,Mali,5412,Yield,1312,2014,2014,kg/ha,30302.7,E,Estimated value,,Banana
QCL,Crops and livestock products,133,Mali,5510,Production,1312,2014,2014,t,136362,A,Official value,,Banana
QCL,Crops and livestock products,133,Mali,5312,Area harvested,1312,2015,2015,ha,4816,I,Value imputed by a receiving agency,,Banana
QCL,Crops and livestock products,133,Mali,5412,Yield,1312,2015,2015,kg/ha,31848.4,E,Estimated value,,Banana
QCL,Crops and livestock products,133,Mali,5510,Production,1312,2015,2015,t,153370,A,Official value,,Banana
QCL,Crops and livestock products,133,Mali,5312,Area harvested,1312,2016,2016,ha,5761,I,Value imputed by a receiving agency,,Banana
QCL,Crops and livestock products,133,Mali,5412,Yield,1312,2016,2016,kg/ha,30292.9,E,Estimated value,,Banana
QCL,Crops and livestock products,133,Mali,5510,Production,1312,2016,2016,t,174524.99,I,Value imputed by a receiving agency,,Banana
QCL,Crops and livestock products,133,Mali,5312,Area harvested,1312,2017,2017,ha,7752,A,Official value,,Banana
QCL,Crops and livestock products,133,Mali,5412,Yield,1312,2017,2017,kg/ha,24668.2,A,Official value,,Banana
QCL,Crops and livestock products,133,Mali,5510,Production,1312,2017,2017,t,191228,A,Official value,,Banana
QCL,Crops and livestock products,133,Mali,5312,Area harvested,1312,2018,2018,ha,8270,A,Official value,,Banana
QCL,Crops and livestock products,133,Mali,5412,Yield,1312,2018,2018,kg/ha,23751,A,Official value,,Banana
QCL,Crops and livestock products,133,Mali,5510,Production,1312,2018,2018,t,196421,A,Official value,,Banana
QCL,Crops and livestock products,133,Mali,5312,Area harvested,1312,2019,2019,ha,8270,A,Official value,,Banana
QCL,Crops and livestock products,133,Mali,5412,Yield,1312,2019,2019,kg/ha,23751,A,Official value,,Banana
QCL,Crops and livestock products,133,Mali,5510,Production,1312,2019,2019,t,196421,A,Official value,,Banana
QCL,Crops and livestock products,133,Mali,5312,Area harvested,1312,2020,2020,ha,8412,A,Official value,,Banana
QCL,Crops and livestock products,133,Mali,5412,Yield,1312,2020,2020,kg/ha,23833.5,A,Official value,,Banana
QCL,Crops and livestock products,133,Mali,5510,Production,1312,2020,2020,t,200487,A,Official value,,Banana
QCL,Crops and livestock products,133,Mali,5312,Area harvested,1312,2021,2021,ha,37835,A,Official value,,Banana
QCL,Crops and livestock products,133,Mali,5412,Yield,1312,2021,2021,kg/ha,13241.3,A,Official value,,Banana
QCL,Crops and livestock products,133,Mali,5510,Production,1312,2021,2021,t,500983,A,Official value,,Banana
QCL,Crops and livestock products,133,Mali,5312,Area harvested,1312,2022,2022,ha,39349,A,Official value,,Banana
QCL,Crops and livestock products,133,Mali,5412,Yield,1312,2022,2022,kg/ha,13339.5,A,Official value,,Banana
QCL,Crops and livestock products,133,Mali,5510,Production,1312,2022,2022,t,524896,A,Official value,,Banana
QCL,Crops and livestock products,133,Mali,5312,Area harvested,1312,2023,2023,ha,42322,A,Official value,,Banana
QCL,Crops and livestock products,133,Mali,5412,Yield,1312,2023,2023,kg/ha,13336.2,A,Official value,,Banana
QCL,Crops and livestock products,133,Mali,5510,Production,1312,2023,2023,t,564415,A,Official value,,Banana
QCL,Crops and livestock products,133,Mali,5312,Area harvested,1312,2024,2024,ha,43342,A,Official value,,Banana
QCL,Crops and livestock products,133,Mali,5412,Yield,1312,2024,2024,kg/ha,14531.4,A,Official value,,Banana
QCL,Crops and livestock products,133,Mali,5510,Production,1312,2024,2024,t,629819.76,A,Official value,,Banana
QCL,Crops and livestock products,134,Malta,5312,Area harvested,1312,2018,2018,ha,0,A,Official value,,Banana
QCL,Crops and livestock products,134,Malta,5510,Production,1312,2018,2018,t,0,A,Official value,,Banana
QCL,Crops and livestock products,134,Malta,5312,Area harvested,1312,2019,2019,ha,0,A,Official value,,Banana
QCL,Crops and livestock products,134,Malta,5510,Production,1312,2019,2019,t,0,A,Official value,,Banana
QCL,Crops and livestock products,134,Malta,5312,Area harvested,1312,2020,2020,ha,0,A,Official value,,Banana
QCL,Crops and livestock products,134,Malta,5510,Production,1312,2020,2020,t,0,A,Official value,,Banana
QCL,Crops and livestock products,134,Malta,5312,Area harvested,1312,2021,2021,ha,0,A,Official value,,Banana
QCL,Crops and livestock products,134,Malta,5510,Production,1312,2021,2021,t,0,A,Official value,,Banana
QCL,Crops and livestock products,134,Malta,5312,Area harvested,1312,2022,2022,ha,0,A,Official value,,Banana
QCL,Crops and livestock products,134,Malta,5510,Production,1312,2022,2022,t,0,A,Official value,,Banana
QCL,Crops and livestock products,134,Malta,5312,Area harvested,1312,2023,2023,ha,0,A,Official value,,Banana
QCL,Crops and livestock products,134,Malta,5510,Production,1312,2023,2023,t,0,A,Official value,,Banana
QCL,Crops and livestock products,134,Malta,5312,Area harvested,1312,2024,2024,ha,0,A,Official value,,Banana
QCL,Crops and livestock products,134,Malta,5510,Production,1312,2024,2024,t,0,A,Official value,,Banana
QCL,Crops and livestock products,137,Mauritius,5312,Area harvested,1312,2010,2010,ha,542,A,Official value,,Banana
QCL,Crops and livestock products,137,Mauritius,5412,Yield,1312,2010,2010,kg/ha,22022.1,A,Official value,,Banana
QCL,Crops and livestock products,137,Mauritius,5510,Production,1312,2010,2010,t,11936,A,Official value,,Banana
QCL,Crops and livestock products,137,Mauritius,5312,Area harvested,1312,2011,2011,ha,497,A,Official value,,Banana
QCL,Crops and livestock products,137,Mauritius,5412,Yield,1312,2011,2011,kg/ha,21215.3,A,Official value,,Banana
QCL,Crops and livestock products,137,Mauritius,5510,Production,1312,2011,2011,t,10544,A,Official value,,Banana
QCL,Crops and livestock products,137,Mauritius,5312,Area harvested,1312,2012,2012,ha,510,A,Official value,,Banana
QCL,Crops and livestock products,137,Mauritius,5412,Yield,1312,2012,2012,kg/ha,19992.2,A,Official value,,Banana
QCL,Crops and livestock products,137,Mauritius,5510,Production,1312,2012,2012,t,10196,A,Official value,,Banana
QCL,Crops and livestock products,137,Mauritius,5312,Area harvested,1312,2013,2013,ha,501,A,Official value,,Banana
QCL,Crops and livestock products,137,Mauritius,5412,Yield,1312,2013,2013,kg/ha,20321.4,A,Official value,,Banana
QCL,Crops and livestock products,137,Mauritius,5510,Production,1312,2013,2013,t,10181,A,Official value,,Banana
QCL,Crops and livestock products,137,Mauritius,5312,Area harvested,1312,2014,2014,ha,464,A,Official value,,Banana
QCL,Crops and livestock products,137,Mauritius,5412,Yield,1312,2014,2014,kg/ha,19036.6,A,Official value,,Banana
QCL,Crops and livestock products,137,Mauritius,5510,Production,1312,2014,2014,t,8833,A,Official value,,Banana
QCL,Crops and livestock products,137,Mauritius,5312,Area harvested,1312,2015,2015,ha,470,A,Official value,,Banana
QCL,Crops and livestock products,137,Mauritius,5412,Yield,1312,2015,2015,kg/ha,16954.9,A,Official value,,Banana
QCL,Crops and livestock products,137,Mauritius,5510,Production,1312,2015,2015,t,7965.4,A,Official value,,Banana
QCL,Crops and livestock products,137,Mauritius,5312,Area harvested,1312,2016,2016,ha,459,A,Official value,,Banana
QCL,Crops and livestock products,137,Mauritius,5412,Yield,1312,2016,2016,kg/ha,16834.8,A,Official value,,Banana
QCL,Crops and livestock products,137,Mauritius,5510,Production,1312,2016,2016,t,7731.23,A,Official value,,Banana
QCL,Crops and livestock products,137,Mauritius,5312,Area harvested,1312,2017,2017,ha,507,A,Official value,,Banana
QCL,Crops and livestock products,137,Mauritius,5412,Yield,1312,2017,2017,kg/ha,17049.3,A,Official value,,Banana
QCL,Crops and livestock products,137,Mauritius,5510,Production,1312,2017,2017,t,8644,A,Official value,,Banana
QCL,Crops and livestock products,137,Mauritius,5312,Area harvested,1312,2018,2018,ha,492,A,Official value,,Banana
QCL,Crops and livestock products,137,Mauritius,5412,Yield,1312,2018,2018,kg/ha,14904.5,A,Official value,,Banana
QCL,Crops and livestock products,137,Mauritius,5510,Production,1312,2018,2018,t,7333,A,Official value,,Banana
QCL,Crops and livestock products,137,Mauritius,5312,Area harvested,1312,2019,2019,ha,508,A,Official value,,Banana
QCL,Crops and livestock products,137,Mauritius,5412,Yield,1312,2019,2019,kg/ha,14303.1,A,Official value,,Banana
QCL,Crops and livestock products,137,Mauritius,5510,Production,1312,2019,2019,t,7266,A,Official value,,Banana
QCL,Crops and livestock products,137,Mauritius,5312,Area harvested,1312,2020,2020,ha,486,A,Official value,,Banana
QCL,Crops and livestock products,137,Mauritius,5412,Yield,1312,2020,2020,kg/ha,16362.1,A,Official value,,Banana
QCL,Crops and livestock products,137,Mauritius,5510,Production,1312,2020,2020,t,7952,A,Official value,,Banana
QCL,Crops and livestock products,137,Mauritius,5312,Area harvested,1312,2021,2021,ha,599,A,Official value,,Banana
QCL,Crops and livestock products,137,Mauritius,5412,Yield,1312,2021,2021,kg/ha,16090.2,A,Official value,,Banana
QCL,Crops and livestock products,137,Mauritius,5510,Production,1312,2021,2021,t,9638,A,Official value,,Banana
QCL,Crops and livestock products,137,Mauritius,5312,Area harvested,1312,2022,2022,ha,634,A,Official value,,Banana
QCL,Crops and livestock products,137,Mauritius,5412,Yield,1312,2022,2022,kg/ha,15516.2,A,Official value,,Banana
QCL,Crops and livestock products,137,Mauritius,5510,Production,1312,2022,2022,t,9829.5,A,Official value,,Banana
QCL,Crops and livestock products,137,Mauritius,5312,Area harvested,1312,2023,2023,ha,715,A,Official value,,Banana
QCL,Crops and livestock products,137,Mauritius,5412,Yield,1312,2023,2023,kg/ha,15733.1,A,Official value,,Banana
QCL,Crops and livestock products,137,Mauritius,5510,Production,1312,2023,2023,t,11246,A,Official value,,Banana
QCL,Crops and livestock products,137,Mauritius,5312,Area harvested,1312,2024,2024,ha,759,A,Official value,,Banana
QCL,Crops and livestock products,137,Mauritius,5412,Yield,1312,2024,2024,kg/ha,14286,A,Official value,,Banana
QCL,Crops and livestock products,137,Mauritius,5510,Production,1312,2024,2024,t,10843.1,A,Official value,,Banana
QCL,Crops and livestock products,138,Mexico,5312,Area harvested,1312,2010,2010,ha,76927,A,Official value,,Banana
QCL,Crops and livestock products,138,Mexico,5412,Yield,1312,2010,2010,kg/ha,27342.3,A,Official value,,Banana
QCL,Crops and livestock products,138,Mexico,5510,Production,1312,2010,2010,t,2103361,A,Official value,,Banana
QCL,Crops and livestock products,138,Mexico,5312,Area harvested,1312,2011,2011,ha,74284,A,Official value,,Banana
QCL,Crops and livestock products,138,Mexico,5412,Yield,1312,2011,2011,kg/ha,28790.7,A,Official value,,Banana
QCL,Crops and livestock products,138,Mexico,5510,Production,1312,2011,2011,t,2138687,A,Official value,,Banana
QCL,Crops and livestock products,138,Mexico,5312,Area harvested,1312,2012,2012,ha,72617,A,Official value,,Banana
QCL,Crops and livestock products,138,Mexico,5412,Yield,1312,2012,2012,kg/ha,30349.1,A,Official value,,Banana
QCL,Crops and livestock products,138,Mexico,5510,Production,1312,2012,2012,t,2203861,A,Official value,,Banana
QCL,Crops and livestock products,138,Mexico,5312,Area harvested,1312,2013,2013,ha,73472,A,Official value,,Banana
QCL,Crops and livestock products,138,Mexico,5412,Yield,1312,2013,2013,kg/ha,28960.3,A,Official value,,Banana
QCL,Crops and livestock products,138,Mexico,5510,Production,1312,2013,2013,t,2127772,A,Official value,,Banana
QCL,Crops and livestock products,138,Mexico,5312,Area harvested,1312,2014,2014,ha,74585,A,Official value,,Banana
QCL,Crops and livestock products,138,Mexico,5412,Yield,1312,2014,2014,kg/ha,28833.1,A,Official value,,Banana
QCL,Crops and livestock products,138,Mexico,5510,Production,1312,2014,2014,t,2150520,A,Official value,,Banana
QCL,Crops and livestock products,138,Mexico,5312,Area harvested,1312,2015,2015,ha,77549,A,Official value,,Banana
QCL,Crops and livestock products,138,Mexico,5412,Yield,1312,2015,2015,kg/ha,29169,A,Official value,,Banana
QCL,Crops and livestock products,138,Mexico,5510,Production,1312,2015,2015,t,2262028.25,A,Official value,,Banana
QCL,Crops and livestock products,138,Mexico,5312,Area harvested,1312,2016,2016,ha,78322,A,Official value,,Banana
QCL,Crops and livestock products,138,Mexico,5412,Yield,1312,2016,2016,kg/ha,30448.4,A,Official value,,Banana
QCL,Crops and livestock products,138,Mexico,5510,Production,1312,2016,2016,t,2384778,A,Official value,,Banana
QCL,Crops and livestock products,138,Mexico,5312,Area harvested,1312,2017,2017,ha,77238,A,Official value,,Banana
QCL,Crops and livestock products,138,Mexico,5412,Yield,1312,2017,2017,kg/ha,28865.6,A,Official value,,Banana
QCL,Crops and livestock products,138,Mexico,5510,Production,1312,2017,2017,t,2229519,A,Official value,,Banana
QCL,Crops and livestock products,138,Mexico,5312,Area harvested,1312,2018,2018,ha,78533,A,Official value,,Banana
QCL,Crops and livestock products,138,Mexico,5412,Yield,1312,2018,2018,kg/ha,29980.8,A,Official value,,Banana
QCL,Crops and livestock products,138,Mexico,5510,Production,1312,2018,2018,t,2354479,A,Official value,,Banana
QCL,Crops and livestock products,138,Mexico,5312,Area harvested,1312,2019,2019,ha,79593,A,Official value,,Banana
QCL,Crops and livestock products,138,Mexico,5412,Yield,1312,2019,2019,kg/ha,30147,A,Official value,,Banana
QCL,Crops and livestock products,138,Mexico,5510,Production,1312,2019,2019,t,2399490,A,Official value,,Banana
QCL,Crops and livestock products,138,Mexico,5312,Area harvested,1312,2020,2020,ha,79747,A,Official value,,Banana
QCL,Crops and livestock products,138,Mexico,5412,Yield,1312,2020,2020,kg/ha,30900,A,Official value,,Banana
QCL,Crops and livestock products,138,Mexico,5510,Production,1312,2020,2020,t,2464171.34,A,Official value,,Banana
QCL,Crops and livestock products,138,Mexico,5312,Area harvested,1312,2021,2021,ha,79664,A,Official value,,Banana
QCL,Crops and livestock products,138,Mexico,5412,Yield,1312,2021,2021,kg/ha,30200.6,A,Official value,,Banana
QCL,Crops and livestock products,138,Mexico,5510,Production,1312,2021,2021,t,2405891.33,A,Official value,,Banana
QCL,Crops and livestock products,138,Mexico,5312,Area harvested,1312,2022,2022,ha,84311,A,Official value,,Banana
QCL,Crops and livestock products,138,Mexico,5412,Yield,1312,2022,2022,kg/ha,30755.3,A,Official value,,Banana
QCL,Crops and livestock products,138,Mexico,5510,Production,1312,2022,2022,t,2593024.74,A,Official value,,Banana
QCL,Crops and livestock products,138,Mexico,5312,Area harvested,1312,2023,2023,ha,85973,A,Official value,,Banana
QCL,Crops and livestock products,138,Mexico,5412,Yield,1312,2023,2023,kg/ha,30734.5,A,Official value,,Banana
QCL,Crops and livestock products,138,Mexico,5510,Production,1312,2023,2023,t,2642338.39,A,Official value,,Banana
QCL,Crops and livestock products,138,Mexico,5312,Area harvested,1312,2024,2024,ha,86524,A,Official value,,Banana
QCL,Crops and livestock products,138,Mexico,5412,Yield,1312,2024,2024,kg/ha,30861.9,A,Official value,,Banana
QCL,Crops and livestock products,138,Mexico,5510,Production,1312,2024,2024,t,2670290.89,A,Official value,,Banana
QCL,Crops and livestock products,145,Micronesia (Federated States of),5312,Area harvested,1312,2010,2010,ha,384,I,Value imputed by a receiving agency,,Banana
QCL,Crops and livestock products,145,Micronesia (Federated States of),5412,Yield,1312,2010,2010,kg/ha,5305,E,Estimated value,,Banana
QCL,Crops and livestock products,145,Micronesia (Federated States of),5510,Production,1312,2010,2010,t,2035.97,I,Value imputed by a receiving agency,,Banana
QCL,Crops and livestock products,145,Micronesia (Federated States of),5312,Area harvested,1312,2011,2011,ha,384,I,Value imputed by a receiving agency,,Banana
QCL,Crops and livestock products,145,Micronesia (Federated States of),5412,Yield,1312,2011,2011,kg/ha,5299.6,E,Estimated value,,Banana
QCL,Crops and livestock products,145,Micronesia (Federated States of),5510,Production,1312,2011,2011,t,2032.78,I,Value imputed by a receiving agency,,Banana
QCL,Crops and livestock products,145,Micronesia (Federated States of),5312,Area harvested,1312,2012,2012,ha,380,E,Estimated value,,Banana
QCL,Crops and livestock products,145,Micronesia (Federated States of),5412,Yield,1312,2012,2012,kg/ha,5263.2,E,Estimated value,,Banana
QCL,Crops and livestock products,145,Micronesia (Federated States of),5510,Production,1312,2012,2012,t,2000,E,Estimated value,,Banana
QCL,Crops and livestock products,145,Micronesia (Federated States of),5312,Area harvested,1312,2013,2013,ha,384,I,Value imputed by a receiving agency,,Banana
QCL,Crops and livestock products,145,Micronesia (Federated States of),5412,Yield,1312,2013,2013,kg/ha,5303.1,E,Estimated value,,Banana
QCL,Crops and livestock products,145,Micronesia (Federated States of),5510,Production,1312,2013,2013,t,2035.42,I,Value imputed by a receiving agency,,Banana
QCL,Crops and livestock products,145,Micronesia (Federated States of),5312,Area harvested,1312,2014,2014,ha,384,I,Value imputed by a receiving agency,,Banana
QCL,Crops and livestock products,145,Micronesia (Federated States of),5412,Yield,1312,2014,2014,kg/ha,5317.8,E,Estimated value,,Banana
QCL,Crops and livestock products,145,Micronesia (Federated States of),5510,Production,1312,2014,2014,t,2039.4,I,Value imputed by a receiving agency,,Banana
QCL,Crops and livestock products,145,Micronesia (Federated States of),5312,Area harvested,1312,2015,2015,ha,383,I,Value imputed by a receiving agency,,Banana
QCL,Crops and livestock products,145,Micronesia (Federated States of),5412,Yield,1312,2015,2015,kg/ha,5314.9,E,Estimated value,,Banana
QCL,Crops and livestock products,145,Micronesia (Federated States of),5510,Production,1312,2015,2015,t,2037.11,I,Value imputed by a receiving agency,,Banana
QCL,Crops and livestock products,145,Micronesia (Federated States of),5312,Area harvested,1312,2016,2016,ha,383,I,Value imputed by a receiving agency,,Banana
QCL,Crops and livestock products,145,Micronesia (Federated States of),5412,Yield,1312,2016,2016,kg/ha,5317.7,E,Estimated value,,Banana
QCL,Crops and livestock products,145,Micronesia (Federated States of),5510,Production,1312,2016,2016,t,2039.06,I,Value imputed by a receiving agency,,Banana
QCL,Crops and livestock products,145,Micronesia (Federated States of),5312,Area harvested,1312,2017,2017,ha,383,I,Value imputed by a receiving agency,,Banana
QCL,Crops and livestock products,145,Micronesia (Federated States of),5412,Yield,1312,2017,2017,kg/ha,5319.9,E,Estimated value,,Banana
QCL,Crops and livestock products,145,Micronesia (Federated States of),5510,Production,1312,2017,2017,t,2040.04,I,Value imputed by a receiving agency,,Banana
QCL,Crops and livestock products,145,Micronesia (Federated States of),5312,Area harvested,1312,2018,2018,ha,383,I,Value imputed by a receiving agency,,Banana
QCL,Crops and livestock products,145,Micronesia (Federated States of),5412,Yield,1312,2018,2018,kg/ha,5322.6,E,Estimated value,,Banana
QCL,Crops and livestock products,145,Micronesia (Federated States of),5510,Production,1312,2018,2018,t,2040.37,I,Value imputed by a receiving agency,,Banana
QCL,Crops and livestock products,145,Micronesia (Federated States of),5312,Area harvested,1312,2019,2019,ha,384,I,Value imputed by a receiving agency,,Banana
QCL,Crops and livestock products,145,Micronesia (Federated States of),5412,Yield,1312,2019,2019,kg/ha,5322.1,E,Estimated value,,Banana
QCL,Crops and livestock products,145,Micronesia (Federated States of),5510,Production,1312,2019,2019,t,2041.28,I,Value imputed by a receiving agency,,Banana
QCL,Crops and livestock products,145,Micronesia (Federated States of),5312,Area harvested,1312,2020,2020,ha,383,I,Value imputed by a receiving agency,,Banana
QCL,Crops and livestock products,145,Micronesia (Federated States of),5412,Yield,1312,2020,2020,kg/ha,5323.9,E,Estimated value,,Banana
QCL,Crops and livestock products,145,Micronesia (Federated States of),5510,Production,1312,2020,2020,t,2041.72,I,Value imputed by a receiving agency,,Banana
QCL,Crops and livestock products,145,Micronesia (Federated States of),5312,Area harvested,1312,2021,2021,ha,383,I,Value imputed by a receiving agency,,Banana
QCL,Crops and livestock products,145,Micronesia (Federated States of),5412,Yield,1312,2021,2021,kg/ha,5324.1,E,Estimated value,,Banana
QCL,Crops and livestock products,145,Micronesia (Federated States of),5510,Production,1312,2021,2021,t,2041.54,I,Value imputed by a receiving agency,,Banana
QCL,Crops and livestock products,145,Micronesia (Federated States of),5312,Area harvested,1312,2022,2022,ha,384,I,Value imputed by a receiving agency,,Banana
QCL,Crops and livestock products,145,Micronesia (Federated States of),5412,Yield,1312,2022,2022,kg/ha,5321.1,E,Estimated value,,Banana
QCL,Crops and livestock products,145,Micronesia (Federated States of),5510,Production,1312,2022,2022,t,2041.1,I,Value imputed by a receiving agency,,Banana
QCL,Crops and livestock products,145,Micronesia (Federated States of),5312,Area harvested,1312,2023,2023,ha,384,I,Value imputed by a receiving agency,,Banana
QCL,Crops and livestock products,145,Micronesia (Federated States of),5412,Yield,1312,2023,2023,kg/ha,5321.7,E,Estimated value,,Banana
QCL,Crops and livestock products,145,Micronesia (Federated States of),5510,Production,1312,2023,2023,t,2041.28,I,Value imputed by a receiving agency,,Banana
QCL,Crops and livestock products,145,Micronesia (Federated States of),5312,Area harvested,1312,2024,2024,ha,384,I,Value imputed by a receiving agency,,Banana
QCL,Crops and livestock products,145,Micronesia (Federated States of),5412,Yield,1312,2024,2024,kg/ha,5322.2,E,Estimated value,,Banana
QCL,Crops and livestock products,145,Micronesia (Federated States of),5510,Production,1312,2024,2024,t,2041.46,I,Value imputed by a receiving agency,,Banana
QCL,Crops and livestock products,143,Morocco,5312,Area harvested,1312,2010,2010,ha,6944,A,Official value,,Banana
QCL,Crops and livestock products,143,Morocco,5412,Yield,1312,2010,2010,kg/ha,41643.3,A,Official value,,Banana
QCL,Crops and livestock products,143,Morocco,5510,Production,1312,2010,2010,t,289171,A,Official value,,Banana
QCL,Crops and livestock products,143,Morocco,5312,Area harvested,1312,2011,2011,ha,6265,A,Official value,,Banana
QCL,Crops and livestock products,143,Morocco,5412,Yield,1312,2011,2011,kg/ha,44261.3,A,Official value,,Banana
QCL,Crops and livestock products,143,Morocco,5510,Production,1312,2011,2011,t,277297,A,Official value,,Banana
QCL,Crops and livestock products,143,Morocco,5312,Area harvested,1312,2012,2012,ha,5399,A,Official value,,Banana
QCL,Crops and livestock products,143,Morocco,5412,Yield,1312,2012,2012,kg/ha,41168.2,A,Official value,,Banana
QCL,Crops and livestock products,143,Morocco,5510,Production,1312,2012,2012,t,222267,A,Official value,,Banana
QCL,Crops and livestock products,143,Morocco,5312,Area harvested,1312,2013,2013,ha,9257,A,Official value,,Banana
QCL,Crops and livestock products,143,Morocco,5412,Yield,1312,2013,2013,kg/ha,32768.9,A,Official value,,Banana
QCL,Crops and livestock products,143,Morocco,5510,Production,1312,2013,2013,t,303329,A,Official value,,Banana
QCL,Crops and livestock products,143,Morocco,5312,Area harvested,1312,2014,2014,ha,8394,A,Official value,,Banana
QCL,Crops and livestock products,143,Morocco,5412,Yield,1312,2014,2014,kg/ha,40798,A,Official value,,Banana
QCL,Crops and livestock products,143,Morocco,5510,Production,1312,2014,2014,t,342475,A,Official value,,Banana
QCL,Crops and livestock products,143,Morocco,5312,Area harvested,1312,2015,2015,ha,8427,A,Official value,,Banana
QCL,Crops and livestock products,143,Morocco,5412,Yield,1312,2015,2015,kg/ha,39748.1,A,Official value,,Banana
QCL,Crops and livestock products,143,Morocco,5510,Production,1312,2015,2015,t,334941.6,A,Official value,,Banana
QCL,Crops and livestock products,143,Morocco,5312,Area harvested,1312,2016,2016,ha,8490,A,Official value,,Banana
QCL,Crops and livestock products,143,Morocco,5412,Yield,1312,2016,2016,kg/ha,39321,A,Official value,,Banana
QCL,Crops and livestock products,143,Morocco,5510,Production,1312,2016,2016,t,333819.6,A,Official value,,Banana
QCL,Crops and livestock products,143,Morocco,5312,Area harvested,1312,2017,2017,ha,8520,A,Official value,,Banana
QCL,Crops and livestock products,143,Morocco,5412,Yield,1312,2017,2017,kg/ha,39157.2,A,Official value,,Banana
QCL,Crops and livestock products,143,Morocco,5510,Production,1312,2017,2017,t,333619,A,Official value,,Banana
QCL,Crops and livestock products,143,Morocco,5312,Area harvested,1312,2018,2018,ha,8412,A,Official value,,Banana
QCL,Crops and livestock products,143,Morocco,5412,Yield,1312,2018,2018,kg/ha,38035,A,Official value,,Banana
QCL,Crops and livestock products,143,Morocco,5510,Production,1312,2018,2018,t,319950,A,Official value,,Banana
QCL,Crops and livestock products,143,Morocco,5312,Area harvested,1312,2019,2019,ha,8529,A,Official value,,Banana
QCL,Crops and livestock products,143,Morocco,5412,Yield,1312,2019,2019,kg/ha,41027.6,A,Official value,,Banana
QCL,Crops and livestock products,143,Morocco,5510,Production,1312,2019,2019,t,349924,A,Official value,,Banana
QCL,Crops and livestock products,143,Morocco,5312,Area harvested,1312,2020,2020,ha,8786,A,Official value,,Banana
QCL,Crops and livestock products,143,Morocco,5412,Yield,1312,2020,2020,kg/ha,38807,A,Official value,,Banana
QCL,Crops and livestock products,143,Morocco,5510,Production,1312,2020,2020,t,340958,A,Official value,,Banana
QCL,Crops and livestock products,143,Morocco,5312,Area harvested,1312,2021,2021,ha,8831,A,Official value,,Banana
QCL,Crops and livestock products,143,Morocco,5412,Yield,1312,2021,2021,kg/ha,38063.4,A,Official value,,Banana
QCL,Crops and livestock products,143,Morocco,5510,Production,1312,2021,2021,t,336138,A,Official value,,Banana
QCL,Crops and livestock products,143,Morocco,5312,Area harvested,1312,2022,2022,ha,8482,A,Official value,,Banana
QCL,Crops and livestock products,143,Morocco,5412,Yield,1312,2022,2022,kg/ha,39440.8,A,Official value,,Banana
QCL,Crops and livestock products,143,Morocco,5510,Production,1312,2022,2022,t,334537,A,Official value,,Banana
QCL,Crops and livestock products,143,Morocco,5312,Area harvested,1312,2023,2023,ha,8003,A,Official value,,Banana
QCL,Crops and livestock products,143,Morocco,5412,Yield,1312,2023,2023,kg/ha,38634.5,A,Official value,,Banana
QCL,Crops and livestock products,143,Morocco,5510,Production,1312,2023,2023,t,309192,A,Official value,,Banana
QCL,Crops and livestock products,143,Morocco,5312,Area harvested,1312,2024,2024,ha,8124,A,Official value,,Banana
QCL,Crops and livestock products,143,Morocco,5412,Yield,1312,2024,2024,kg/ha,38172.1,A,Official value,,Banana
QCL,Crops and livestock products,143,Morocco,5510,Production,1312,2024,2024,t,310110,A,Official value,,Banana
QCL,Crops and livestock products,144,Mozambique,5312,Area harvested,1312,2010,2010,ha,45000,E,Estimated value,,Banana
QCL,Crops and livestock products,144,Mozambique,5412,Yield,1312,2010,2010,kg/ha,7125.3,E,Estimated value,,Banana
QCL,Crops and livestock products,144,Mozambique,5510,Production,1312,2010,2010,t,320640,A,Official value,,Banana
QCL,Crops and livestock products,144,Mozambique,5312,Area harvested,1312,2011,2011,ha,45000,E,Estimated value,,Banana
QCL,Crops and livestock products,144,Mozambique,5412,Yield,1312,2011,2011,kg/ha,7570.5,E,Estimated value,,Banana
QCL,Crops and livestock products,144,Mozambique,5510,Production,1312,2011,2011,t,340674,A,Official value,,Banana
QCL,Crops and livestock products,144,Mozambique,5312,Area harvested,1312,2012,2012,ha,62000,E,Estimated value,,Banana
QCL,Crops and livestock products,144,Mozambique,5412,Yield,1312,2012,2012,kg/ha,7580.6,E,Estimated value,,Banana
QCL,Crops and livestock products,144,Mozambique,5510,Production,1312,2012,2012,t,470000,A,Official value,,Banana
QCL,Crops and livestock products,144,Mozambique,5312,Area harvested,1312,2013,2013,ha,75000,E,Estimated value,,Banana
QCL,Crops and livestock products,144,Mozambique,5412,Yield,1312,2013,2013,kg/ha,7600,E,Estimated value,,Banana
QCL,Crops and livestock products,144,Mozambique,5510,Production,1312,2013,2013,t,570000,A,Official value,,Banana
QCL,Crops and livestock products,144,Mozambique,5312,Area harvested,1312,2014,2014,ha,72338,I,Value imputed by a receiving agency,,Banana
QCL,Crops and livestock products,144,Mozambique,5412,Yield,1312,2014,2014,kg/ha,7948.8,E,Estimated value,,Banana
QCL,Crops and livestock products,144,Mozambique,5510,Production,1312,2014,2014,t,575000,A,Official value,,Banana
QCL,Crops and livestock products,144,Mozambique,5312,Area harvested,1312,2015,2015,ha,75000,E,Estimated value,,Banana
QCL,Crops and livestock products,144,Mozambique,5412,Yield,1312,2015,2015,kg/ha,8933.3,E,Estimated value,,Banana
QCL,Crops and livestock products,144,Mozambique,5510,Production,1312,2015,2015,t,670000,A,Official value,,Banana
QCL,Crops and livestock products,144,Mozambique,5312,Area harvested,1312,2016,2016,ha,75000,E,Estimated value,,Banana
QCL,Crops and livestock products,144,Mozambique,5412,Yield,1312,2016,2016,kg/ha,6900,E,Estimated value,,Banana
QCL,Crops and livestock products,144,Mozambique,5510,Production,1312,2016,2016,t,517500,A,Official value,,Banana
QCL,Crops and livestock products,144,Mozambique,5312,Area harvested,1312,2017,2017,ha,75000,E,Estimated value,,Banana
QCL,Crops and livestock products,144,Mozambique,5412,Yield,1312,2017,2017,kg/ha,8582.7,E,Estimated value,,Banana
QCL,Crops and livestock products,144,Mozambique,5510,Production,1312,2017,2017,t,643700,A,Official value,,Banana
QCL,Crops and livestock products,144,Mozambique,5312,Area harvested,1312,2018,2018,ha,61103,I,Value imputed by a receiving agency,,Banana
QCL,Crops and livestock products,144,Mozambique,5412,Yield,1312,2018,2018,kg/ha,8101.1,E,Estimated value,,Banana
QCL,Crops and livestock products,144,Mozambique,5510,Production,1312,2018,2018,t,495000,A,Official value,,Banana
QCL,Crops and livestock products,144,Mozambique,5312,Area harvested,1312,2019,2019,ha,66513,I,Value imputed by a receiving agency,,Banana
QCL,Crops and livestock products,144,Mozambique,5412,Yield,1312,2019,2019,kg/ha,7592.5,E,Estimated value,,Banana
QCL,Crops and livestock products,144,Mozambique,5510,Production,1312,2019,2019,t,505000,A,Official value,,Banana
QCL,Crops and livestock products,144,Mozambique,5312,Area harvested,1312,2020,2020,ha,73010,I,Value imputed by a receiving agency,,Banana
QCL,Crops and livestock products,144,Mozambique,5412,Yield,1312,2020,2020,kg/ha,7327.7,E,Estimated value,,Banana
QCL,Crops and livestock products,144,Mozambique,5510,Production,1312,2020,2020,t,535000,A,Official value,,Banana
QCL,Crops and livestock products,144,Mozambique,5312,Area harvested,1312,2021,2021,ha,66595,A,Official value,,Banana
QCL,Crops and livestock products,144,Mozambique,5412,Yield,1312,2021,2021,kg/ha,6900,A,Official value,,Banana
QCL,Crops and livestock products,144,Mozambique,5510,Production,1312,2021,2021,t,459508,A,Official value,,Banana
QCL,Crops and livestock products,144,Mozambique,5312,Area harvested,1312,2022,2022,ha,66661,A,Official value,,Banana
QCL,Crops and livestock products,144,Mozambique,5412,Yield,1312,2022,2022,kg/ha,6998.6,A,Official value,,Banana
QCL,Crops and livestock products,144,Mozambique,5510,Production,1312,2022,2022,t,466534,A,Official value,,Banana
QCL,Crops and livestock products,144,Mozambique,5312,Area harvested,1312,2023,2023,ha,66727,A,Official value,,Banana
QCL,Crops and livestock products,144,Mozambique,5412,Yield,1312,2023,2023,kg/ha,5565.9,A,Official value,,Banana
QCL,Crops and livestock products,144,Mozambique,5510,Production,1312,2023,2023,t,371398,A,Official value,,Banana
QCL,Crops and livestock products,144,Mozambique,5312,Area harvested,1312,2024,2024,ha,68825,I,Value imputed by a receiving agency,,Banana
QCL,Crops and livestock products,144,Mozambique,5412,Yield,1312,2024,2024,kg/ha,5633.7,E,Estimated value,,Banana
QCL,Crops and livestock products,144,Mozambique,5510,Production,1312,2024,2024,t,387740,A,Official value,,Banana
QCL,Crops and livestock products,149,Nepal,5312,Area harvested,1312,2010,2010,ha,5813,A,Official value,,Banana
QCL,Crops and livestock products,149,Nepal,5412,Yield,1312,2010,2010,kg/ha,15661.8,A,Official value,,Banana
QCL,Crops and livestock products,149,Nepal,5510,Production,1312,2010,2010,t,91042,A,Official value,,Banana
QCL,Crops and livestock products,149,Nepal,5312,Area harvested,1312,2011,2011,ha,7992,A,Official value,,Banana
QCL,Crops and livestock products,149,Nepal,5412,Yield,1312,2011,2011,kg/ha,15233,A,Official value,,Banana
QCL,Crops and livestock products,149,Nepal,5510,Production,1312,2011,2011,t,121742,A,Official value,,Banana
QCL,Crops and livestock products,149,Nepal,5312,Area harvested,1312,2012,2012,ha,11063,A,Official value,,Banana
QCL,Crops and livestock products,149,Nepal,5412,Yield,1312,2012,2012,kg/ha,15229.5,A,Official value,,Banana
QCL,Crops and livestock products,149,Nepal,5510,Production,1312,2012,2012,t,168484,A,Official value,,Banana
QCL,Crops and livestock products,149,Nepal,5312,Area harvested,1312,2013,2013,ha,11864,A,Official value,,Banana
QCL,Crops and livestock products,149,Nepal,5412,Yield,1312,2013,2013,kg/ha,15340.5,A,Official value,,Banana
QCL,Crops and livestock products,149,Nepal,5510,Production,1312,2013,2013,t,182000,A,Official value,,Banana
QCL,Crops and livestock products,149,Nepal,5312,Area harvested,1312,2014,2014,ha,12861,A,Official value,,Banana
QCL,Crops and livestock products,149,Nepal,5412,Yield,1312,2014,2014,kg/ha,16192.6,A,Official value,,Banana
QCL,Crops and livestock products,149,Nepal,5510,Production,1312,2014,2014,t,208244.55,A,Official value,,Banana
QCL,Crops and livestock products,149,Nepal,5312,Area harvested,1312,2015,2015,ha,14311,A,Official value,,Banana
QCL,Crops and livestock products,149,Nepal,5412,Yield,1312,2015,2015,kg/ha,16373.8,A,Official value,,Banana
QCL,Crops and livestock products,149,Nepal,5510,Production,1312,2015,2015,t,234319.93,A,Official value,,Banana
QCL,Crops and livestock products,149,Nepal,5312,Area harvested,1312,2016,2016,ha,14311,A,Official value,,Banana
QCL,Crops and livestock products,149,Nepal,5412,Yield,1312,2016,2016,kg/ha,16504.2,A,Official value,,Banana
QCL,Crops and livestock products,149,Nepal,5510,Production,1312,2016,2016,t,236194.73,A,Official value,,Banana
QCL,Crops and livestock products,149,Nepal,5312,Area harvested,1312,2017,2017,ha,15223,A,Official value,,Banana
QCL,Crops and livestock products,149,Nepal,5412,Yield,1312,2017,2017,kg/ha,16266.6,A,Official value,,Banana
QCL,Crops and livestock products,149,Nepal,5510,Production,1312,2017,2017,t,247621.94,A,Official value,,Banana
QCL,Crops and livestock products,149,Nepal,5312,Area harvested,1312,2018,2018,ha,15765,A,Official value,,Banana
QCL,Crops and livestock products,149,Nepal,5412,Yield,1312,2018,2018,kg/ha,16137.2,A,Official value,,Banana
QCL,Crops and livestock products,149,Nepal,5510,Production,1312,2018,2018,t,254403,A,Official value,,Banana
QCL,Crops and livestock products,149,Nepal,5312,Area harvested,1312,2019,2019,ha,16615,A,Official value,,Banana
QCL,Crops and livestock products,149,Nepal,5412,Yield,1312,2019,2019,kg/ha,16785.4,A,Official value,,Banana
QCL,Crops and livestock products,149,Nepal,5510,Production,1312,2019,2019,t,278890,A,Official value,,Banana
QCL,Crops and livestock products,149,Nepal,5312,Area harvested,1312,2020,2020,ha,16699,A,Official value,,Banana
QCL,Crops and livestock products,149,Nepal,5412,Yield,1312,2020,2020,kg/ha,15220.1,A,Official value,,Banana
QCL,Crops and livestock products,149,Nepal,5510,Production,1312,2020,2020,t,254161,A,Official value,,Banana
QCL,Crops and livestock products,149,Nepal,5312,Area harvested,1312,2021,2021,ha,19057,A,Official value,,Banana
QCL,Crops and livestock products,149,Nepal,5412,Yield,1312,2021,2021,kg/ha,16704.5,A,Official value,,Banana
QCL,Crops and livestock products,149,Nepal,5510,Production,1312,2021,2021,t,318338,A,Official value,,Banana
QCL,Crops and livestock products,149,Nepal,5312,Area harvested,1312,2022,2022,ha,19335,A,Official value,,Banana
QCL,Crops and livestock products,149,Nepal,5412,Yield,1312,2022,2022,kg/ha,16422.8,A,Official value,,Banana
QCL,Crops and livestock products,149,Nepal,5510,Production,1312,2022,2022,t,317534,A,Official value,,Banana
QCL,Crops and livestock products,149,Nepal,5312,Area harvested,1312,2023,2023,ha,24286,A,Official value,,Banana
QCL,Crops and livestock products,149,Nepal,5412,Yield,1312,2023,2023,kg/ha,16662.9,A,Official value,,Banana
QCL,Crops and livestock products,149,Nepal,5510,Production,1312,2023,2023,t,404669.64,A,Official value,,Banana
QCL,Crops and livestock products,149,Nepal,5312,Area harvested,1312,2024,2024,ha,23404,A,Official value,,Banana
QCL,Crops and livestock products,149,Nepal,5412,Yield,1312,2024,2024,kg/ha,16376.9,A,Official value,,Banana
QCL,Crops and livestock products,149,Nepal,5510,Production,1312,2024,2024,t,383285,A,Official value,,Banana
QCL,Crops and livestock products,150,Netherlands (Kingdom of the),5312,Area harvested,1312,2018,2018,ha,0,A,Official value,,Banana
QCL,Crops and livestock products,150,Netherlands (Kingdom of the),5510,Production,1312,2018,2018,t,0,A,Official value,,Banana
QCL,Crops and livestock products,150,Netherlands (Kingdom of the),5312,Area harvested,1312,2019,2019,ha,0,A,Official value,,Banana
QCL,Crops and livestock products,150,Netherlands (Kingdom of the),5510,Production,1312,2019,2019,t,0,A,Official value,,Banana
QCL,Crops and livestock products,150,Netherlands (Kingdom of the),5312,Area harvested,1312,2020,2020,ha,0,A,Official value,,Banana
QCL,Crops and livestock products,150,Netherlands (Kingdom of the),5510,Production,1312,2020,2020,t,0,A,Official value,,Banana
QCL,Crops and livestock products,150,Netherlands (Kingdom of the),5312,Area harvested,1312,2021,2021,ha,0,A,Official value,,Banana
QCL,Crops and livestock products,150,Netherlands (Kingdom of the),5510,Production,1312,2021,2021,t,0,A,Official value,,Banana
QCL,Crops and livestock products,150,Netherlands (Kingdom of the),5312,Area harvested,1312,2022,2022,ha,0,A,Official value,,Banana
QCL,Crops and livestock products,150,Netherlands (Kingdom of the),5510,Production,1312,2022,2022,t,0,A,Official value,,Banana
QCL,Crops and livestock products,150,Netherlands (Kingdom of the),5312,Area harvested,1312,2023,2023,ha,0,A,Official value,,Banana
QCL,Crops and livestock products,150,Netherlands (Kingdom of the),5510,Production,1312,2023,2023,t,0,A,Official value,,Banana
QCL,Crops and livestock products,150,Netherlands (Kingdom of the),5312,Area harvested,1312,2024,2024,ha,0,A,Official value,,Banana
QCL,Crops and livestock products,150,Netherlands (Kingdom of the),5510,Production,1312,2024,2024,t,0,A,Official value,,Banana
QCL,Crops and livestock products,153,New Caledonia,5312,Area harvested,1312,2010,2010,ha,373,I,Value imputed by a receiving agency,,Banana
QCL,Crops and livestock products,153,New Caledonia,5412,Yield,1312,2010,2010,kg/ha,2916.9,E,Estimated value,,Banana
QCL,Crops and livestock products,153,New Caledonia,5510,Production,1312,2010,2010,t,1089,A,Official value,,Banana
QCL,Crops and livestock products,153,New Caledonia,5312,Area harvested,1312,2011,2011,ha,209,I,Value imputed by a receiving agency,,Banana
QCL,Crops and livestock products,153,New Caledonia,5412,Yield,1312,2011,2011,kg/ha,3679.1,E,Estimated value,,Banana
QCL,Crops and livestock products,153,New Caledonia,5510,Production,1312,2011,2011,t,767.55,A,Official value,,Banana
QCL,Crops and livestock products,153,New Caledonia,5312,Area harvested,1312,2012,2012,ha,266,I,Value imputed by a receiving agency,,Banana
QCL,Crops and livestock products,153,New Caledonia,5412,Yield,1312,2012,2012,kg/ha,3846.5,E,Estimated value,,Banana
QCL,Crops and livestock products,153,New Caledonia,5510,Production,1312,2012,2012,t,1025,A,Official value,,Banana
QCL,Crops and livestock products,153,New Caledonia,5312,Area harvested,1312,2013,2013,ha,262,I,Value imputed by a receiving agency,,Banana
QCL,Crops and livestock products,153,New Caledonia,5412,Yield,1312,2013,2013,kg/ha,3988.8,E,Estimated value,,Banana
QCL,Crops and livestock products,153,New Caledonia,5510,Production,1312,2013,2013,t,1044,A,Official value,,Banana
QCL,Crops and livestock products,153,New Caledonia,5312,Area harvested,1312,2014,2014,ha,251,I,Value imputed by a receiving agency,,Banana
QCL,Crops and livestock products,153,New Caledonia,5412,Yield,1312,2014,2014,kg/ha,4014.1,E,Estimated value,,Banana
QCL,Crops and livestock products,153,New Caledonia,5510,Production,1312,2014,2014,t,1006,A,Official value,,Banana
QCL,Crops and livestock products,153,New Caledonia,5312,Area harvested,1312,2015,2015,ha,540,I,Value imputed by a receiving agency,,Banana
QCL,Crops and livestock products,153,New Caledonia,5412,Yield,1312,2015,2015,kg/ha,3990.6,E,Estimated value,,Banana
QCL,Crops and livestock products,153,New Caledonia,5510,Production,1312,2015,2015,t,2156,A,Official value,,Banana
QCL,Crops and livestock products,153,New Caledonia,5312,Area harvested,1312,2016,2016,ha,600,I,Value imputed by a receiving agency,,Banana
QCL,Crops and livestock products,153,New Caledonia,5412,Yield,1312,2016,2016,kg/ha,4078,E,Estimated value,,Banana
QCL,Crops and livestock products,153,New Caledonia,5510,Production,1312,2016,2016,t,2447,A,Official value,,Banana
QCL,Crops and livestock products,153,New Caledonia,5312,Area harvested,1312,2017,2017,ha,384,I,Value imputed by a receiving agency,,Banana
QCL,Crops and livestock products,153,New Caledonia,5412,Yield,1312,2017,2017,kg/ha,4164.1,E,Estimated value,,Banana
QCL,Crops and livestock products,153,New Caledonia,5510,Production,1312,2017,2017,t,1598,A,Official value,,Banana
QCL,Crops and livestock products,153,New Caledonia,5312,Area harvested,1312,2018,2018,ha,462,I,Value imputed by a receiving agency,,Banana
QCL,Crops and livestock products,153,New Caledonia,5412,Yield,1312,2018,2018,kg/ha,4258.3,E,Estimated value,,Banana
QCL,Crops and livestock products,153,New Caledonia,5510,Production,1312,2018,2018,t,1967,A,Official value,,Banana
QCL,Crops and livestock products,153,New Caledonia,5312,Area harvested,1312,2019,2019,ha,496,I,Value imputed by a receiving agency,,Banana
QCL,Crops and livestock products,153,New Caledonia,5412,Yield,1312,2019,2019,kg/ha,4356.5,E,Estimated value,,Banana
QCL,Crops and livestock products,153,New Caledonia,5510,Production,1312,2019,2019,t,2160,A,Official value,,Banana
QCL,Crops and livestock products,153,New Caledonia,5312,Area harvested,1312,2020,2020,ha,520,I,Value imputed by a receiving agency,,Banana
QCL,Crops and livestock products,153,New Caledonia,5412,Yield,1312,2020,2020,kg/ha,4545.3,E,Estimated value,,Banana
QCL,Crops and livestock products,153,New Caledonia,5510,Production,1312,2020,2020,t,2364,A,Official value,,Banana
QCL,Crops and livestock products,153,New Caledonia,5312,Area harvested,1312,2021,2021,ha,438,I,Value imputed by a receiving agency,,Banana
QCL,Crops and livestock products,153,New Caledonia,5412,Yield,1312,2021,2021,kg/ha,4678.2,E,Estimated value,,Banana
QCL,Crops and livestock products,153,New Caledonia,5510,Production,1312,2021,2021,t,2049,A,Official value,,Banana
QCL,Crops and livestock products,153,New Caledonia,5312,Area harvested,1312,2022,2022,ha,402,I,Value imputed by a receiving agency,,Banana
QCL,Crops and livestock products,153,New Caledonia,5412,Yield,1312,2022,2022,kg/ha,4673.2,E,Estimated value,,Banana
QCL,Crops and livestock products,153,New Caledonia,5510,Production,1312,2022,2022,t,1879.1,A,Official value,,Banana
QCL,Crops and livestock products,153,New Caledonia,5312,Area harvested,1312,2023,2023,ha,407,I,Value imputed by a receiving agency,,Banana
QCL,Crops and livestock products,153,New Caledonia,5412,Yield,1312,2023,2023,kg/ha,4758,E,Estimated value,,Banana
QCL,Crops and livestock products,153,New Caledonia,5510,Production,1312,2023,2023,t,1936.11,I,Value imputed by a receiving agency,,Banana
QCL,Crops and livestock products,153,New Caledonia,5312,Area harvested,1312,2024,2024,ha,457,I,Value imputed by a receiving agency,,Banana
QCL,Crops and livestock products,153,New Caledonia,5412,Yield,1312,2024,2024,kg/ha,4842.8,E,Estimated value,,Banana
QCL,Crops and livestock products,153,New Caledonia,5510,Production,1312,2024,2024,t,2211.17,I,Value imputed by a receiving agency,,Banana
QCL,Crops and livestock products,157,Nicaragua,5312,Area harvested,1312,2010,2010,ha,746,A,Official value,,Banana
QCL,Crops and livestock products,157,Nicaragua,5412,Yield,1312,2010,2010,kg/ha,47199.6,A,Official value,,Banana
QCL,Crops and livestock products,157,Nicaragua,5510,Production,1312,2010,2010,t,35213.75,A,Official value,,Banana
QCL,Crops and livestock products,157,Nicaragua,5312,Area harvested,1312,2011,2011,ha,746,A,Official value,,Banana
QCL,Crops and livestock products,157,Nicaragua,5412,Yield,1312,2011,2011,kg/ha,53249.3,A,Official value,,Banana
QCL,Crops and livestock products,157,Nicaragua,5510,Production,1312,2011,2011,t,39727.23,A,Official value,,Banana
QCL,Crops and livestock products,157,Nicaragua,5312,Area harvested,1312,2012,2012,ha,732,A,Official value,,Banana
QCL,Crops and livestock products,157,Nicaragua,5412,Yield,1312,2012,2012,kg/ha,55830,A,Official value,,Banana
QCL,Crops and livestock products,157,Nicaragua,5510,Production,1312,2012,2012,t,40874.02,A,Official value,,Banana
QCL,Crops and livestock products,157,Nicaragua,5312,Area harvested,1312,2013,2013,ha,795,A,Official value,,Banana
QCL,Crops and livestock products,157,Nicaragua,5412,Yield,1312,2013,2013,kg/ha,46754.1,A,Official value,,Banana
QCL,Crops and livestock products,157,Nicaragua,5510,Production,1312,2013,2013,t,37149.1,A,Official value,,Banana
QCL,Crops and livestock products,157,Nicaragua,5312,Area harvested,1312,2014,2014,ha,1067,A,Official value,,Banana
QCL,Crops and livestock products,157,Nicaragua,5412,Yield,1312,2014,2014,kg/ha,56551.9,A,Official value,,Banana
QCL,Crops and livestock products,157,Nicaragua,5510,Production,1312,2014,2014,t,60339.16,A,Official value,,Banana
QCL,Crops and livestock products,157,Nicaragua,5312,Area harvested,1312,2015,2015,ha,1382,A,Official value,,Banana
QCL,Crops and livestock products,157,Nicaragua,5412,Yield,1312,2015,2015,kg/ha,56714.3,A,Official value,,Banana
QCL,Crops and livestock products,157,Nicaragua,5510,Production,1312,2015,2015,t,78379.16,A,Official value,,Banana
QCL,Crops and livestock products,157,Nicaragua,5312,Area harvested,1312,2016,2016,ha,1718,A,Official value,,Banana
QCL,Crops and livestock products,157,Nicaragua,5412,Yield,1312,2016,2016,kg/ha,61960.5,A,Official value,,Banana
QCL,Crops and livestock products,157,Nicaragua,5510,Production,1312,2016,2016,t,106438.15,A,Official value,,Banana
QCL,Crops and livestock products,157,Nicaragua,5312,Area harvested,1312,2017,2017,ha,1716,A,Official value,,Banana
QCL,Crops and livestock products,157,Nicaragua,5412,Yield,1312,2017,2017,kg/ha,65808.8,A,Official value,,Banana
QCL,Crops and livestock products,157,Nicaragua,5510,Production,1312,2017,2017,t,112910.2,A,Official value,,Banana
QCL,Crops and livestock products,157,Nicaragua,5312,Area harvested,1312,2018,2018,ha,1720,A,Official value,,Banana
QCL,Crops and livestock products,157,Nicaragua,5412,Yield,1312,2018,2018,kg/ha,63275.6,A,Official value,,Banana
QCL,Crops and livestock products,157,Nicaragua,5510,Production,1312,2018,2018,t,108834,A,Official value,,Banana
QCL,Crops and livestock products,157,Nicaragua,5312,Area harvested,1312,2019,2019,ha,1867,A,Official value,,Banana
QCL,Crops and livestock products,157,Nicaragua,5412,Yield,1312,2019,2019,kg/ha,52904.7,A,Official value,,Banana
QCL,Crops and livestock products,157,Nicaragua,5510,Production,1312,2019,2019,t,98773,A,Official value,,Banana
QCL,Crops and livestock products,157,Nicaragua,5312,Area harvested,1312,2020,2020,ha,1824,A,Official value,,Banana
QCL,Crops and livestock products,157,Nicaragua,5412,Yield,1312,2020,2020,kg/ha,56265.4,A,Official value,,Banana
QCL,Crops and livestock products,157,Nicaragua,5510,Production,1312,2020,2020,t,102628,A,Official value,,Banana
QCL,Crops and livestock products,157,Nicaragua,5312,Area harvested,1312,2021,2021,ha,1765,A,Official value,,Banana
QCL,Crops and livestock products,157,Nicaragua,5412,Yield,1312,2021,2021,kg/ha,58833.9,A,Official value,,Banana
QCL,Crops and livestock products,157,Nicaragua,5510,Production,1312,2021,2021,t,103855.12,A,Official value,,Banana
QCL,Crops and livestock products,157,Nicaragua,5312,Area harvested,1312,2022,2022,ha,1680,A,Official value,,Banana
QCL,Crops and livestock products,157,Nicaragua,5412,Yield,1312,2022,2022,kg/ha,53324.6,A,Official value,,Banana
QCL,Crops and livestock products,157,Nicaragua,5510,Production,1312,2022,2022,t,89584.94,A,Official value,,Banana
QCL,Crops and livestock products,157,Nicaragua,5312,Area harvested,1312,2023,2023,ha,1700,A,Official value,,Banana
QCL,Crops and livestock products,157,Nicaragua,5412,Yield,1312,2023,2023,kg/ha,53312.4,A,Official value,,Banana
QCL,Crops and livestock products,157,Nicaragua,5510,Production,1312,2023,2023,t,90616.08,A,Official value,,Banana
QCL,Crops and livestock products,159,Nigeria,5312,Area harvested,1312,2010,2010,ha,449220,A,Official value,,Banana
QCL,Crops and livestock products,159,Nigeria,5412,Yield,1312,2010,2010,kg/ha,5955.9,A,Official value,,Banana
QCL,Crops and livestock products,159,Nigeria,5510,Production,1312,2010,2010,t,2675530,A,Official value,,Banana
QCL,Crops and livestock products,159,Nigeria,5312,Area harvested,1312,2011,2011,ha,470086,I,Value imputed by a receiving agency,,Banana
QCL,Crops and livestock products,159,Nigeria,5412,Yield,1312,2011,2011,kg/ha,6206.2,E,Estimated value,,Banana
QCL,Crops and livestock products,159,Nigeria,5510,Production,1312,2011,2011,t,2917441.84,I,Value imputed by a receiving agency,,Banana
QCL,Crops and livestock products,159,Nigeria,5312,Area harvested,1312,2012,2012,ha,464505,I,Value imputed by a receiving agency,,Banana
QCL,Crops and livestock products,159,Nigeria,5412,Yield,1312,2012,2012,kg/ha,6302.8,E,Estimated value,,Banana
QCL,Crops and livestock products,159,Nigeria,5510,Production,1312,2012,2012,t,2927657.76,I,Value imputed by a receiving agency,,Banana
QCL,Crops and livestock products,159,Nigeria,5312,Area harvested,1312,2013,2013,ha,456604,I,Value imputed by a receiving agency,,Banana
QCL,Crops and livestock products,159,Nigeria,5412,Yield,1312,2013,2013,kg/ha,6432.2,E,Estimated value,,Banana
QCL,Crops and livestock products,159,Nigeria,5510,Production,1312,2013,2013,t,2936987.78,I,Value imputed by a receiving agency,,Banana
QCL,Crops and livestock products,159,Nigeria,5312,Area harvested,1312,2014,2014,ha,451304,I,Value imputed by a receiving agency,,Banana
QCL,Crops and livestock products,159,Nigeria,5412,Yield,1312,2014,2014,kg/ha,6577.5,E,Estimated value,,Banana
QCL,Crops and livestock products,159,Nigeria,5510,Production,1312,2014,2014,t,2968431.1,I,Value imputed by a receiving agency,,Banana
QCL,Crops and livestock products,159,Nigeria,5312,Area harvested,1312,2015,2015,ha,443486,I,Value imputed by a receiving agency,,Banana
QCL,Crops and livestock products,159,Nigeria,5412,Yield,1312,2015,2015,kg/ha,7640.9,E,Estimated value,,Banana
QCL,Crops and livestock products,159,Nigeria,5510,Production,1312,2015,2015,t,3388649.15,I,Value imputed by a receiving agency,,Banana
QCL,Crops and livestock products,159,Nigeria,5312,Area harvested,1312,2016,2016,ha,442141,I,Value imputed by a receiving agency,,Banana
QCL,Crops and livestock products,159,Nigeria,5412,Yield,1312,2016,2016,kg/ha,8191.8,E,Estimated value,,Banana
QCL,Crops and livestock products,159,Nigeria,5510,Production,1312,2016,2016,t,3621914.78,I,Value imputed by a receiving agency,,Banana
QCL,Crops and livestock products,159,Nigeria,5312,Area harvested,1312,2017,2017,ha,443080,I,Value imputed by a receiving agency,,Banana
QCL,Crops and livestock products,159,Nigeria,5412,Yield,1312,2017,2017,kg/ha,8814.6,E,Estimated value,,Banana
QCL,Crops and livestock products,159,Nigeria,5510,Production,1312,2017,2017,t,3905551.9,I,Value imputed by a receiving agency,,Banana
QCL,Crops and livestock products,159,Nigeria,5312,Area harvested,1312,2018,2018,ha,449599,I,Value imputed by a receiving agency,,Banana
QCL,Crops and livestock products,159,Nigeria,5412,Yield,1312,2018,2018,kg/ha,9623.2,E,Estimated value,,Banana
QCL,Crops and livestock products,159,Nigeria,5510,Production,1312,2018,2018,t,4326599.86,I,Value imputed by a receiving agency,,Banana
QCL,Crops and livestock products,159,Nigeria,5312,Area harvested,1312,2019,2019,ha,461179,I,Value imputed by a receiving agency,,Banana
QCL,Crops and livestock products,159,Nigeria,5412,Yield,1312,2019,2019,kg/ha,10649.5,E,Estimated value,,Banana
QCL,Crops and livestock products,159,Nigeria,5510,Production,1312,2019,2019,t,4911305.22,I,Value imputed by a receiving agency,,Banana
QCL,Crops and livestock products,159,Nigeria,5312,Area harvested,1312,2020,2020,ha,476070,A,Official value,,Banana
QCL,Crops and livestock products,159,Nigeria,5412,Yield,1312,2020,2020,kg/ha,11729,A,Official value,,Banana
QCL,Crops and livestock products,159,Nigeria,5510,Production,1312,2020,2020,t,5583830,A,Official value,,Banana
QCL,Crops and livestock products,159,Nigeria,5312,Area harvested,1312,2021,2021,ha,525177,A,Official value,,Banana
QCL,Crops and livestock products,159,Nigeria,5412,Yield,1312,2021,2021,kg/ha,14068.8,A,Official value,,Banana
QCL,Crops and livestock products,159,Nigeria,5510,Production,1312,2021,2021,t,7388610,A,Official value,,Banana
QCL,Crops and livestock products,159,Nigeria,5312,Area harvested,1312,2022,2022,ha,560943,I,Value imputed by a receiving agency,,Banana
QCL,Crops and livestock products,159,Nigeria,5412,Yield,1312,2022,2022,kg/ha,12898.9,E,Estimated value,,Banana
QCL,Crops and livestock products,159,Nigeria,5510,Production,1312,2022,2022,t,7235554.73,E,Estimated value,,Banana
QCL,Crops and livestock products,159,Nigeria,5312,Area harvested,1312,2023,2023,ha,456037,I,Value imputed by a receiving agency,,Banana
QCL,Crops and livestock products,159,Nigeria,5412,Yield,1312,2023,2023,kg/ha,13949.5,E,Estimated value,,Banana
QCL,Crops and livestock products,159,Nigeria,5510,Production,1312,2023,2023,t,6361501.16,I,Value imputed by a receiving agency,,Banana
QCL,Crops and livestock products,159,Nigeria,5312,Area harvested,1312,2024,2024,ha,468358,I,Value imputed by a receiving agency,,Banana
QCL,Crops and livestock products,159,Nigeria,5412,Yield,1312,2024,2024,kg/ha,14747.6,E,Estimated value,,Banana
QCL,Crops and livestock products,159,Nigeria,5510,Production,1312,2024,2024,t,6907142.4,I,Value imputed by a receiving agency,,Banana
QCL,Crops and livestock products,160,Niue,5312,Area harvested,1312,2010,2010,ha,40,I,Value imputed by a receiving agency,,Banana
QCL,Crops and livestock products,160,Niue,5412,Yield,1312,2010,2010,kg/ha,2007.2,E,Estimated value,,Banana
QCL,Crops and livestock products,160,Niue,5510,Production,1312,2010,2010,t,79.98,I,Value imputed by a receiving agency,,Banana
QCL,Crops and livestock products,160,Niue,5312,Area harvested,1312,2011,2011,ha,40,I,Value imputed by a receiving agency,,Banana
QCL,Crops and livestock products,160,Niue,5412,Yield,1312,2011,2011,kg/ha,2005.1,E,Estimated value,,Banana
QCL,Crops and livestock products,160,Niue,5510,Production,1312,2011,2011,t,80.04,I,Value imputed by a receiving agency,,Banana
QCL,Crops and livestock products,160,Niue,5312,Area harvested,1312,2012,2012,ha,40,E,Estimated value,,Banana
QCL,Crops and livestock products,160,Niue,5412,Yield,1312,2012,2012,kg/ha,2000,E,Estimated value,,Banana
QCL,Crops and livestock products,160,Niue,5510,Production,1312,2012,2012,t,80,E,Estimated value,,Banana
QCL,Crops and livestock products,160,Niue,5312,Area harvested,1312,2013,2013,ha,40,I,Value imputed by a receiving agency,,Banana
QCL,Crops and livestock products,160,Niue,5412,Yield,1312,2013,2013,kg/ha,2001.2,E,Estimated value,,Banana
QCL,Crops and livestock products,160,Niue,5510,Production,1312,2013,2013,t,80.28,I,Value imputed by a receiving agency,,Banana
QCL,Crops and livestock products,160,Niue,5312,Area harvested,1312,2014,2014,ha,40,I,Value imputed by a receiving agency,,Banana
QCL,Crops and livestock products,160,Niue,5412,Yield,1312,2014,2014,kg/ha,1996,E,Estimated value,,Banana
QCL,Crops and livestock products,160,Niue,5510,Production,1312,2014,2014,t,80.36,I,Value imputed by a receiving agency,,Banana
QCL,Crops and livestock products,160,Niue,5312,Area harvested,1312,2015,2015,ha,40,I,Value imputed by a receiving agency,,Banana
QCL,Crops and livestock products,160,Niue,5412,Yield,1312,2015,2015,kg/ha,1996.7,E,Estimated value,,Banana
QCL,Crops and livestock products,160,Niue,5510,Production,1312,2015,2015,t,80.8,I,Value imputed by a receiving agency,,Banana
QCL,Crops and livestock products,160,Niue,5312,Area harvested,1312,2016,2016,ha,41,I,Value imputed by a receiving agency,,Banana
QCL,Crops and livestock products,160,Niue,5412,Yield,1312,2016,2016,kg/ha,1991.4,E,Estimated value,,Banana
QCL,Crops and livestock products,160,Niue,5510,Production,1312,2016,2016,t,81.09,I,Value imputed by a receiving agency,,Banana
QCL,Crops and livestock products,160,Niue,5312,Area harvested,1312,2017,2017,ha,41,I,Value imputed by a receiving agency,,Banana
QCL,Crops and livestock products,160,Niue,5412,Yield,1312,2017,2017,kg/ha,1986.1,E,Estimated value,,Banana
QCL,Crops and livestock products,160,Niue,5510,Production,1312,2017,2017,t,81.29,I,Value imputed by a receiving agency,,Banana
QCL,Crops and livestock products,160,Niue,5312,Area harvested,1312,2018,2018,ha,41,I,Value imputed by a receiving agency,,Banana
QCL,Crops and livestock products,160,Niue,5412,Yield,1312,2018,2018,kg/ha,1982.3,E,Estimated value,,Banana
QCL,Crops and livestock products,160,Niue,5510,Production,1312,2018,2018,t,81.44,I,Value imputed by a receiving agency,,Banana
QCL,Crops and livestock products,160,Niue,5312,Area harvested,1312,2019,2019,ha,41,I,Value imputed by a receiving agency,,Banana
QCL,Crops and livestock products,160,Niue,5412,Yield,1312,2019,2019,kg/ha,1978.5,E,Estimated value,,Banana
QCL,Crops and livestock products,160,Niue,5510,Production,1312,2019,2019,t,81.56,I,Value imputed by a receiving agency,,Banana
QCL,Crops and livestock products,160,Niue,5312,Area harvested,1312,2020,2020,ha,41,I,Value imputed by a receiving agency,,Banana
QCL,Crops and livestock products,160,Niue,5412,Yield,1312,2020,2020,kg/ha,1974.7,E,Estimated value,,Banana
QCL,Crops and livestock products,160,Niue,5510,Production,1312,2020,2020,t,81.67,I,Value imputed by a receiving agency,,Banana
QCL,Crops and livestock products,160,Niue,5312,Area harvested,1312,2021,2021,ha,41,I,Value imputed by a receiving agency,,Banana
QCL,Crops and livestock products,160,Niue,5412,Yield,1312,2021,2021,kg/ha,1976.9,E,Estimated value,,Banana
QCL,Crops and livestock products,160,Niue,5510,Production,1312,2021,2021,t,81.84,I,Value imputed by a receiving agency,,Banana
QCL,Crops and livestock products,160,Niue,5312,Area harvested,1312,2022,2022,ha,41,I,Value imputed by a receiving agency,,Banana
QCL,Crops and livestock products,160,Niue,5412,Yield,1312,2022,2022,kg/ha,1977.6,E,Estimated value,,Banana
QCL,Crops and livestock products,160,Niue,5510,Production,1312,2022,2022,t,81.97,I,Value imputed by a receiving agency,,Banana
QCL,Crops and livestock products,160,Niue,5312,Area harvested,1312,2023,2023,ha,42,I,Value imputed by a receiving agency,,Banana
QCL,Crops and livestock products,160,Niue,5412,Yield,1312,2023,2023,kg/ha,1975.4,E,Estimated value,,Banana
QCL,Crops and livestock products,160,Niue,5510,Production,1312,2023,2023,t,82.12,I,Value imputed by a receiving agency,,Banana
QCL,Crops and livestock products,160,Niue,5312,Area harvested,1312,2024,2024,ha,42,I,Value imputed by a receiving agency,,Banana
QCL,Crops and livestock products,160,Niue,5412,Yield,1312,2024,2024,kg/ha,1973.2,E,Estimated value,,Banana
QCL,Crops and livestock products,160,Niue,5510,Production,1312,2024,2024,t,82.28,I,Value imputed by a receiving agency,,Banana
QCL,Crops and livestock products,221,Oman,5312,Area harvested,1312,2010,2010,ha,3720,A,Official value,,Banana
QCL,Crops and livestock products,221,Oman,5412,Yield,1312,2010,2010,kg/ha,15238.2,A,Official value,,Banana
QCL,Crops and livestock products,221,Oman,5510,Production,1312,2010,2010,t,56686,A,Official value,,Banana
QCL,Crops and livestock products,221,Oman,5312,Area harvested,1312,2011,2011,ha,4374,A,Official value,,Banana
QCL,Crops and livestock products,221,Oman,5412,Yield,1312,2011,2011,kg/ha,14079.6,A,Official value,,Banana
QCL,Crops and livestock products,221,Oman,5510,Production,1312,2011,2011,t,61584,A,Official value,,Banana
QCL,Crops and livestock products,221,Oman,5312,Area harvested,1312,2012,2012,ha,2500,A,Official value,,Banana
QCL,Crops and livestock products,221,Oman,5412,Yield,1312,2012,2012,kg/ha,22716,A,Official value,,Banana
QCL,Crops and livestock products,221,Oman,5510,Production,1312,2012,2012,t,56790,A,Official value,,Banana
QCL,Crops and livestock products,221,Oman,5312,Area harvested,1312,2013,2013,ha,1400,A,Official value,,Banana
QCL,Crops and livestock products,221,Oman,5412,Yield,1312,2013,2013,kg/ha,14264.3,A,Official value,,Banana
QCL,Crops and livestock products,221,Oman,5510,Production,1312,2013,2013,t,19970,A,Official value,,Banana
QCL,Crops and livestock products,221,Oman,5312,Area harvested,1312,2014,2014,ha,1421,A,Official value,,Banana
QCL,Crops and livestock products,221,Oman,5412,Yield,1312,2014,2014,kg/ha,12796.6,A,Official value,,Banana
QCL,Crops and livestock products,221,Oman,5510,Production,1312,2014,2014,t,18184,A,Official value,,Banana
QCL,Crops and livestock products,221,Oman,5312,Area harvested,1312,2015,2015,ha,1421,A,Official value,,Banana
QCL,Crops and livestock products,221,Oman,5412,Yield,1312,2015,2015,kg/ha,11666.4,A,Official value,,Banana
QCL,Crops and livestock products,221,Oman,5510,Production,1312,2015,2015,t,16578,A,Official value,,Banana
QCL,Crops and livestock products,221,Oman,5312,Area harvested,1312,2016,2016,ha,1421,A,Official value,,Banana
QCL,Crops and livestock products,221,Oman,5412,Yield,1312,2016,2016,kg/ha,11666.4,A,Official value,,Banana
QCL,Crops and livestock products,221,Oman,5510,Production,1312,2016,2016,t,16578,A,Official value,,Banana
QCL,Crops and livestock products,221,Oman,5312,Area harvested,1312,2017,2017,ha,1564,A,Official value,,Banana
QCL,Crops and livestock products,221,Oman,5412,Yield,1312,2017,2017,kg/ha,11762.8,A,Official value,,Banana
QCL,Crops and livestock products,221,Oman,5510,Production,1312,2017,2017,t,18397,A,Official value,,Banana
QCL,Crops and livestock products,221,Oman,5312,Area harvested,1312,2018,2018,ha,1560,A,Official value,,Banana
QCL,Crops and livestock products,221,Oman,5412,Yield,1312,2018,2018,kg/ha,11708.3,A,Official value,,Banana
QCL,Crops and livestock products,221,Oman,5510,Production,1312,2018,2018,t,18265,A,Official value,,Banana
QCL,Crops and livestock products,221,Oman,5312,Area harvested,1312,2019,2019,ha,1575,A,Official value,,Banana
QCL,Crops and livestock products,221,Oman,5412,Yield,1312,2019,2019,kg/ha,11712.4,A,Official value,,Banana
QCL,Crops and livestock products,221,Oman,5510,Production,1312,2019,2019,t,18447,A,Official value,,Banana
QCL,Crops and livestock products,221,Oman,5312,Area harvested,1312,2020,2020,ha,1575,A,Official value,,Banana
QCL,Crops and livestock products,221,Oman,5412,Yield,1312,2020,2020,kg/ha,11712.4,A,Official value,,Banana
QCL,Crops and livestock products,221,Oman,5510,Production,1312,2020,2020,t,18447,A,Official value,,Banana
QCL,Crops and livestock products,221,Oman,5312,Area harvested,1312,2021,2021,ha,1572,A,Official value,,Banana
QCL,Crops and livestock products,221,Oman,5412,Yield,1312,2021,2021,kg/ha,11718.3,A,Official value,,Banana
QCL,Crops and livestock products,221,Oman,5510,Production,1312,2021,2021,t,18417,A,Official value,,Banana
QCL,Crops and livestock products,221,Oman,5312,Area harvested,1312,2022,2022,ha,1572,A,Official value,,Banana
QCL,Crops and livestock products,221,Oman,5412,Yield,1312,2022,2022,kg/ha,11721.6,A,Official value,,Banana
QCL,Crops and livestock products,221,Oman,5510,Production,1312,2022,2022,t,18427,A,Official value,,Banana
QCL,Crops and livestock products,221,Oman,5312,Area harvested,1312,2023,2023,ha,1573,A,Official value,,Banana
QCL,Crops and livestock products,221,Oman,5412,Yield,1312,2023,2023,kg/ha,11718.5,A,Official value,,Banana
QCL,Crops and livestock products,221,Oman,5510,Production,1312,2023,2023,t,18432,A,Official value,,Banana
QCL,Crops and livestock products,221,Oman,5312,Area harvested,1312,2024,2024,ha,1594,A,Official value,,Banana
QCL,Crops and livestock products,221,Oman,5412,Yield,1312,2024,2024,kg/ha,11943.5,A,Official value,,Banana
QCL,Crops and livestock products,221,Oman,5510,Production,1312,2024,2024,t,19038,A,Official value,,Banana
QCL,Crops and livestock products,165,Pakistan,5312,Area harvested,1312,2010,2010,ha,34830,A,Official value,,Banana
QCL,Crops and livestock products,165,Pakistan,5412,Yield,1312,2010,2010,kg/ha,4445.2,A,Official value,,Banana
QCL,Crops and livestock products,165,Pakistan,5510,Production,1312,2010,2010,t,154825,A,Official value,,Banana
QCL,Crops and livestock products,165,Pakistan,5312,Area harvested,1312,2011,2011,ha,29591,A,Official value,,Banana
QCL,Crops and livestock products,165,Pakistan,5412,Yield,1312,2011,2011,kg/ha,4700.8,A,Official value,,Banana
QCL,Crops and livestock products,165,Pakistan,5510,Production,1312,2011,2011,t,139100,A,Official value,,Banana
QCL,Crops and livestock products,165,Pakistan,5312,Area harvested,1312,2012,2012,ha,22098,A,Official value,,Banana
QCL,Crops and livestock products,165,Pakistan,5412,Yield,1312,2012,2012,kg/ha,4368.9,A,Official value,,Banana
QCL,Crops and livestock products,165,Pakistan,5510,Production,1312,2012,2012,t,96545,A,Official value,,Banana
QCL,Crops and livestock products,165,Pakistan,5312,Area harvested,1312,2013,2013,ha,27238,A,Official value,,Banana
QCL,Crops and livestock products,165,Pakistan,5412,Yield,1312,2013,2013,kg/ha,4242.3,A,Official value,,Banana
QCL,Crops and livestock products,165,Pakistan,5510,Production,1312,2013,2013,t,115552,A,Official value,,Banana
QCL,Crops and livestock products,165,Pakistan,5312,Area harvested,1312,2014,2014,ha,27902,A,Official value,,Banana
QCL,Crops and livestock products,165,Pakistan,5412,Yield,1312,2014,2014,kg/ha,4256.2,A,Official value,,Banana
QCL,Crops and livestock products,165,Pakistan,5510,Production,1312,2014,2014,t,118756,A,Official value,,Banana
QCL,Crops and livestock products,165,Pakistan,5312,Area harvested,1312,2015,2015,ha,28171,A,Official value,,Banana
QCL,Crops and livestock products,165,Pakistan,5412,Yield,1312,2015,2015,kg/ha,4190.3,A,Official value,,Banana
QCL,Crops and livestock products,165,Pakistan,5510,Production,1312,2015,2015,t,118044,A,Official value,,Banana
QCL,Crops and livestock products,165,Pakistan,5312,Area harvested,1312,2016,2016,ha,28703,A,Official value,,Banana
QCL,Crops and livestock products,165,Pakistan,5412,Yield,1312,2016,2016,kg/ha,4690.6,A,Official value,,Banana
QCL,Crops and livestock products,165,Pakistan,5510,Production,1312,2016,2016,t,134634,A,Official value,,Banana
QCL,Crops and livestock products,165,Pakistan,5312,Area harvested,1312,2017,2017,ha,29197,A,Official value,,Banana
QCL,Crops and livestock products,165,Pakistan,5412,Yield,1312,2017,2017,kg/ha,4707.6,A,Official value,,Banana
QCL,Crops and livestock products,165,Pakistan,5510,Production,1312,2017,2017,t,137449,A,Official value,,Banana
QCL,Crops and livestock products,165,Pakistan,5312,Area harvested,1312,2018,2018,ha,30031,A,Official value,,Banana
QCL,Crops and livestock products,165,Pakistan,5412,Yield,1312,2018,2018,kg/ha,4497.2,A,Official value,,Banana
QCL,Crops and livestock products,165,Pakistan,5510,Production,1312,2018,2018,t,135056,A,Official value,,Banana
QCL,Crops and livestock products,165,Pakistan,5312,Area harvested,1312,2019,2019,ha,29735,A,Official value,,Banana
QCL,Crops and livestock products,165,Pakistan,5412,Yield,1312,2019,2019,kg/ha,4562.3,A,Official value,,Banana
QCL,Crops and livestock products,165,Pakistan,5510,Production,1312,2019,2019,t,135660,A,Official value,,Banana
QCL,Crops and livestock products,165,Pakistan,5312,Area harvested,1312,2020,2020,ha,32847,A,Official value,,Banana
QCL,Crops and livestock products,165,Pakistan,5412,Yield,1312,2020,2020,kg/ha,4594.7,A,Official value,,Banana
QCL,Crops and livestock products,165,Pakistan,5510,Production,1312,2020,2020,t,150921,A,Official value,,Banana
QCL,Crops and livestock products,165,Pakistan,5312,Area harvested,1312,2021,2021,ha,32919,A,Official value,,Banana
QCL,Crops and livestock products,165,Pakistan,5412,Yield,1312,2021,2021,kg/ha,4312.9,A,Official value,,Banana
QCL,Crops and livestock products,165,Pakistan,5510,Production,1312,2021,2021,t,141975,A,Official value,,Banana
QCL,Crops and livestock products,165,Pakistan,5312,Area harvested,1312,2022,2022,ha,33197,A,Official value,,Banana
QCL,Crops and livestock products,165,Pakistan,5412,Yield,1312,2022,2022,kg/ha,6493.7,A,Official value,,Banana
QCL,Crops and livestock products,165,Pakistan,5510,Production,1312,2022,2022,t,215570,A,Official value,,Banana
QCL,Crops and livestock products,165,Pakistan,5312,Area harvested,1312,2023,2023,ha,39280,A,Official value,,Banana
QCL,Crops and livestock products,165,Pakistan,5412,Yield,1312,2023,2023,kg/ha,7428.9,A,Official value,,Banana
QCL,Crops and livestock products,165,Pakistan,5510,Production,1312,2023,2023,t,291807,A,Official value,,Banana
QCL,Crops and livestock products,165,Pakistan,5312,Area harvested,1312,2024,2024,ha,40106,A,Official value,,Banana
QCL,Crops and livestock products,165,Pakistan,5412,Yield,1312,2024,2024,kg/ha,7758.6,A,Official value,,Banana
QCL,Crops and livestock products,165,Pakistan,5510,Production,1312,2024,2024,t,311166,A,Official value,,Banana
QCL,Crops and livestock products,299,Palestine,5312,Area harvested,1312,2010,2010,ha,112,A,Official value,,Banana
QCL,Crops and livestock products,299,Palestine,5412,Yield,1312,2010,2010,kg/ha,32728.7,E,Estimated value,,Banana
QCL,Crops and livestock products,299,Palestine,5510,Production,1312,2010,2010,t,3665.61,I,Value imputed by a receiving agency,,Banana
QCL,Crops and livestock products,299,Palestine,5312,Area harvested,1312,2011,2011,ha,121,I,Value imputed by a receiving agency,,Banana
QCL,Crops and livestock products,299,Palestine,5412,Yield,1312,2011,2011,kg/ha,33750.4,E,Estimated value,,Banana
QCL,Crops and livestock products,299,Palestine,5510,Production,1312,2011,2011,t,4072.34,I,Value imputed by a receiving agency,,Banana
QCL,Crops and livestock products,299,Palestine,5312,Area harvested,1312,2012,2012,ha,113,I,Value imputed by a receiving agency,,Banana
QCL,Crops and livestock products,299,Palestine,5412,Yield,1312,2012,2012,kg/ha,34561.4,E,Estimated value,,Banana
QCL,Crops and livestock products,299,Palestine,5510,Production,1312,2012,2012,t,3915.04,I,Value imputed by a receiving agency,,Banana
QCL,Crops and livestock products,299,Palestine,5312,Area harvested,1312,2013,2013,ha,108,I,Value imputed by a receiving agency,,Banana
QCL,Crops and livestock products,299,Palestine,5412,Yield,1312,2013,2013,kg/ha,36836.6,E,Estimated value,,Banana
QCL,Crops and livestock products,299,Palestine,5510,Production,1312,2013,2013,t,3964.45,I,Value imputed by a receiving agency,,Banana
QCL,Crops and livestock products,299,Palestine,5312,Area harvested,1312,2014,2014,ha,100,X,Value from external organization,Unofficial figure,Banana
QCL,Crops and livestock products,299,Palestine,5412,Yield,1312,2014,2014,kg/ha,38400,X,Value from external organization,,Banana
QCL,Crops and livestock products,299,Palestine,5510,Production,1312,2014,2014,t,3840,X,Value from external organization,Unofficial figure,Banana
QCL,Crops and livestock products,299,Palestine,5312,Area harvested,1312,2015,2015,ha,80,X,Value from external organization,Unofficial figure,Banana
QCL,Crops and livestock products,299,Palestine,5412,Yield,1312,2015,2015,kg/ha,40250,X,Value from external organization,,Banana
QCL,Crops and livestock products,299,Palestine,5510,Production,1312,2015,2015,t,3220,X,Value from external organization,Unofficial figure,Banana
QCL,Crops and livestock products,299,Palestine,5312,Area harvested,1312,2016,2016,ha,80,X,Value from external organization,Unofficial figure,Banana
QCL,Crops and livestock products,299,Palestine,5412,Yield,1312,2016,2016,kg/ha,36000,X,Value from external organization,,Banana
QCL,Crops and livestock products,299,Palestine,5510,Production,1312,2016,2016,t,2880,X,Value from external organization,Unofficial figure,Banana
QCL,Crops and livestock products,299,Palestine,5312,Area harvested,1312,2017,2017,ha,87,E,Estimated value,,Banana
QCL,Crops and livestock products,299,Palestine,5412,Yield,1312,2017,2017,kg/ha,38230.8,E,Estimated value,,Banana
QCL,Crops and livestock products,299,Palestine,5510,Production,1312,2017,2017,t,3313.33,E,Estimated value,,Banana
QCL,Crops and livestock products,299,Palestine,5312,Area harvested,1312,2018,2018,ha,70,A,Official value,,Banana
QCL,Crops and livestock products,299,Palestine,5412,Yield,1312,2018,2018,kg/ha,40857.1,A,Official value,,Banana
QCL,Crops and livestock products,299,Palestine,5510,Production,1312,2018,2018,t,2860,A,Official value,,Banana
QCL,Crops and livestock products,299,Palestine,5312,Area harvested,1312,2019,2019,ha,36,A,Official value,,Banana
QCL,Crops and livestock products,299,Palestine,5412,Yield,1312,2019,2019,kg/ha,34944.4,A,Official value,,Banana
QCL,Crops and livestock products,299,Palestine,5510,Production,1312,2019,2019,t,1258,A,Official value,,Banana
QCL,Crops and livestock products,299,Palestine,5312,Area harvested,1312,2020,2020,ha,41,A,Official value,,Banana
QCL,Crops and livestock products,299,Palestine,5412,Yield,1312,2020,2020,kg/ha,34829.3,A,Official value,,Banana
QCL,Crops and livestock products,299,Palestine,5510,Production,1312,2020,2020,t,1428,A,Official value,,Banana
QCL,Crops and livestock products,299,Palestine,5312,Area harvested,1312,2021,2021,ha,104,A,Official value,,Banana
QCL,Crops and livestock products,299,Palestine,5412,Yield,1312,2021,2021,kg/ha,36576.9,A,Official value,,Banana
QCL,Crops and livestock products,299,Palestine,5510,Production,1312,2021,2021,t,3804,A,Official value,,Banana
QCL,Crops and livestock products,299,Palestine,5312,Area harvested,1312,2022,2022,ha,92,I,Value imputed by a receiving agency,,Banana
QCL,Crops and livestock products,299,Palestine,5412,Yield,1312,2022,2022,kg/ha,36732.1,E,Estimated value,,Banana
QCL,Crops and livestock products,299,Palestine,5510,Production,1312,2022,2022,t,3379,X,Value from external organization,Unofficial figure,Banana
QCL,Crops and livestock products,166,Panama,5312,Area harvested,1312,2010,2010,ha,8466,I,Value imputed by a receiving agency,,Banana
QCL,Crops and livestock products,166,Panama,5412,Yield,1312,2010,2010,kg/ha,39958.2,E,Estimated value,,Banana
QCL,Crops and livestock products,166,Panama,5510,Production,1312,2010,2010,t,338280,A,Official value,,Banana
QCL,Crops and livestock products,166,Panama,5312,Area harvested,1312,2011,2011,ha,10719,A,Official value,,Banana
QCL,Crops and livestock products,166,Panama,5412,Yield,1312,2011,2011,kg/ha,30634.2,A,Official value,,Banana
QCL,Crops and livestock products,166,Panama,5510,Production,1312,2011,2011,t,328368,A,Official value,,Banana
QCL,Crops and livestock products,166,Panama,5312,Area harvested,1312,2012,2012,ha,8455,I,Value imputed by a receiving agency,,Banana
QCL,Crops and livestock products,166,Panama,5412,Yield,1312,2012,2012,kg/ha,36380.9,E,Estimated value,,Banana
QCL,Crops and livestock products,166,Panama,5510,Production,1312,2012,2012,t,307583,A,Official value,,Banana
QCL,Crops and livestock products,166,Panama,5312,Area harvested,1312,2013,2013,ha,7832,I,Value imputed by a receiving agency,,Banana
QCL,Crops and livestock products,166,Panama,5412,Yield,1312,2013,2013,kg/ha,40116.4,E,Estimated value,,Banana
QCL,Crops and livestock products,166,Panama,5510,Production,1312,2013,2013,t,314188,A,Official value,,Banana
QCL,Crops and livestock products,166,Panama,5312,Area harvested,1312,2014,2014,ha,8174,I,Value imputed by a receiving agency,,Banana
QCL,Crops and livestock products,166,Panama,5412,Yield,1312,2014,2014,kg/ha,39021.1,E,Estimated value,,Banana
QCL,Crops and livestock products,166,Panama,5510,Production,1312,2014,2014,t,318955,A,Official value,,Banana
QCL,Crops and livestock products,166,Panama,5312,Area harvested,1312,2015,2015,ha,8790,I,Value imputed by a receiving agency,,Banana
QCL,Crops and livestock products,166,Panama,5412,Yield,1312,2015,2015,kg/ha,37984.2,E,Estimated value,,Banana
QCL,Crops and livestock products,166,Panama,5510,Production,1312,2015,2015,t,333878,A,Official value,,Banana
QCL,Crops and livestock products,166,Panama,5312,Area harvested,1312,2016,2016,ha,8273,I,Value imputed by a receiving agency,,Banana
QCL,Crops and livestock products,166,Panama,5412,Yield,1312,2016,2016,kg/ha,37600.8,E,Estimated value,,Banana
QCL,Crops and livestock products,166,Panama,5510,Production,1312,2016,2016,t,311060,A,Official value,,Banana
QCL,Crops and livestock products,166,Panama,5312,Area harvested,1312,2017,2017,ha,8096,I,Value imputed by a receiving agency,,Banana
QCL,Crops and livestock products,166,Panama,5412,Yield,1312,2017,2017,kg/ha,44334.7,E,Estimated value,,Banana
QCL,Crops and livestock products,166,Panama,5510,Production,1312,2017,2017,t,358925,A,Official value,,Banana
QCL,Crops and livestock products,166,Panama,5312,Area harvested,1312,2018,2018,ha,6651,A,Official value,,Banana
QCL,Crops and livestock products,166,Panama,5412,Yield,1312,2018,2018,kg/ha,55859.3,A,Official value,,Banana
QCL,Crops and livestock products,166,Panama,5510,Production,1312,2018,2018,t,371520,A,Official value,,Banana
QCL,Crops and livestock products,166,Panama,5312,Area harvested,1312,2019,2019,ha,7000,A,Official value,,Banana
QCL,Crops and livestock products,166,Panama,5412,Yield,1312,2019,2019,kg/ha,52142.9,E,Estimated value,,Banana
QCL,Crops and livestock products,166,Panama,5510,Production,1312,2019,2019,t,365000,E,Estimated value,,Banana
QCL,Crops and livestock products,166,Panama,5312,Area harvested,1312,2020,2020,ha,7281,A,Official value,,Banana
QCL,Crops and livestock products,166,Panama,5412,Yield,1312,2020,2020,kg/ha,58183.4,A,Official value,,Banana
QCL,Crops and livestock products,166,Panama,5510,Production,1312,2020,2020,t,423633,A,Official value,,Banana
QCL,Crops and livestock products,166,Panama,5312,Area harvested,1312,2021,2021,ha,8000,A,Official value,,Banana
QCL,Crops and livestock products,166,Panama,5412,Yield,1312,2021,2021,kg/ha,52429.5,A,Official value,,Banana
QCL,Crops and livestock products,166,Panama,5510,Production,1312,2021,2021,t,419436,A,Official value,,Banana
QCL,Crops and livestock products,166,Panama,5312,Area harvested,1312,2022,2022,ha,7746,I,Value imputed by a receiving agency,,Banana
QCL,Crops and livestock products,166,Panama,5412,Yield,1312,2022,2022,kg/ha,50826.5,E,Estimated value,,Banana
QCL,Crops and livestock products,166,Panama,5510,Production,1312,2022,2022,t,393709.22,I,Value imputed by a receiving agency,,Banana
QCL,Crops and livestock products,166,Panama,5312,Area harvested,1312,2023,2023,ha,6884,I,Value imputed by a receiving agency,,Banana
QCL,Crops and livestock products,166,Panama,5412,Yield,1312,2023,2023,kg/ha,53615.5,E,Estimated value,,Banana
QCL,Crops and livestock products,166,Panama,5510,Production,1312,2023,2023,t,369066.88,I,Value imputed by a receiving agency,,Banana
QCL,Crops and livestock products,166,Panama,5312,Area harvested,1312,2024,2024,ha,6955,I,Value imputed by a receiving agency,,Banana
QCL,Crops and livestock products,166,Panama,5412,Yield,1312,2024,2024,kg/ha,55740.9,E,Estimated value,,Banana
QCL,Crops and livestock products,166,Panama,5510,Production,1312,2024,2024,t,387690.09,I,Value imputed by a receiving agency,,Banana
QCL,Crops and livestock products,168,Papua New Guinea,5312,Area harvested,1312,2010,2010,ha,70000,E,Estimated value,,Banana
QCL,Crops and livestock products,168,Papua New Guinea,5412,Yield,1312,2010,2010,kg/ha,15000,E,Estimated value,,Banana
QCL,Crops and livestock products,168,Papua New Guinea,5510,Production,1312,2010,2010,t,1050000,E,Estimated value,,Banana
QCL,Crops and livestock products,168,Papua New Guinea,5312,Area harvested,1312,2011,2011,ha,70000,E,Estimated value,,Banana
QCL,Crops and livestock products,168,Papua New Guinea,5412,Yield,1312,2011,2011,kg/ha,15714.3,E,Estimated value,,Banana
QCL,Crops and livestock products,168,Papua New Guinea,5510,Production,1312,2011,2011,t,1100000,E,Estimated value,,Banana
QCL,Crops and livestock products,168,Papua New Guinea,5312,Area harvested,1312,2012,2012,ha,72000,E,Estimated value,,Banana
QCL,Crops and livestock products,168,Papua New Guinea,5412,Yield,1312,2012,2012,kg/ha,16388.9,E,Estimated value,,Banana
QCL,Crops and livestock products,168,Papua New Guinea,5510,Production,1312,2012,2012,t,1180000,E,Estimated value,,Banana
QCL,Crops and livestock products,168,Papua New Guinea,5312,Area harvested,1312,2013,2013,ha,73661,I,Value imputed by a receiving agency,,Banana
QCL,Crops and livestock products,168,Papua New Guinea,5412,Yield,1312,2013,2013,kg/ha,16931.7,E,Estimated value,,Banana
QCL,Crops and livestock products,168,Papua New Guinea,5510,Production,1312,2013,2013,t,1247210.51,I,Value imputed by a receiving agency,,Banana
QCL,Crops and livestock products,168,Papua New Guinea,5312,Area harvested,1312,2014,2014,ha,75545,I,Value imputed by a receiving agency,,Banana
QCL,Crops and livestock products,168,Papua New Guinea,5412,Yield,1312,2014,2014,kg/ha,17422.5,E,Estimated value,,Banana
QCL,Crops and livestock products,168,Papua New Guinea,5510,Production,1312,2014,2014,t,1316184.73,I,Value imputed by a receiving agency,,Banana
QCL,Crops and livestock products,168,Papua New Guinea,5312,Area harvested,1312,2015,2015,ha,76153,I,Value imputed by a receiving agency,,Banana
QCL,Crops and livestock products,168,Papua New Guinea,5412,Yield,1312,2015,2015,kg/ha,16429.6,E,Estimated value,,Banana
QCL,Crops and livestock products,168,Papua New Guinea,5510,Production,1312,2015,2015,t,1251160.37,I,Value imputed by a receiving agency,,Banana
QCL,Crops and livestock products,168,Papua New Guinea,5312,Area harvested,1312,2016,2016,ha,76276,I,Value imputed by a receiving agency,,Banana
QCL,Crops and livestock products,168,Papua New Guinea,5412,Yield,1312,2016,2016,kg/ha,16334.3,E,Estimated value,,Banana
QCL,Crops and livestock products,168,Papua New Guinea,5510,Production,1312,2016,2016,t,1245907.78,I,Value imputed by a receiving agency,,Banana
QCL,Crops and livestock products,168,Papua New Guinea,5312,Area harvested,1312,2017,2017,ha,73025,I,Value imputed by a receiving agency,,Banana
QCL,Crops and livestock products,168,Papua New Guinea,5412,Yield,1312,2017,2017,kg/ha,16831.5,E,Estimated value,,Banana
QCL,Crops and livestock products,168,Papua New Guinea,5510,Production,1312,2017,2017,t,1229122.82,I,Value imputed by a receiving agency,,Banana
QCL,Crops and livestock products,168,Papua New Guinea,5312,Area harvested,1312,2018,2018,ha,75151,E,Estimated value,,Banana
QCL,Crops and livestock products,168,Papua New Guinea,5412,Yield,1312,2018,2018,kg/ha,16215.4,E,Estimated value,,Banana
QCL,Crops and livestock products,168,Papua New Guinea,5510,Production,1312,2018,2018,t,1218603.52,I,Value imputed by a receiving agency,,Banana
QCL,Crops and livestock products,168,Papua New Guinea,5312,Area harvested,1312,2019,2019,ha,75183,I,Value imputed by a receiving agency,,Banana
QCL,Crops and livestock products,168,Papua New Guinea,5412,Yield,1312,2019,2019,kg/ha,16133,E,Estimated value,,Banana
QCL,Crops and livestock products,168,Papua New Guinea,5510,Production,1312,2019,2019,t,1212934.72,I,Value imputed by a receiving agency,,Banana
QCL,Crops and livestock products,168,Papua New Guinea,5312,Area harvested,1312,2020,2020,ha,74551,I,Value imputed by a receiving agency,,Banana
QCL,Crops and livestock products,168,Papua New Guinea,5412,Yield,1312,2020,2020,kg/ha,16217,E,Estimated value,,Banana
QCL,Crops and livestock products,168,Papua New Guinea,5510,Production,1312,2020,2020,t,1208990.62,I,Value imputed by a receiving agency,,Banana
QCL,Crops and livestock products,168,Papua New Guinea,5312,Area harvested,1312,2021,2021,ha,76740,I,Value imputed by a receiving agency,,Banana
QCL,Crops and livestock products,168,Papua New Guinea,5412,Yield,1312,2021,2021,kg/ha,16497.9,E,Estimated value,,Banana
QCL,Crops and livestock products,168,Papua New Guinea,5510,Production,1312,2021,2021,t,1266050.43,I,Value imputed by a receiving agency,,Banana
QCL,Crops and livestock products,168,Papua New Guinea,5312,Area harvested,1312,2022,2022,ha,76038,I,Value imputed by a receiving agency,,Banana
QCL,Crops and livestock products,168,Papua New Guinea,5412,Yield,1312,2022,2022,kg/ha,16546.8,E,Estimated value,,Banana
QCL,Crops and livestock products,168,Papua New Guinea,5510,Production,1312,2022,2022,t,1258181.22,I,Value imputed by a receiving agency,,Banana
QCL,Crops and livestock products,168,Papua New Guinea,5312,Area harvested,1312,2023,2023,ha,76224,I,Value imputed by a receiving agency,,Banana
QCL,Crops and livestock products,168,Papua New Guinea,5412,Yield,1312,2023,2023,kg/ha,16601.4,E,Estimated value,,Banana
QCL,Crops and livestock products,168,Papua New Guinea,5510,Production,1312,2023,2023,t,1265420.49,I,Value imputed by a receiving agency,,Banana
QCL,Crops and livestock products,168,Papua New Guinea,5312,Area harvested,1312,2024,2024,ha,76416,I,Value imputed by a receiving agency,,Banana
QCL,Crops and livestock products,168,Papua New Guinea,5412,Yield,1312,2024,2024,kg/ha,16655.9,E,Estimated value,,Banana
QCL,Crops and livestock products,168,Papua New Guinea,5510,Production,1312,2024,2024,t,1272779.22,I,Value imputed by a receiving agency,,Banana
QCL,Crops and livestock products,169,Paraguay,5312,Area harvested,1312,2010,2010,ha,10607,A,Official value,,Banana
QCL,Crops and livestock products,169,Paraguay,5412,Yield,1312,2010,2010,kg/ha,7528.6,A,Official value,,Banana
QCL,Crops and livestock products,169,Paraguay,5510,Production,1312,2010,2010,t,79856,A,Official value,,Banana
QCL,Crops and livestock products,169,Paraguay,5312,Area harvested,1312,2011,2011,ha,7651,A,Official value,,Banana
QCL,Crops and livestock products,169,Paraguay,5412,Yield,1312,2011,2011,kg/ha,7845,A,Official value,,Banana
QCL,Crops and livestock products,169,Paraguay,5510,Production,1312,2011,2011,t,60022,A,Official value,,Banana
QCL,Crops and livestock products,169,Paraguay,5312,Area harvested,1312,2012,2012,ha,7727,A,Official value,,Banana
QCL,Crops and livestock products,169,Paraguay,5412,Yield,1312,2012,2012,kg/ha,7767.8,A,Official value,,Banana
QCL,Crops and livestock products,169,Paraguay,5510,Production,1312,2012,2012,t,60022,A,Official value,,Banana
QCL,Crops and livestock products,169,Paraguay,5312,Area harvested,1312,2013,2013,ha,7800,A,Official value,,Banana
QCL,Crops and livestock products,169,Paraguay,5412,Yield,1312,2013,2013,kg/ha,8000,A,Official value,,Banana
QCL,Crops and livestock products,169,Paraguay,5510,Production,1312,2013,2013,t,62400,A,Official value,,Banana
QCL,Crops and livestock products,169,Paraguay,5312,Area harvested,1312,2014,2014,ha,7800,A,Official value,,Banana
QCL,Crops and livestock products,169,Paraguay,5412,Yield,1312,2014,2014,kg/ha,9000,A,Official value,,Banana
QCL,Crops and livestock products,169,Paraguay,5510,Production,1312,2014,2014,t,70200,A,Official value,,Banana
QCL,Crops and livestock products,169,Paraguay,5312,Area harvested,1312,2015,2015,ha,7810,A,Official value,,Banana
QCL,Crops and livestock products,169,Paraguay,5412,Yield,1312,2015,2015,kg/ha,8996.9,A,Official value,,Banana
QCL,Crops and livestock products,169,Paraguay,5510,Production,1312,2015,2015,t,70266,A,Official value,,Banana
QCL,Crops and livestock products,169,Paraguay,5312,Area harvested,1312,2016,2016,ha,7812,A,Official value,,Banana
QCL,Crops and livestock products,169,Paraguay,5412,Yield,1312,2016,2016,kg/ha,9199.9,A,Official value,,Banana
QCL,Crops and livestock products,169,Paraguay,5510,Production,1312,2016,2016,t,71870,A,Official value,,Banana
QCL,Crops and livestock products,169,Paraguay,5312,Area harvested,1312,2017,2017,ha,7855,A,Official value,,Banana
QCL,Crops and livestock products,169,Paraguay,5412,Yield,1312,2017,2017,kg/ha,9200,A,Official value,,Banana
QCL,Crops and livestock products,169,Paraguay,5510,Production,1312,2017,2017,t,72266,A,Official value,,Banana
QCL,Crops and livestock products,169,Paraguay,5312,Area harvested,1312,2018,2018,ha,8172,A,Official value,,Banana
QCL,Crops and livestock products,169,Paraguay,5412,Yield,1312,2018,2018,kg/ha,9283.9,A,Official value,,Banana
QCL,Crops and livestock products,169,Paraguay,5510,Production,1312,2018,2018,t,75868,A,Official value,,Banana
QCL,Crops and livestock products,169,Paraguay,5312,Area harvested,1312,2019,2019,ha,8738,A,Official value,,Banana
QCL,Crops and livestock products,169,Paraguay,5412,Yield,1312,2019,2019,kg/ha,10299.4,A,Official value,,Banana
QCL,Crops and livestock products,169,Paraguay,5510,Production,1312,2019,2019,t,89996,A,Official value,,Banana
QCL,Crops and livestock products,169,Paraguay,5312,Area harvested,1312,2020,2020,ha,8852,A,Official value,,Banana
QCL,Crops and livestock products,169,Paraguay,5412,Yield,1312,2020,2020,kg/ha,10674,A,Official value,,Banana
QCL,Crops and livestock products,169,Paraguay,5510,Production,1312,2020,2020,t,94486,A,Official value,,Banana
QCL,Crops and livestock products,169,Paraguay,5312,Area harvested,1312,2021,2021,ha,9037,A,Official value,,Banana
QCL,Crops and livestock products,169,Paraguay,5412,Yield,1312,2021,2021,kg/ha,10785.7,A,Official value,,Banana
QCL,Crops and livestock products,169,Paraguay,5510,Production,1312,2021,2021,t,97470,A,Official value,,Banana
QCL,Crops and livestock products,169,Paraguay,5312,Area harvested,1312,2022,2022,ha,8511,I,Value imputed by a receiving agency,,Banana
QCL,Crops and livestock products,169,Paraguay,5412,Yield,1312,2022,2022,kg/ha,10926.6,E,Estimated value,,Banana
QCL,Crops and livestock products,169,Paraguay,5510,Production,1312,2022,2022,t,93000,E,Estimated value,,Banana
QCL,Crops and livestock products,169,Paraguay,5312,Area harvested,1312,2023,2023,ha,8105,I,Value imputed by a receiving agency,,Banana
QCL,Crops and livestock products,169,Paraguay,5412,Yield,1312,2023,2023,kg/ha,11070.9,E,Estimated value,,Banana
QCL,Crops and livestock products,169,Paraguay,5510,Production,1312,2023,2023,t,89731.83,I,Value imputed by a receiving agency,,Banana
QCL,Crops and livestock products,169,Paraguay,5312,Area harvested,1312,2024,2024,ha,7825,I,Value imputed by a receiving agency,,Banana
QCL,Crops and livestock products,169,Paraguay,5412,Yield,1312,2024,2024,kg/ha,11357,E,Estimated value,,Banana
QCL,Crops and livestock products,169,Paraguay,5510,Production,1312,2024,2024,t,88870.53,I,Value imputed by a receiving agency,,Banana
QCL,Crops and livestock products,170,Peru,5312,Area harvested,1312,2010,2010,ha,156114,A,Official value,,Banana
QCL,Crops and livestock products,170,Peru,5412,Yield,1312,2010,2010,kg/ha,12857.8,A,Official value,,Banana
QCL,Crops and livestock products,170,Peru,5510,Production,1312,2010,2010,t,2007284,A,Official value,,Banana
QCL,Crops and livestock products,170,Peru,5312,Area harvested,1312,2011,2011,ha,148657,A,Official value,,Banana
QCL,Crops and livestock products,170,Peru,5412,Yield,1312,2011,2011,kg/ha,13238.9,A,Official value,,Banana
QCL,Crops and livestock products,170,Peru,5510,Production,1312,2011,2011,t,1968051,A,Official value,,Banana
QCL,Crops and livestock products,170,Peru,5312,Area harvested,1312,2012,2012,ha,151560,A,Official value,,Banana
QCL,Crops and livestock products,170,Peru,5412,Yield,1312,2012,2012,kg/ha,13737.7,A,Official value,,Banana
QCL,Crops and livestock products,170,Peru,5510,Production,1312,2012,2012,t,2082089.3,A,Official value,,Banana
QCL,Crops and livestock products,170,Peru,5312,Area harvested,1312,2013,2013,ha,164995,A,Official value,,Banana
QCL,Crops and livestock products,170,Peru,5412,Yield,1312,2013,2013,kg/ha,12817.7,A,Official value,,Banana
QCL,Crops and livestock products,170,Peru,5510,Production,1312,2013,2013,t,2114853,A,Official value,,Banana
QCL,Crops and livestock products,170,Peru,5312,Area harvested,1312,2014,2014,ha,166038,A,Official value,,Banana
QCL,Crops and livestock products,170,Peru,5412,Yield,1312,2014,2014,kg/ha,12803.3,A,Official value,,Banana
QCL,Crops and livestock products,170,Peru,5510,Production,1312,2014,2014,t,2125839,A,Official value,,Banana
QCL,Crops and livestock products,170,Peru,5312,Area harvested,1312,2015,2015,ha,167839,A,Official value,,Banana
QCL,Crops and livestock products,170,Peru,5412,Yield,1312,2015,2015,kg/ha,12782.3,A,Official value,,Banana
QCL,Crops and livestock products,170,Peru,5510,Production,1312,2015,2015,t,2145361,A,Official value,,Banana
QCL,Crops and livestock products,170,Peru,5312,Area harvested,1312,2016,2016,ha,160646,A,Official value,,Banana
QCL,Crops and livestock products,170,Peru,5412,Yield,1312,2016,2016,kg/ha,12910.3,A,Official value,,Banana
QCL,Crops and livestock products,170,Peru,5510,Production,1312,2016,2016,t,2073994.7,A,Official value,,Banana
QCL,Crops and livestock products,170,Peru,5312,Area harvested,1312,2017,2017,ha,160610,A,Official value,,Banana
QCL,Crops and livestock products,170,Peru,5412,Yield,1312,2017,2017,kg/ha,12334.5,A,Official value,,Banana
QCL,Crops and livestock products,170,Peru,5510,Production,1312,2017,2017,t,1981047,A,Official value,,Banana
QCL,Crops and livestock products,170,Peru,5312,Area harvested,1312,2018,2018,ha,162102,A,Official value,,Banana
QCL,Crops and livestock products,170,Peru,5412,Yield,1312,2018,2018,kg/ha,13539.9,A,Official value,,Banana
QCL,Crops and livestock products,170,Peru,5510,Production,1312,2018,2018,t,2194857.56,A,Official value,,Banana
QCL,Crops and livestock products,170,Peru,5312,Area harvested,1312,2019,2019,ha,175407,A,Official value,,Banana
QCL,Crops and livestock products,170,Peru,5412,Yield,1312,2019,2019,kg/ha,12839.7,A,Official value,,Banana
QCL,Crops and livestock products,170,Peru,5510,Production,1312,2019,2019,t,2252171.5,A,Official value,,Banana
QCL,Crops and livestock products,170,Peru,5312,Area harvested,1312,2020,2020,ha,170721,A,Official value,,Banana
QCL,Crops and livestock products,170,Peru,5412,Yield,1312,2020,2020,kg/ha,13625.1,A,Official value,,Banana
QCL,Crops and livestock products,170,Peru,5510,Production,1312,2020,2020,t,2326085.08,A,Official value,,Banana
QCL,Crops and livestock products,170,Peru,5312,Area harvested,1312,2021,2021,ha,176611,A,Official value,,Banana
QCL,Crops and livestock products,170,Peru,5412,Yield,1312,2021,2021,kg/ha,13233.4,A,Official value,,Banana
QCL,Crops and livestock products,170,Peru,5510,Production,1312,2021,2021,t,2337153.35,A,Official value,,Banana
QCL,Crops and livestock products,170,Peru,5312,Area harvested,1312,2022,2022,ha,174784,A,Official value,,Banana
QCL,Crops and livestock products,170,Peru,5412,Yield,1312,2022,2022,kg/ha,13869.6,A,Official value,,Banana
QCL,Crops and livestock products,170,Peru,5510,Production,1312,2022,2022,t,2424180.34,A,Official value,,Banana
QCL,Crops and livestock products,170,Peru,5312,Area harvested,1312,2023,2023,ha,175262,A,Official value,,Banana
QCL,Crops and livestock products,170,Peru,5412,Yield,1312,2023,2023,kg/ha,13778.6,A,Official value,,Banana
QCL,Crops and livestock products,170,Peru,5510,Production,1312,2023,2023,t,2414867.93,A,Official value,,Banana
QCL,Crops and livestock products,170,Peru,5312,Area harvested,1312,2024,2024,ha,175712,A,Official value,,Banana
QCL,Crops and livestock products,170,Peru,5412,Yield,1312,2024,2024,kg/ha,13336.1,A,Official value,,Banana
QCL,Crops and livestock products,170,Peru,5510,Production,1312,2024,2024,t,2343310.52,A,Official value,,Banana
QCL,Crops and livestock products,171,Philippines,5312,Area harvested,1312,2010,2010,ha,449443,A,Official value,,Banana
QCL,Crops and livestock products,171,Philippines,5412,Yield,1312,2010,2010,kg/ha,20250.3,A,Official value,,Banana
QCL,Crops and livestock products,171,Philippines,5510,Production,1312,2010,2010,t,9101341,A,Official value,,Banana
QCL,Crops and livestock products,171,Philippines,5312,Area harvested,1312,2011,2011,ha,450125,A,Official value,,Banana
QCL,Crops and livestock products,171,Philippines,5412,Yield,1312,2011,2011,kg/ha,20361.1,A,Official value,,Banana
QCL,Crops and livestock products,171,Philippines,5510,Production,1312,2011,2011,t,9165046.44,A,Official value,,Banana
QCL,Crops and livestock products,171,Philippines,5312,Area harvested,1312,2012,2012,ha,454262,A,Official value,,Banana
QCL,Crops and livestock products,171,Philippines,5412,Yield,1312,2012,2012,kg/ha,20311.6,A,Official value,,Banana
QCL,Crops and livestock products,171,Philippines,5510,Production,1312,2012,2012,t,9226768.08,A,Official value,,Banana
QCL,Crops and livestock products,171,Philippines,5312,Area harvested,1312,2013,2013,ha,446017,A,Official value,,Banana
QCL,Crops and livestock products,171,Philippines,5412,Yield,1312,2013,2013,kg/ha,19385.8,A,Official value,,Banana
QCL,Crops and livestock products,171,Philippines,5510,Production,1312,2013,2013,t,8646416.59,A,Official value,,Banana
QCL,Crops and livestock products,171,Philippines,5312,Area harvested,1312,2014,2014,ha,181715,A,Official value,,Banana
QCL,Crops and livestock products,171,Philippines,5412,Yield,1312,2014,2014,kg/ha,31406.7,A,Official value,,Banana
QCL,Crops and livestock products,171,Philippines,5510,Production,1312,2014,2014,t,5707073.68,A,Official value,,Banana
QCL,Crops and livestock products,171,Philippines,5312,Area harvested,1312,2015,2015,ha,182973,A,Official value,,Banana
QCL,Crops and livestock products,171,Philippines,5412,Yield,1312,2015,2015,kg/ha,31918,A,Official value,,Banana
QCL,Crops and livestock products,171,Philippines,5510,Production,1312,2015,2015,t,5840123.6,A,Official value,,Banana
QCL,Crops and livestock products,171,Philippines,5312,Area harvested,1312,2016,2016,ha,181824,A,Official value,,Banana
QCL,Crops and livestock products,171,Philippines,5412,Yield,1312,2016,2016,kg/ha,32059.2,A,Official value,,Banana
QCL,Crops and livestock products,171,Philippines,5510,Production,1312,2016,2016,t,5829141.84,A,Official value,,Banana
QCL,Crops and livestock products,171,Philippines,5312,Area harvested,1312,2017,2017,ha,183529,A,Official value,,Banana
QCL,Crops and livestock products,171,Philippines,5412,Yield,1312,2017,2017,kg/ha,32917.8,A,Official value,,Banana
QCL,Crops and livestock products,171,Philippines,5510,Production,1312,2017,2017,t,6041369.4,A,Official value,,Banana
QCL,Crops and livestock products,171,Philippines,5312,Area harvested,1312,2018,2018,ha,184247,A,Official value,,Banana
QCL,Crops and livestock products,171,Philippines,5412,Yield,1312,2018,2018,kg/ha,33348.5,A,Official value,,Banana
QCL,Crops and livestock products,171,Philippines,5510,Production,1312,2018,2018,t,6144373.92,A,Official value,,Banana
QCL,Crops and livestock products,171,Philippines,5312,Area harvested,1312,2019,2019,ha,185894,A,Official value,,Banana
QCL,Crops and livestock products,171,Philippines,5412,Yield,1312,2019,2019,kg/ha,32543.2,A,Official value,,Banana
QCL,Crops and livestock products,171,Philippines,5510,Production,1312,2019,2019,t,6049600.71,A,Official value,,Banana
QCL,Crops and livestock products,171,Philippines,5312,Area harvested,1312,2020,2020,ha,187598,A,Official value,,Banana
QCL,Crops and livestock products,171,Philippines,5412,Yield,1312,2020,2020,kg/ha,31745,A,Official value,,Banana
QCL,Crops and livestock products,171,Philippines,5510,Production,1312,2020,2020,t,5955310.74,A,Official value,,Banana
QCL,Crops and livestock products,171,Philippines,5312,Area harvested,1312,2021,2021,ha,186460,A,Official value,,Banana
QCL,Crops and livestock products,171,Philippines,5412,Yield,1312,2021,2021,kg/ha,31868.6,A,Official value,,Banana
QCL,Crops and livestock products,171,Philippines,5510,Production,1312,2021,2021,t,5942214.98,A,Official value,,Banana
QCL,Crops and livestock products,171,Philippines,5312,Area harvested,1312,2022,2022,ha,184859,A,Official value,,Banana
QCL,Crops and livestock products,171,Philippines,5412,Yield,1312,2022,2022,kg/ha,31914.7,A,Official value,,Banana
QCL,Crops and livestock products,171,Philippines,5510,Production,1312,2022,2022,t,5899704.79,A,Official value,,Banana
QCL,Crops and livestock products,171,Philippines,5312,Area harvested,1312,2023,2023,ha,185023,A,Official value,,Banana
QCL,Crops and livestock products,171,Philippines,5412,Yield,1312,2023,2023,kg/ha,31733.4,A,Official value,,Banana
QCL,Crops and livestock products,171,Philippines,5510,Production,1312,2023,2023,t,5871408.36,A,Official value,,Banana
QCL,Crops and livestock products,171,Philippines,5312,Area harvested,1312,2024,2024,ha,186270,A,Official value,,Banana
QCL,Crops and livestock products,171,Philippines,5412,Yield,1312,2024,2024,kg/ha,30284.7,A,Official value,,Banana
QCL,Crops and livestock products,171,Philippines,5510,Production,1312,2024,2024,t,5641129.78,A,Official value,,Banana
QCL,Crops and livestock products,173,Poland,5312,Area harvested,1312,2018,2018,ha,0,A,Official value,,Banana
QCL,Crops and livestock products,173,Poland,5510,Production,1312,2018,2018,t,0,A,Official value,,Banana
QCL,Crops and livestock products,173,Poland,5312,Area harvested,1312,2019,2019,ha,0,A,Official value,,Banana
QCL,Crops and livestock products,173,Poland,5510,Production,1312,2019,2019,t,0,A,Official value,,Banana
QCL,Crops and livestock products,173,Poland,5312,Area harvested,1312,2020,2020,ha,0,A,Official value,,Banana
QCL,Crops and livestock products,173,Poland,5510,Production,1312,2020,2020,t,0,A,Official value,,Banana
QCL,Crops and livestock products,173,Poland,5312,Area harvested,1312,2021,2021,ha,0,A,Official value,,Banana
QCL,Crops and livestock products,173,Poland,5510,Production,1312,2021,2021,t,0,A,Official value,,Banana
QCL,Crops and livestock products,173,Poland,5312,Area harvested,1312,2022,2022,ha,0,A,Official value,,Banana
QCL,Crops and livestock products,173,Poland,5510,Production,1312,2022,2022,t,0,A,Official value,,Banana
QCL,Crops and livestock products,173,Poland,5312,Area harvested,1312,2023,2023,ha,0,A,Official value,,Banana
QCL,Crops and livestock products,173,Poland,5510,Production,1312,2023,2023,t,0,A,Official value,,Banana
QCL,Crops and livestock products,173,Poland,5312,Area harvested,1312,2024,2024,ha,0,A,Official value,,Banana
QCL,Crops and livestock products,173,Poland,5510,Production,1312,2024,2024,t,0,A,Official value,,Banana
QCL,Crops and livestock products,174,Portugal,5312,Area harvested,1312,2010,2010,ha,1005,A,Official value,,Banana
QCL,Crops and livestock products,174,Portugal,5412,Yield,1312,2010,2010,kg/ha,20839.8,A,Official value,,Banana
QCL,Crops and livestock products,174,Portugal,5510,Production,1312,2010,2010,t,20944,A,Official value,,Banana
QCL,Crops and livestock products,174,Portugal,5312,Area harvested,1312,2011,2011,ha,1008,A,Official value,,Banana
QCL,Crops and livestock products,174,Portugal,5412,Yield,1312,2011,2011,kg/ha,20751,A,Official value,,Banana
QCL,Crops and livestock products,174,Portugal,5510,Production,1312,2011,2011,t,20917,A,Official value,,Banana
QCL,Crops and livestock products,174,Portugal,5312,Area harvested,1312,2012,2012,ha,1015,A,Official value,,Banana
QCL,Crops and livestock products,174,Portugal,5412,Yield,1312,2012,2012,kg/ha,22195.1,A,Official value,,Banana
QCL,Crops and livestock products,174,Portugal,5510,Production,1312,2012,2012,t,22528,A,Official value,,Banana
QCL,Crops and livestock products,174,Portugal,5312,Area harvested,1312,2013,2013,ha,1012,A,Official value,,Banana
QCL,Crops and livestock products,174,Portugal,5412,Yield,1312,2013,2013,kg/ha,20952.6,A,Official value,,Banana
QCL,Crops and livestock products,174,Portugal,5510,Production,1312,2013,2013,t,21204,A,Official value,,Banana
QCL,Crops and livestock products,174,Portugal,5312,Area harvested,1312,2014,2014,ha,1127,A,Official value,,Banana
QCL,Crops and livestock products,174,Portugal,5412,Yield,1312,2014,2014,kg/ha,21480,A,Official value,,Banana
QCL,Crops and livestock products,174,Portugal,5510,Production,1312,2014,2014,t,24208,A,Official value,,Banana
QCL,Crops and livestock products,174,Portugal,5312,Area harvested,1312,2015,2015,ha,1034,A,Official value,,Banana
QCL,Crops and livestock products,174,Portugal,5412,Yield,1312,2015,2015,kg/ha,23460.3,A,Official value,,Banana
QCL,Crops and livestock products,174,Portugal,5510,Production,1312,2015,2015,t,24258,A,Official value,,Banana
QCL,Crops and livestock products,174,Portugal,5312,Area harvested,1312,2016,2016,ha,1041,A,Official value,,Banana
QCL,Crops and livestock products,174,Portugal,5412,Yield,1312,2016,2016,kg/ha,25191.2,A,Official value,,Banana
QCL,Crops and livestock products,174,Portugal,5510,Production,1312,2016,2016,t,26224,A,Official value,,Banana
QCL,Crops and livestock products,174,Portugal,5312,Area harvested,1312,2017,2017,ha,1038,A,Official value,,Banana
QCL,Crops and livestock products,174,Portugal,5412,Yield,1312,2017,2017,kg/ha,26824.7,A,Official value,,Banana
QCL,Crops and livestock products,174,Portugal,5510,Production,1312,2017,2017,t,27844,A,Official value,,Banana
QCL,Crops and livestock products,174,Portugal,5312,Area harvested,1312,2018,2018,ha,1050,A,Official value,,Banana
QCL,Crops and livestock products,174,Portugal,5412,Yield,1312,2018,2018,kg/ha,21571.4,A,Official value,,Banana
QCL,Crops and livestock products,174,Portugal,5510,Production,1312,2018,2018,t,22650,A,Official value,,Banana
QCL,Crops and livestock products,174,Portugal,5312,Area harvested,1312,2019,2019,ha,1120,A,Official value,,Banana
QCL,Crops and livestock products,174,Portugal,5412,Yield,1312,2019,2019,kg/ha,24196.4,A,Official value,,Banana
QCL,Crops and livestock products,174,Portugal,5510,Production,1312,2019,2019,t,27100,A,Official value,,Banana
QCL,Crops and livestock products,174,Portugal,5312,Area harvested,1312,2020,2020,ha,1120,A,Official value,,Banana
QCL,Crops and livestock products,174,Portugal,5412,Yield,1312,2020,2020,kg/ha,23482.1,A,Official value,,Banana
QCL,Crops and livestock products,174,Portugal,5510,Production,1312,2020,2020,t,26300,A,Official value,,Banana
QCL,Crops and livestock products,174,Portugal,5312,Area harvested,1312,2021,2021,ha,1120,A,Official value,,Banana
QCL,Crops and livestock products,174,Portugal,5412,Yield,1312,2021,2021,kg/ha,22312.5,A,Official value,,Banana
QCL,Crops and livestock products,174,Portugal,5510,Production,1312,2021,2021,t,24990,A,Official value,,Banana
QCL,Crops and livestock products,174,Portugal,5312,Area harvested,1312,2022,2022,ha,1160,A,Official value,,Banana
QCL,Crops and livestock products,174,Portugal,5412,Yield,1312,2022,2022,kg/ha,24534.5,A,Official value,,Banana
QCL,Crops and livestock products,174,Portugal,5510,Production,1312,2022,2022,t,28460,A,Official value,,Banana
QCL,Crops and livestock products,174,Portugal,5312,Area harvested,1312,2023,2023,ha,1170,A,Official value,,Banana
QCL,Crops and livestock products,174,Portugal,5412,Yield,1312,2023,2023,kg/ha,26478.6,A,Official value,,Banana
QCL,Crops and livestock products,174,Portugal,5510,Production,1312,2023,2023,t,30980,A,Official value,,Banana
QCL,Crops and livestock products,174,Portugal,5312,Area harvested,1312,2024,2024,ha,1180,A,Official value,,Banana
QCL,Crops and livestock products,174,Portugal,5412,Yield,1312,2024,2024,kg/ha,25618.6,A,Official value,,Banana
QCL,Crops and livestock products,174,Portugal,5510,Production,1312,2024,2024,t,30230,A,Official value,,Banana
QCL,Crops and livestock products,177,Puerto Rico,5312,Area harvested,1312,2010,2010,ha,2183,I,Value imputed by a receiving agency,,Banana
QCL,Crops and livestock products,177,Puerto Rico,5412,Yield,1312,2010,2010,kg/ha,37130.8,E,Estimated value,,Banana
QCL,Crops and livestock products,177,Puerto Rico,5510,Production,1312,2010,2010,t,81059.19,I,Value imputed by a receiving agency,,Banana
QCL,Crops and livestock products,177,Puerto Rico,5312,Area harvested,1312,2011,2011,ha,2113,I,Value imputed by a receiving agency,,Banana
QCL,Crops and livestock products,177,Puerto Rico,5412,Yield,1312,2011,2011,kg/ha,39763.5,E,Estimated value,,Banana
QCL,Crops and livestock products,177,Puerto Rico,5510,Production,1312,2011,2011,t,84022.78,I,Value imputed by a receiving agency,,Banana
QCL,Crops and livestock products,177,Puerto Rico,5312,Area harvested,1312,2012,2012,ha,2609,A,Official value,,Banana
QCL,Crops and livestock products,177,Puerto Rico,5412,Yield,1312,2012,2012,kg/ha,42283.5,E,Estimated value,,Banana
QCL,Crops and livestock products,177,Puerto Rico,5510,Production,1312,2012,2012,t,110317.58,I,Value imputed by a receiving agency,,Banana
QCL,Crops and livestock products,177,Puerto Rico,5312,Area harvested,1312,2013,2013,ha,1933,I,Value imputed by a receiving agency,,Banana
QCL,Crops and livestock products,177,Puerto Rico,5412,Yield,1312,2013,2013,kg/ha,44650.1,E,Estimated value,,Banana
QCL,Crops and livestock products,177,Puerto Rico,5510,Production,1312,2013,2013,t,86295.1,I,Value imputed by a receiving agency,,Banana
QCL,Crops and livestock products,177,Puerto Rico,5312,Area harvested,1312,2014,2014,ha,1551,A,Official value,,Banana
QCL,Crops and livestock products,177,Puerto Rico,5412,Yield,1312,2014,2014,kg/ha,47745.1,A,Official value,,Banana
QCL,Crops and livestock products,177,Puerto Rico,5510,Production,1312,2014,2014,t,74030.75,A,Official value,,Banana
QCL,Crops and livestock products,177,Puerto Rico,5312,Area harvested,1312,2015,2015,ha,1614,A,Official value,,Banana
QCL,Crops and livestock products,177,Puerto Rico,5412,Yield,1312,2015,2015,kg/ha,48521.4,A,Official value,,Banana
QCL,Crops and livestock products,177,Puerto Rico,5510,Production,1312,2015,2015,t,78311.07,A,Official value,,Banana
QCL,Crops and livestock products,177,Puerto Rico,5312,Area harvested,1312,2016,2016,ha,1776,I,Value imputed by a receiving agency,,Banana
QCL,Crops and livestock products,177,Puerto Rico,5412,Yield,1312,2016,2016,kg/ha,48787.5,E,Estimated value,,Banana
QCL,Crops and livestock products,177,Puerto Rico,5510,Production,1312,2016,2016,t,86627.25,I,Value imputed by a receiving agency,,Banana
QCL,Crops and livestock products,177,Puerto Rico,5312,Area harvested,1312,2017,2017,ha,1849,I,Value imputed by a receiving agency,,Banana
QCL,Crops and livestock products,177,Puerto Rico,5412,Yield,1312,2017,2017,kg/ha,49375.3,E,Estimated value,,Banana
QCL,Crops and livestock products,177,Puerto Rico,5510,Production,1312,2017,2017,t,91274.6,I,Value imputed by a receiving agency,,Banana
QCL,Crops and livestock products,177,Puerto Rico,5312,Area harvested,1312,2018,2018,ha,2046,A,Official value,,Banana
QCL,Crops and livestock products,177,Puerto Rico,5412,Yield,1312,2018,2018,kg/ha,49494.9,E,Estimated value,,Banana
QCL,Crops and livestock products,177,Puerto Rico,5510,Production,1312,2018,2018,t,101266.61,I,Value imputed by a receiving agency,,Banana
QCL,Crops and livestock products,177,Puerto Rico,5312,Area harvested,1312,2019,2019,ha,1994,I,Value imputed by a receiving agency,,Banana
QCL,Crops and livestock products,177,Puerto Rico,5412,Yield,1312,2019,2019,kg/ha,49831.9,E,Estimated value,,Banana
QCL,Crops and livestock products,177,Puerto Rico,5510,Production,1312,2019,2019,t,99383.26,I,Value imputed by a receiving agency,,Banana
QCL,Crops and livestock products,177,Puerto Rico,5312,Area harvested,1312,2020,2020,ha,1978,I,Value imputed by a receiving agency,,Banana
QCL,Crops and livestock products,177,Puerto Rico,5412,Yield,1312,2020,2020,kg/ha,50116.4,E,Estimated value,,Banana
QCL,Crops and livestock products,177,Puerto Rico,5510,Production,1312,2020,2020,t,99106.32,I,Value imputed by a receiving agency,,Banana
QCL,Crops and livestock products,177,Puerto Rico,5312,Area harvested,1312,2021,2021,ha,2002,I,Value imputed by a receiving agency,,Banana
QCL,Crops and livestock products,177,Puerto Rico,5412,Yield,1312,2021,2021,kg/ha,50315.6,E,Estimated value,,Banana
QCL,Crops and livestock products,177,Puerto Rico,5510,Production,1312,2021,2021,t,100749,I,Value imputed by a receiving agency,,Banana
QCL,Crops and livestock products,177,Puerto Rico,5312,Area harvested,1312,2022,2022,ha,2089,A,Official value,,Banana
QCL,Crops and livestock products,177,Puerto Rico,5412,Yield,1312,2022,2022,kg/ha,50263.3,E,Estimated value,,Banana
QCL,Crops and livestock products,177,Puerto Rico,5510,Production,1312,2022,2022,t,105000,E,Estimated value,,Banana
QCL,Crops and livestock products,177,Puerto Rico,5312,Area harvested,1312,2023,2023,ha,2053,I,Value imputed by a receiving agency,,Banana
QCL,Crops and livestock products,177,Puerto Rico,5412,Yield,1312,2023,2023,kg/ha,50755.9,E,Estimated value,,Banana
QCL,Crops and livestock products,177,Puerto Rico,5510,Production,1312,2023,2023,t,104177.8,I,Value imputed by a receiving agency,,Banana
QCL,Crops and livestock products,177,Puerto Rico,5312,Area harvested,1312,2024,2024,ha,2057,I,Value imputed by a receiving agency,,Banana
QCL,Crops and livestock products,177,Puerto Rico,5412,Yield,1312,2024,2024,kg/ha,52204.8,E,Estimated value,,Banana
QCL,Crops and livestock products,177,Puerto Rico,5510,Production,1312,2024,2024,t,107393.28,I,Value imputed by a receiving agency,,Banana
QCL,Crops and livestock products,117,Republic of Korea,5312,Area harvested,1312,2010,2010,ha,,M,Missing value; data cannot exist,,Banana
QCL,Crops and livestock products,117,Republic of Korea,5510,Production,1312,2010,2010,t,,M,Missing value; data cannot exist,,Banana
QCL,Crops and livestock products,117,Republic of Korea,5312,Area harvested,1312,2011,2011,ha,,M,Missing value; data cannot exist,,Banana
QCL,Crops and livestock products,117,Republic of Korea,5510,Production,1312,2011,2011,t,,M,Missing value; data cannot exist,,Banana
QCL,Crops and livestock products,117,Republic of Korea,5312,Area harvested,1312,2012,2012,ha,,M,Missing value; data cannot exist,,Banana
QCL,Crops and livestock products,117,Republic of Korea,5510,Production,1312,2012,2012,t,,M,Missing value; data cannot exist,,Banana
QCL,Crops and livestock products,117,Republic of Korea,5312,Area harvested,1312,2013,2013,ha,,M,Missing value; data cannot exist,,Banana
QCL,Crops and livestock products,117,Republic of Korea,5510,Production,1312,2013,2013,t,,M,Missing value; data cannot exist,,Banana
QCL,Crops and livestock products,117,Republic of Korea,5312,Area harvested,1312,2014,2014,ha,,M,Missing value; data cannot exist,,Banana
QCL,Crops and livestock products,117,Republic of Korea,5510,Production,1312,2014,2014,t,,M,Missing value; data cannot exist,,Banana
QCL,Crops and livestock products,117,Republic of Korea,5312,Area harvested,1312,2015,2015,ha,,M,Missing value; data cannot exist,,Banana
QCL,Crops and livestock products,117,Republic of Korea,5510,Production,1312,2015,2015,t,,M,Missing value; data cannot exist,,Banana
QCL,Crops and livestock products,117,Republic of Korea,5312,Area harvested,1312,2016,2016,ha,,M,Missing value; data cannot exist,,Banana
QCL,Crops and livestock products,117,Republic of Korea,5510,Production,1312,2016,2016,t,,M,Missing value; data cannot exist,,Banana
QCL,Crops and livestock products,117,Republic of Korea,5312,Area harvested,1312,2017,2017,ha,,M,Missing value; data cannot exist,,Banana
QCL,Crops and livestock products,117,Republic of Korea,5510,Production,1312,2017,2017,t,,M,Missing value; data cannot exist,,Banana
QCL,Crops and livestock products,117,Republic of Korea,5312,Area harvested,1312,2018,2018,ha,,M,Missing value; data cannot exist,,Banana
QCL,Crops and livestock products,117,Republic of Korea,5510,Production,1312,2018,2018,t,,M,Missing value; data cannot exist,,Banana
QCL,Crops and livestock products,117,Republic of Korea,5312,Area harvested,1312,2019,2019,ha,,M,Missing value; data cannot exist,,Banana
QCL,Crops and livestock products,117,Republic of Korea,5510,Production,1312,2019,2019,t,,M,Missing value; data cannot exist,,Banana
QCL,Crops and livestock products,117,Republic of Korea,5312,Area harvested,1312,2020,2020,ha,,M,Missing value; data cannot exist,,Banana
QCL,Crops and livestock products,117,Republic of Korea,5510,Production,1312,2020,2020,t,,M,Missing value; data cannot exist,,Banana
QCL,Crops and livestock products,117,Republic of Korea,5312,Area harvested,1312,2021,2021,ha,,M,Missing value; data cannot exist,,Banana
QCL,Crops and livestock products,117,Republic of Korea,5510,Production,1312,2021,2021,t,,M,Missing value; data cannot exist,,Banana
QCL,Crops and livestock products,117,Republic of Korea,5312,Area harvested,1312,2022,2022,ha,,M,Missing value; data cannot exist,,Banana
QCL,Crops and livestock products,117,Republic of Korea,5510,Production,1312,2022,2022,t,,M,Missing value; data cannot exist,,Banana
QCL,Crops and livestock products,117,Republic of Korea,5312,Area harvested,1312,2023,2023,ha,,M,Missing value; data cannot exist,,Banana
QCL,Crops and livestock products,117,Republic of Korea,5510,Production,1312,2023,2023,t,,M,Missing value; data cannot exist,,Banana
QCL,Crops and livestock products,117,Republic of Korea,5312,Area harvested,1312,2024,2024,ha,,M,Missing value; data cannot exist,,Banana
QCL,Crops and livestock products,117,Republic of Korea,5510,Production,1312,2024,2024,t,,M,Missing value; data cannot exist,,Banana
QCL,Crops and livestock products,183,Romania,5312,Area harvested,1312,2018,2018,ha,0,A,Official value,,Banana
QCL,Crops and livestock products,183,Romania,5510,Production,1312,2018,2018,t,0,A,Official value,,Banana
QCL,Crops and livestock products,183,Romania,5312,Area harvested,1312,2019,2019,ha,0,A,Official value,,Banana
QCL,Crops and livestock products,183,Romania,5510,Production,1312,2019,2019,t,0,A,Official value,,Banana
QCL,Crops and livestock products,183,Romania,5312,Area harvested,1312,2020,2020,ha,0,A,Official value,,Banana
QCL,Crops and livestock products,183,Romania,5510,Production,1312,2020,2020,t,0,A,Official value,,Banana
QCL,Crops and livestock products,183,Romania,5312,Area harvested,1312,2021,2021,ha,0,A,Official value,,Banana
QCL,Crops and livestock products,183,Romania,5510,Production,1312,2021,2021,t,0,A,Official value,,Banana
QCL,Crops and livestock products,183,Romania,5312,Area harvested,1312,2022,2022,ha,0,A,Official value,,Banana
QCL,Crops and livestock products,183,Romania,5510,Production,1312,2022,2022,t,0,A,Official value,,Banana
QCL,Crops and livestock products,183,Romania,5312,Area harvested,1312,2023,2023,ha,0,A,Official value,,Banana
QCL,Crops and livestock products,183,Romania,5510,Production,1312,2023,2023,t,0,A,Official value,,Banana
QCL,Crops and livestock products,183,Romania,5312,Area harvested,1312,2024,2024,ha,0,A,Official value,,Banana
QCL,Crops and livestock products,183,Romania,5510,Production,1312,2024,2024,t,0,A,Official value,,Banana
QCL,Crops and livestock products,184,Rwanda,5312,Area harvested,1312,2010,2010,ha,333773,A,Official value,,Banana
QCL,Crops and livestock products,184,Rwanda,5412,Yield,1312,2010,2010,kg/ha,8232.8,A,Official value,,Banana
QCL,Crops and livestock products,184,Rwanda,5510,Production,1312,2010,2010,t,2747880,A,Official value,,Banana
QCL,Crops and livestock products,184,Rwanda,5312,Area harvested,1312,2011,2011,ha,346411,A,Official value,,Banana
QCL,Crops and livestock products,184,Rwanda,5412,Yield,1312,2011,2011,kg/ha,8823.3,A,Official value,,Banana
QCL,Crops and livestock products,184,Rwanda,5510,Production,1312,2011,2011,t,3056480,A,Official value,,Banana
QCL,Crops and livestock products,184,Rwanda,5312,Area harvested,1312,2012,2012,ha,349052,A,Official value,,Banana
QCL,Crops and livestock products,184,Rwanda,5412,Yield,1312,2012,2012,kg/ha,9219.2,A,Official value,,Banana
QCL,Crops and livestock products,184,Rwanda,5510,Production,1312,2012,2012,t,3217976,A,Official value,,Banana
QCL,Crops and livestock products,184,Rwanda,5312,Area harvested,1312,2013,2013,ha,228501,I,Value imputed by a receiving agency,,Banana
QCL,Crops and livestock products,184,Rwanda,5412,Yield,1312,2013,2013,kg/ha,9709.3,E,Estimated value,,Banana
QCL,Crops and livestock products,184,Rwanda,5510,Production,1312,2013,2013,t,2218572,A,Official value,,Banana
QCL,Crops and livestock products,184,Rwanda,5312,Area harvested,1312,2014,2014,ha,176033,I,Value imputed by a receiving agency,,Banana
QCL,Crops and livestock products,184,Rwanda,5412,Yield,1312,2014,2014,kg/ha,10251.8,E,Estimated value,,Banana
QCL,Crops and livestock products,184,Rwanda,5510,Production,1312,2014,2014,t,1804649,A,Official value,,Banana
QCL,Crops and livestock products,184,Rwanda,5312,Area harvested,1312,2015,2015,ha,169491,I,Value imputed by a receiving agency,,Banana
QCL,Crops and livestock products,184,Rwanda,5412,Yield,1312,2015,2015,kg/ha,10990.8,E,Estimated value,,Banana
QCL,Crops and livestock products,184,Rwanda,5510,Production,1312,2015,2015,t,1862842,A,Official value,,Banana
QCL,Crops and livestock products,184,Rwanda,5312,Area harvested,1312,2016,2016,ha,151543,I,Value imputed by a receiving agency,,Banana
QCL,Crops and livestock products,184,Rwanda,5412,Yield,1312,2016,2016,kg/ha,12529.3,E,Estimated value,,Banana
QCL,Crops and livestock products,184,Rwanda,5510,Production,1312,2016,2016,t,1898725,A,Official value,,Banana
QCL,Crops and livestock products,184,Rwanda,5312,Area harvested,1312,2017,2017,ha,141029,I,Value imputed by a receiving agency,,Banana
QCL,Crops and livestock products,184,Rwanda,5412,Yield,1312,2017,2017,kg/ha,12330.8,E,Estimated value,,Banana
QCL,Crops and livestock products,184,Rwanda,5510,Production,1312,2017,2017,t,1739007,A,Official value,,Banana
QCL,Crops and livestock products,184,Rwanda,5312,Area harvested,1312,2018,2018,ha,125091,A,Official value,,Banana
QCL,Crops and livestock products,184,Rwanda,5412,Yield,1312,2018,2018,kg/ha,14147.3,A,Official value,,Banana
QCL,Crops and livestock products,184,Rwanda,5510,Production,1312,2018,2018,t,1769697,A,Official value,,Banana
QCL,Crops and livestock products,184,Rwanda,5312,Area harvested,1312,2019,2019,ha,157255,A,Official value,,Banana
QCL,Crops and livestock products,184,Rwanda,5412,Yield,1312,2019,2019,kg/ha,11753.1,A,Official value,,Banana
QCL,Crops and livestock products,184,Rwanda,5510,Production,1312,2019,2019,t,1848230,A,Official value,,Banana
QCL,Crops and livestock products,184,Rwanda,5312,Area harvested,1312,2020,2020,ha,178983,A,Official value,,Banana
QCL,Crops and livestock products,184,Rwanda,5412,Yield,1312,2020,2020,kg/ha,11353.4,A,Official value,,Banana
QCL,Crops and livestock products,184,Rwanda,5510,Production,1312,2020,2020,t,2032072,A,Official value,,Banana
QCL,Crops and livestock products,184,Rwanda,5312,Area harvested,1312,2021,2021,ha,187611,A,Official value,,Banana
QCL,Crops and livestock products,184,Rwanda,5412,Yield,1312,2021,2021,kg/ha,11427.2,A,Official value,,Banana
QCL,Crops and livestock products,184,Rwanda,5510,Production,1312,2021,2021,t,2143865,A,Official value,,Banana
QCL,Crops and livestock products,184,Rwanda,5312,Area harvested,1312,2022,2022,ha,191791,A,Official value,,Banana
QCL,Crops and livestock products,184,Rwanda,5412,Yield,1312,2022,2022,kg/ha,11515,A,Official value,,Banana
QCL,Crops and livestock products,184,Rwanda,5510,Production,1312,2022,2022,t,2208468,A,Official value,,Banana
QCL,Crops and livestock products,184,Rwanda,5312,Area harvested,1312,2023,2023,ha,195768,A,Official value,,Banana
QCL,Crops and livestock products,184,Rwanda,5412,Yield,1312,2023,2023,kg/ha,11793.5,A,Official value,,Banana
QCL,Crops and livestock products,184,Rwanda,5510,Production,1312,2023,2023,t,2308790,A,Official value,,Banana
QCL,Crops and livestock products,184,Rwanda,5312,Area harvested,1312,2024,2024,ha,202488,A,Official value,,Banana
QCL,Crops and livestock products,184,Rwanda,5412,Yield,1312,2024,2024,kg/ha,12036.4,A,Official value,,Banana
QCL,Crops and livestock products,184,Rwanda,5510,Production,1312,2024,2024,t,2437236,A,Official value,,Banana
QCL,Crops and livestock products,189,Saint Lucia,5312,Area harvested,1312,2010,2010,ha,477,I,Value imputed by a receiving agency,,Banana
QCL,Crops and livestock products,189,Saint Lucia,5412,Yield,1312,2010,2010,kg/ha,45536.7,E,Estimated value,,Banana
QCL,Crops and livestock products,189,Saint Lucia,5510,Production,1312,2010,2010,t,21702,X,Value from external organization,Unofficial figure,Banana
QCL,Crops and livestock products,189,Saint Lucia,5312,Area harvested,1312,2011,2011,ha,496,I,Value imputed by a receiving agency,,Banana
QCL,Crops and livestock products,189,Saint Lucia,5412,Yield,1312,2011,2011,kg/ha,45516.3,E,Estimated value,,Banana
QCL,Crops and livestock products,189,Saint Lucia,5510,Production,1312,2011,2011,t,22554.24,I,Value imputed by a receiving agency,,Banana
QCL,Crops and livestock products,189,Saint Lucia,5312,Area harvested,1312,2012,2012,ha,308,I,Value imputed by a receiving agency,,Banana
QCL,Crops and livestock products,189,Saint Lucia,5412,Yield,1312,2012,2012,kg/ha,45495.9,E,Estimated value,,Banana
QCL,Crops and livestock products,189,Saint Lucia,5510,Production,1312,2012,2012,t,14011.2,A,Official value,,Banana
QCL,Crops and livestock products,189,Saint Lucia,5312,Area harvested,1312,2013,2013,ha,391,I,Value imputed by a receiving agency,,Banana
QCL,Crops and livestock products,189,Saint Lucia,5412,Yield,1312,2013,2013,kg/ha,45475.6,E,Estimated value,,Banana
QCL,Crops and livestock products,189,Saint Lucia,5510,Production,1312,2013,2013,t,17763.87,I,Value imputed by a receiving agency,,Banana
QCL,Crops and livestock products,189,Saint Lucia,5312,Area harvested,1312,2014,2014,ha,416,I,Value imputed by a receiving agency,,Banana
QCL,Crops and livestock products,189,Saint Lucia,5412,Yield,1312,2014,2014,kg/ha,45454.9,E,Estimated value,,Banana
QCL,Crops and livestock products,189,Saint Lucia,5510,Production,1312,2014,2014,t,18916.89,I,Value imputed by a receiving agency,,Banana
QCL,Crops and livestock products,189,Saint Lucia,5312,Area harvested,1312,2015,2015,ha,384,I,Value imputed by a receiving agency,,Banana
QCL,Crops and livestock products,189,Saint Lucia,5412,Yield,1312,2015,2015,kg/ha,45437.5,E,Estimated value,,Banana
QCL,Crops and livestock products,189,Saint Lucia,5510,Production,1312,2015,2015,t,17460.82,I,Value imputed by a receiving agency,,Banana
QCL,Crops and livestock products,189,Saint Lucia,5312,Area harvested,1312,2016,2016,ha,349,I,Value imputed by a receiving agency,,Banana
QCL,Crops and livestock products,189,Saint Lucia,5412,Yield,1312,2016,2016,kg/ha,45416.9,E,Estimated value,,Banana
QCL,Crops and livestock products,189,Saint Lucia,5510,Production,1312,2016,2016,t,15869.29,I,Value imputed by a receiving agency,,Banana
QCL,Crops and livestock products,189,Saint Lucia,5312,Area harvested,1312,2017,2017,ha,386,A,Official value,,Banana
QCL,Crops and livestock products,189,Saint Lucia,5412,Yield,1312,2017,2017,kg/ha,45406.7,A,Official value,,Banana
QCL,Crops and livestock products,189,Saint Lucia,5510,Production,1312,2017,2017,t,17527,A,Official value,,Banana
QCL,Crops and livestock products,189,Saint Lucia,5312,Area harvested,1312,2018,2018,ha,422,A,Official value,,Banana
QCL,Crops and livestock products,189,Saint Lucia,5412,Yield,1312,2018,2018,kg/ha,45362.6,A,Official value,,Banana
QCL,Crops and livestock products,189,Saint Lucia,5510,Production,1312,2018,2018,t,19143,A,Official value,,Banana
QCL,Crops and livestock products,189,Saint Lucia,5312,Area harvested,1312,2019,2019,ha,357,A,Official value,,Banana
QCL,Crops and livestock products,189,Saint Lucia,5412,Yield,1312,2019,2019,kg/ha,45327.7,A,Official value,,Banana
QCL,Crops and livestock products,189,Saint Lucia,5510,Production,1312,2019,2019,t,16182,A,Official value,,Banana
QCL,Crops and livestock products,189,Saint Lucia,5312,Area harvested,1312,2020,2020,ha,322,A,Official value,,Banana
QCL,Crops and livestock products,189,Saint Lucia,5412,Yield,1312,2020,2020,kg/ha,30000,A,Official value,,Banana
QCL,Crops and livestock products,189,Saint Lucia,5510,Production,1312,2020,2020,t,9651,A,Official value,,Banana
QCL,Crops and livestock products,189,Saint Lucia,5312,Area harvested,1312,2021,2021,ha,200,A,Official value,,Banana
QCL,Crops and livestock products,189,Saint Lucia,5412,Yield,1312,2021,2021,kg/ha,30000,A,Official value,,Banana
QCL,Crops and livestock products,189,Saint Lucia,5510,Production,1312,2021,2021,t,6009,A,Official value,,Banana
QCL,Crops and livestock products,189,Saint Lucia,5312,Area harvested,1312,2022,2022,ha,234,A,Official value,,Banana
QCL,Crops and livestock products,189,Saint Lucia,5412,Yield,1312,2022,2022,kg/ha,30000,A,Official value,,Banana
QCL,Crops and livestock products,189,Saint Lucia,5510,Production,1312,2022,2022,t,7015,A,Official value,,Banana
QCL,Crops and livestock products,189,Saint Lucia,5312,Area harvested,1312,2023,2023,ha,125,A,Official value,,Banana
QCL,Crops and livestock products,189,Saint Lucia,5412,Yield,1312,2023,2023,kg/ha,30072,A,Official value,,Banana
QCL,Crops and livestock products,189,Saint Lucia,5510,Production,1312,2023,2023,t,3759,A,Official value,,Banana
QCL,Crops and livestock products,189,Saint Lucia,5312,Area harvested,1312,2024,2024,ha,96,I,Value imputed by a receiving agency,,Banana
QCL,Crops and livestock products,189,Saint Lucia,5412,Yield,1312,2024,2024,kg/ha,29738.1,E,Estimated value,,Banana
QCL,Crops and livestock products,189,Saint Lucia,5510,Production,1312,2024,2024,t,2843.7,I,Value imputed by a receiving agency,,Banana
QCL,Crops and livestock products,191,Saint Vincent and the Grenadines,5312,Area harvested,1312,2010,2010,ha,5600,E,Estimated value,,Banana
QCL,Crops and livestock products,191,Saint Vincent and the Grenadines,5412,Yield,1312,2010,2010,kg/ha,9851.8,E,Estimated value,,Banana
QCL,Crops and livestock products,191,Saint Vincent and the Grenadines,5510,Production,1312,2010,2010,t,55169.95,I,Value imputed by a receiving agency,,Banana
QCL,Crops and livestock products,191,Saint Vincent and the Grenadines,5312,Area harvested,1312,2011,2011,ha,6000,E,Estimated value,,Banana
QCL,Crops and livestock products,191,Saint Vincent and the Grenadines,5412,Yield,1312,2011,2011,kg/ha,9884.8,E,Estimated value,,Banana
QCL,Crops and livestock products,191,Saint Vincent and the Grenadines,5510,Production,1312,2011,2011,t,59308.55,I,Value imputed by a receiving agency,,Banana
QCL,Crops and livestock products,191,Saint Vincent and the Grenadines,5312,Area harvested,1312,2012,2012,ha,6000,E,Estimated value,,Banana
QCL,Crops and livestock products,191,Saint Vincent and the Grenadines,5412,Yield,1312,2012,2012,kg/ha,9948,E,Estimated value,,Banana
QCL,Crops and livestock products,191,Saint Vincent and the Grenadines,5510,Production,1312,2012,2012,t,59688.02,I,Value imputed by a receiving agency,,Banana
QCL,Crops and livestock products,191,Saint Vincent and the Grenadines,5312,Area harvested,1312,2013,2013,ha,5786,I,Value imputed by a receiving agency,,Banana
QCL,Crops and livestock products,191,Saint Vincent and the Grenadines,5412,Yield,1312,2013,2013,kg/ha,9939.2,E,Estimated value,,Banana
QCL,Crops and livestock products,191,Saint Vincent and the Grenadines,5510,Production,1312,2013,2013,t,57511.8,I,Value imputed by a receiving agency,,Banana
QCL,Crops and livestock products,191,Saint Vincent and the Grenadines,5312,Area harvested,1312,2014,2014,ha,6300,E,Estimated value,,Banana
QCL,Crops and livestock products,191,Saint Vincent and the Grenadines,5412,Yield,1312,2014,2014,kg/ha,9868.1,E,Estimated value,,Banana
QCL,Crops and livestock products,191,Saint Vincent and the Grenadines,5510,Production,1312,2014,2014,t,62169.12,I,Value imputed by a receiving agency,,Banana
QCL,Crops and livestock products,191,Saint Vincent and the Grenadines,5312,Area harvested,1312,2015,2015,ha,6101,I,Value imputed by a receiving agency,,Banana
QCL,Crops and livestock products,191,Saint Vincent and the Grenadines,5412,Yield,1312,2015,2015,kg/ha,9887.5,E,Estimated value,,Banana
QCL,Crops and livestock products,191,Saint Vincent and the Grenadines,5510,Production,1312,2015,2015,t,60324.72,I,Value imputed by a receiving agency,,Banana
QCL,Crops and livestock products,191,Saint Vincent and the Grenadines,5312,Area harvested,1312,2016,2016,ha,5919,I,Value imputed by a receiving agency,,Banana
QCL,Crops and livestock products,191,Saint Vincent and the Grenadines,5412,Yield,1312,2016,2016,kg/ha,9844,E,Estimated value,,Banana
QCL,Crops and livestock products,191,Saint Vincent and the Grenadines,5510,Production,1312,2016,2016,t,58269.44,I,Value imputed by a receiving agency,,Banana
QCL,Crops and livestock products,191,Saint Vincent and the Grenadines,5312,Area harvested,1312,2017,2017,ha,5930,I,Value imputed by a receiving agency,,Banana
QCL,Crops and livestock products,191,Saint Vincent and the Grenadines,5412,Yield,1312,2017,2017,kg/ha,9823.6,E,Estimated value,,Banana
QCL,Crops and livestock products,191,Saint Vincent and the Grenadines,5510,Production,1312,2017,2017,t,58251.05,I,Value imputed by a receiving agency,,Banana
QCL,Crops and livestock products,191,Saint Vincent and the Grenadines,5312,Area harvested,1312,2018,2018,ha,5915,I,Value imputed by a receiving agency,,Banana
QCL,Crops and livestock products,191,Saint Vincent and the Grenadines,5412,Yield,1312,2018,2018,kg/ha,9808.6,E,Estimated value,,Banana
QCL,Crops and livestock products,191,Saint Vincent and the Grenadines,5510,Production,1312,2018,2018,t,58015.59,I,Value imputed by a receiving agency,,Banana
QCL,Crops and livestock products,191,Saint Vincent and the Grenadines,5312,Area harvested,1312,2019,2019,ha,5907,I,Value imputed by a receiving agency,,Banana
QCL,Crops and livestock products,191,Saint Vincent and the Grenadines,5412,Yield,1312,2019,2019,kg/ha,9796.3,E,Estimated value,,Banana
QCL,Crops and livestock products,191,Saint Vincent and the Grenadines,5510,Production,1312,2019,2019,t,57870.21,I,Value imputed by a receiving agency,,Banana
QCL,Crops and livestock products,191,Saint Vincent and the Grenadines,5312,Area harvested,1312,2020,2020,ha,5956,I,Value imputed by a receiving agency,,Banana
QCL,Crops and livestock products,191,Saint Vincent and the Grenadines,5412,Yield,1312,2020,2020,kg/ha,9774.3,E,Estimated value,,Banana
QCL,Crops and livestock products,191,Saint Vincent and the Grenadines,5510,Production,1312,2020,2020,t,58211.4,I,Value imputed by a receiving agency,,Banana
QCL,Crops and livestock products,191,Saint Vincent and the Grenadines,5312,Area harvested,1312,2021,2021,ha,5930,I,Value imputed by a receiving agency,,Banana
QCL,Crops and livestock products,191,Saint Vincent and the Grenadines,5412,Yield,1312,2021,2021,kg/ha,9795.4,E,Estimated value,,Banana
QCL,Crops and livestock products,191,Saint Vincent and the Grenadines,5510,Production,1312,2021,2021,t,58088.28,I,Value imputed by a receiving agency,,Banana
QCL,Crops and livestock products,191,Saint Vincent and the Grenadines,5312,Area harvested,1312,2022,2022,ha,5968,I,Value imputed by a receiving agency,,Banana
QCL,Crops and livestock products,191,Saint Vincent and the Grenadines,5412,Yield,1312,2022,2022,kg/ha,9830.8,E,Estimated value,,Banana
QCL,Crops and livestock products,191,Saint Vincent and the Grenadines,5510,Production,1312,2022,2022,t,58673.97,I,Value imputed by a receiving agency,,Banana
QCL,Crops and livestock products,191,Saint Vincent and the Grenadines,5312,Area harvested,1312,2023,2023,ha,6018,I,Value imputed by a receiving agency,,Banana
QCL,Crops and livestock products,191,Saint Vincent and the Grenadines,5412,Yield,1312,2023,2023,kg/ha,9820.2,E,Estimated value,,Banana
QCL,Crops and livestock products,191,Saint Vincent and the Grenadines,5510,Production,1312,2023,2023,t,59094.3,I,Value imputed by a receiving agency,,Banana
QCL,Crops and livestock products,191,Saint Vincent and the Grenadines,5312,Area harvested,1312,2024,2024,ha,6064,I,Value imputed by a receiving agency,,Banana
QCL,Crops and livestock products,191,Saint Vincent and the Grenadines,5412,Yield,1312,2024,2024,kg/ha,9813.8,E,Estimated value,,Banana
QCL,Crops and livestock products,191,Saint Vincent and the Grenadines,5510,Production,1312,2024,2024,t,59514.64,I,Value imputed by a receiving agency,,Banana
QCL,Crops and livestock products,244,Samoa,5312,Area harvested,1312,2010,2010,ha,4954,I,Value imputed by a receiving agency,,Banana
QCL,Crops and livestock products,244,Samoa,5412,Yield,1312,2010,2010,kg/ha,5016.8,E,Estimated value,,Banana
QCL,Crops and livestock products,244,Samoa,5510,Production,1312,2010,2010,t,24853.82,I,Value imputed by a receiving agency,,Banana
QCL,Crops and livestock products,244,Samoa,5312,Area harvested,1312,2011,2011,ha,4866,I,Value imputed by a receiving agency,,Banana
QCL,Crops and livestock products,244,Samoa,5412,Yield,1312,2011,2011,kg/ha,5024.2,E,Estimated value,,Banana
QCL,Crops and livestock products,244,Samoa,5510,Production,1312,2011,2011,t,24449.15,I,Value imputed by a receiving agency,,Banana
QCL,Crops and livestock products,244,Samoa,5312,Area harvested,1312,2012,2012,ha,4778,I,Value imputed by a receiving agency,,Banana
QCL,Crops and livestock products,244,Samoa,5412,Yield,1312,2012,2012,kg/ha,5031.6,E,Estimated value,,Banana
QCL,Crops and livestock products,244,Samoa,5510,Production,1312,2012,2012,t,24039.24,I,Value imputed by a receiving agency,,Banana
QCL,Crops and livestock products,244,Samoa,5312,Area harvested,1312,2013,2013,ha,4680,I,Value imputed by a receiving agency,,Banana
QCL,Crops and livestock products,244,Samoa,5412,Yield,1312,2013,2013,kg/ha,5038.9,E,Estimated value,,Banana
QCL,Crops and livestock products,244,Samoa,5510,Production,1312,2013,2013,t,23580.86,I,Value imputed by a receiving agency,,Banana
QCL,Crops and livestock products,244,Samoa,5312,Area harvested,1312,2014,2014,ha,4504,I,Value imputed by a receiving agency,,Banana
QCL,Crops and livestock products,244,Samoa,5412,Yield,1312,2014,2014,kg/ha,5067.7,E,Estimated value,,Banana
QCL,Crops and livestock products,244,Samoa,5510,Production,1312,2014,2014,t,22822.9,I,Value imputed by a receiving agency,,Banana
QCL,Crops and livestock products,244,Samoa,5312,Area harvested,1312,2015,2015,ha,4311,A,Official value,,Banana
QCL,Crops and livestock products,244,Samoa,5412,Yield,1312,2015,2015,kg/ha,5083.2,E,Estimated value,,Banana
QCL,Crops and livestock products,244,Samoa,5510,Production,1312,2015,2015,t,21913.69,I,Value imputed by a receiving agency,,Banana
QCL,Crops and livestock products,244,Samoa,5312,Area harvested,1312,2016,2016,ha,3940,I,Value imputed by a receiving agency,,Banana
QCL,Crops and livestock products,244,Samoa,5412,Yield,1312,2016,2016,kg/ha,5607,E,Estimated value,,Banana
QCL,Crops and livestock products,244,Samoa,5510,Production,1312,2016,2016,t,22090.63,I,Value imputed by a receiving agency,,Banana
QCL,Crops and livestock products,244,Samoa,5312,Area harvested,1312,2017,2017,ha,3449,I,Value imputed by a receiving agency,,Banana
QCL,Crops and livestock products,244,Samoa,5412,Yield,1312,2017,2017,kg/ha,6506.9,E,Estimated value,,Banana
QCL,Crops and livestock products,244,Samoa,5510,Production,1312,2017,2017,t,22442.75,I,Value imputed by a receiving agency,,Banana
QCL,Crops and livestock products,244,Samoa,5312,Area harvested,1312,2018,2018,ha,2932,I,Value imputed by a receiving agency,,Banana
QCL,Crops and livestock products,244,Samoa,5412,Yield,1312,2018,2018,kg/ha,7752,E,Estimated value,,Banana
QCL,Crops and livestock products,244,Samoa,5510,Production,1312,2018,2018,t,22726.53,I,Value imputed by a receiving agency,,Banana
QCL,Crops and livestock products,244,Samoa,5312,Area harvested,1312,2019,2019,ha,2492,A,Official value,,Banana
QCL,Crops and livestock products,244,Samoa,5412,Yield,1312,2019,2019,kg/ha,9229.9,E,Estimated value,,Banana
QCL,Crops and livestock products,244,Samoa,5510,Production,1312,2019,2019,t,23000,E,Estimated value,,Banana
QCL,Crops and livestock products,244,Samoa,5312,Area harvested,1312,2020,2020,ha,2958,E,Estimated value,,Banana
QCL,Crops and livestock products,244,Samoa,5412,Yield,1312,2020,2020,kg/ha,7861.7,E,Estimated value,,Banana
QCL,Crops and livestock products,244,Samoa,5510,Production,1312,2020,2020,t,23251.4,I,Value imputed by a receiving agency,,Banana
QCL,Crops and livestock products,244,Samoa,5312,Area harvested,1312,2021,2021,ha,2794,E,Estimated value,,Banana
QCL,Crops and livestock products,244,Samoa,5412,Yield,1312,2021,2021,kg/ha,7829.3,E,Estimated value,,Banana
QCL,Crops and livestock products,244,Samoa,5510,Production,1312,2021,2021,t,21872.93,I,Value imputed by a receiving agency,,Banana
QCL,Crops and livestock products,244,Samoa,5312,Area harvested,1312,2022,2022,ha,2748,E,Estimated value,,Banana
QCL,Crops and livestock products,244,Samoa,5412,Yield,1312,2022,2022,kg/ha,7819,E,Estimated value,,Banana
QCL,Crops and livestock products,244,Samoa,5510,Production,1312,2022,2022,t,21484.46,I,Value imputed by a receiving agency,,Banana
QCL,Crops and livestock products,244,Samoa,5312,Area harvested,1312,2023,2023,ha,2833,E,Estimated value,,Banana
QCL,Crops and livestock products,244,Samoa,5412,Yield,1312,2023,2023,kg/ha,7837.2,E,Estimated value,,Banana
QCL,Crops and livestock products,244,Samoa,5510,Production,1312,2023,2023,t,22202.93,E,Estimated value,,Banana
QCL,Crops and livestock products,244,Samoa,5312,Area harvested,1312,2024,2024,ha,2791,E,Estimated value,,Banana
QCL,Crops and livestock products,244,Samoa,5412,Yield,1312,2024,2024,kg/ha,7828.6,E,Estimated value,,Banana
QCL,Crops and livestock products,244,Samoa,5510,Production,1312,2024,2024,t,21853.44,E,Estimated value,,Banana
QCL,Crops and livestock products,193,Sao Tome and Principe,5312,Area harvested,1312,2010,2010,ha,2467,I,Value imputed by a receiving agency,,Banana
QCL,Crops and livestock products,193,Sao Tome and Principe,5412,Yield,1312,2010,2010,kg/ha,14949.9,E,Estimated value,,Banana
QCL,Crops and livestock products,193,Sao Tome and Principe,5510,Production,1312,2010,2010,t,36877.29,I,Value imputed by a receiving agency,,Banana
QCL,Crops and livestock products,193,Sao Tome and Principe,5312,Area harvested,1312,2011,2011,ha,1031,A,Official value,,Banana
QCL,Crops and livestock products,193,Sao Tome and Principe,5412,Yield,1312,2011,2011,kg/ha,39206.9,A,Official value,,Banana
QCL,Crops and livestock products,193,Sao Tome and Principe,5510,Production,1312,2011,2011,t,40422.3,A,Official value,,Banana
QCL,Crops and livestock products,193,Sao Tome and Principe,5312,Area harvested,1312,2012,2012,ha,1715,I,Value imputed by a receiving agency,,Banana
QCL,Crops and livestock products,193,Sao Tome and Principe,5412,Yield,1312,2012,2012,kg/ha,23637.7,E,Estimated value,,Banana
QCL,Crops and livestock products,193,Sao Tome and Principe,5510,Production,1312,2012,2012,t,40542.2,A,Official value,,Banana
QCL,Crops and livestock products,193,Sao Tome and Principe,5312,Area harvested,1312,2013,2013,ha,2546,I,Value imputed by a receiving agency,,Banana
QCL,Crops and livestock products,193,Sao Tome and Principe,5412,Yield,1312,2013,2013,kg/ha,16150.9,E,Estimated value,,Banana
QCL,Crops and livestock products,193,Sao Tome and Principe,5510,Production,1312,2013,2013,t,41119.5,A,Official value,,Banana
QCL,Crops and livestock products,193,Sao Tome and Principe,5312,Area harvested,1312,2014,2014,ha,1843,I,Value imputed by a receiving agency,,Banana
QCL,Crops and livestock products,193,Sao Tome and Principe,5412,Yield,1312,2014,2014,kg/ha,16471.1,E,Estimated value,,Banana
QCL,Crops and livestock products,193,Sao Tome and Principe,5510,Production,1312,2014,2014,t,30362.88,I,Value imputed by a receiving agency,,Banana
QCL,Crops and livestock products,193,Sao Tome and Principe,5312,Area harvested,1312,2015,2015,ha,827,I,Value imputed by a receiving agency,,Banana
QCL,Crops and livestock products,193,Sao Tome and Principe,5412,Yield,1312,2015,2015,kg/ha,21964.5,E,Estimated value,,Banana
QCL,Crops and livestock products,193,Sao Tome and Principe,5510,Production,1312,2015,2015,t,18172.82,I,Value imputed by a receiving agency,,Banana
QCL,Crops and livestock products,193,Sao Tome and Principe,5312,Area harvested,1312,2016,2016,ha,290,I,Value imputed by a receiving agency,,Banana
QCL,Crops and livestock products,193,Sao Tome and Principe,5412,Yield,1312,2016,2016,kg/ha,24055.8,E,Estimated value,,Banana
QCL,Crops and livestock products,193,Sao Tome and Principe,5510,Production,1312,2016,2016,t,6972,A,Official value,,Banana
QCL,Crops and livestock products,193,Sao Tome and Principe,5312,Area harvested,1312,2017,2017,ha,282,I,Value imputed by a receiving agency,,Banana
QCL,Crops and livestock products,193,Sao Tome and Principe,5412,Yield,1312,2017,2017,kg/ha,23529.6,E,Estimated value,,Banana
QCL,Crops and livestock products,193,Sao Tome and Principe,5510,Production,1312,2017,2017,t,6624,A,Official value,,Banana
QCL,Crops and livestock products,193,Sao Tome and Principe,5312,Area harvested,1312,2018,2018,ha,270,I,Value imputed by a receiving agency,,Banana
QCL,Crops and livestock products,193,Sao Tome and Principe,5412,Yield,1312,2018,2018,kg/ha,23274.9,E,Estimated value,,Banana
QCL,Crops and livestock products,193,Sao Tome and Principe,5510,Production,1312,2018,2018,t,6293,A,Official value,,Banana
QCL,Crops and livestock products,193,Sao Tome and Principe,5312,Area harvested,1312,2019,2019,ha,247,I,Value imputed by a receiving agency,,Banana
QCL,Crops and livestock products,193,Sao Tome and Principe,5412,Yield,1312,2019,2019,kg/ha,24266.7,E,Estimated value,,Banana
QCL,Crops and livestock products,193,Sao Tome and Principe,5510,Production,1312,2019,2019,t,6002.41,I,Value imputed by a receiving agency,,Banana
QCL,Crops and livestock products,193,Sao Tome and Principe,5312,Area harvested,1312,2020,2020,ha,239,I,Value imputed by a receiving agency,,Banana
QCL,Crops and livestock products,193,Sao Tome and Principe,5412,Yield,1312,2020,2020,kg/ha,25069.2,E,Estimated value,,Banana
QCL,Crops and livestock products,193,Sao Tome and Principe,5510,Production,1312,2020,2020,t,6000,E,Estimated value,,Banana
QCL,Crops and livestock products,193,Sao Tome and Principe,5312,Area harvested,1312,2021,2021,ha,239,I,Value imputed by a receiving agency,,Banana
QCL,Crops and livestock products,193,Sao Tome and Principe,5412,Yield,1312,2021,2021,kg/ha,25065,E,Estimated value,,Banana
QCL,Crops and livestock products,193,Sao Tome and Principe,5510,Production,1312,2021,2021,t,6000,E,Estimated value,,Banana
QCL,Crops and livestock products,193,Sao Tome and Principe,5312,Area harvested,1312,2022,2022,ha,234,I,Value imputed by a receiving agency,,Banana
QCL,Crops and livestock products,193,Sao Tome and Principe,5412,Yield,1312,2022,2022,kg/ha,25406.1,E,Estimated value,,Banana
QCL,Crops and livestock products,193,Sao Tome and Principe,5510,Production,1312,2022,2022,t,5940.28,I,Value imputed by a receiving agency,,Banana
QCL,Crops and livestock products,193,Sao Tome and Principe,5312,Area harvested,1312,2023,2023,ha,216,I,Value imputed by a receiving agency,,Banana
QCL,Crops and livestock products,193,Sao Tome and Principe,5412,Yield,1312,2023,2023,kg/ha,25921,E,Estimated value,,Banana
QCL,Crops and livestock products,193,Sao Tome and Principe,5510,Production,1312,2023,2023,t,5601.43,I,Value imputed by a receiving agency,,Banana
QCL,Crops and livestock products,193,Sao Tome and Principe,5312,Area harvested,1312,2024,2024,ha,203,I,Value imputed by a receiving agency,,Banana
QCL,Crops and livestock products,193,Sao Tome and Principe,5412,Yield,1312,2024,2024,kg/ha,26435.9,E,Estimated value,,Banana
QCL,Crops and livestock products,193,Sao Tome and Principe,5510,Production,1312,2024,2024,t,5374.11,I,Value imputed by a receiving agency,,Banana
QCL,Crops and livestock products,194,Saudi Arabia,5312,Area harvested,1312,2019,2019,ha,,M,Missing value; data cannot exist,,Banana
QCL,Crops and livestock products,194,Saudi Arabia,5510,Production,1312,2019,2019,t,,M,Missing value; data cannot exist,,Banana
QCL,Crops and livestock products,194,Saudi Arabia,5312,Area harvested,1312,2020,2020,ha,700,E,Estimated value,,Banana
QCL,Crops and livestock products,194,Saudi Arabia,5412,Yield,1312,2020,2020,kg/ha,29028.6,E,Estimated value,,Banana
QCL,Crops and livestock products,194,Saudi Arabia,5510,Production,1312,2020,2020,t,20320,A,Official value,,Banana
QCL,Crops and livestock products,194,Saudi Arabia,5312,Area harvested,1312,2021,2021,ha,750,E,Estimated value,,Banana
QCL,Crops and livestock products,194,Saudi Arabia,5412,Yield,1312,2021,2021,kg/ha,29600,E,Estimated value,,Banana
QCL,Crops and livestock products,194,Saudi Arabia,5510,Production,1312,2021,2021,t,22200,A,Official value,,Banana
QCL,Crops and livestock products,194,Saudi Arabia,5312,Area harvested,1312,2022,2022,ha,750,E,Estimated value,,Banana
QCL,Crops and livestock products,194,Saudi Arabia,5412,Yield,1312,2022,2022,kg/ha,29866.7,E,Estimated value,,Banana
QCL,Crops and livestock products,194,Saudi Arabia,5510,Production,1312,2022,2022,t,22400,A,Official value,,Banana
QCL,Crops and livestock products,194,Saudi Arabia,5312,Area harvested,1312,2023,2023,ha,1200,A,Official value,,Banana
QCL,Crops and livestock products,194,Saudi Arabia,5412,Yield,1312,2023,2023,kg/ha,29752.5,A,Official value,,Banana
QCL,Crops and livestock products,194,Saudi Arabia,5510,Production,1312,2023,2023,t,35702.97,A,Official value,,Banana
QCL,Crops and livestock products,194,Saudi Arabia,5312,Area harvested,1312,2024,2024,ha,1161,I,Value imputed by a receiving agency,,Banana
QCL,Crops and livestock products,194,Saudi Arabia,5412,Yield,1312,2024,2024,kg/ha,29783.9,E,Estimated value,,Banana
QCL,Crops and livestock products,194,Saudi Arabia,5510,Production,1312,2024,2024,t,34585.31,I,Value imputed by a receiving agency,,Banana
QCL,Crops and livestock products,195,Senegal,5312,Area harvested,1312,2010,2010,ha,1719,I,Value imputed by a receiving agency,,Banana
QCL,Crops and livestock products,195,Senegal,5412,Yield,1312,2010,2010,kg/ha,23272.8,E,Estimated value,,Banana
QCL,Crops and livestock products,195,Senegal,5510,Production,1312,2010,2010,t,40000,A,Official value,,Banana
QCL,Crops and livestock products,195,Senegal,5312,Area harvested,1312,2011,2011,ha,1204,I,Value imputed by a receiving agency,,Banana
QCL,Crops and livestock products,195,Senegal,5412,Yield,1312,2011,2011,kg/ha,24911.4,E,Estimated value,,Banana
QCL,Crops and livestock products,195,Senegal,5510,Production,1312,2011,2011,t,30000,A,Official value,,Banana
QCL,Crops and livestock products,195,Senegal,5312,Area harvested,1312,2012,2012,ha,1426,I,Value imputed by a receiving agency,,Banana
QCL,Crops and livestock products,195,Senegal,5412,Yield,1312,2012,2012,kg/ha,24550.3,E,Estimated value,,Banana
QCL,Crops and livestock products,195,Senegal,5510,Production,1312,2012,2012,t,35000,A,Official value,,Banana
QCL,Crops and livestock products,195,Senegal,5312,Area harvested,1312,2013,2013,ha,1413,I,Value imputed by a receiving agency,,Banana
QCL,Crops and livestock products,195,Senegal,5412,Yield,1312,2013,2013,kg/ha,24769.1,E,Estimated value,,Banana
QCL,Crops and livestock products,195,Senegal,5510,Production,1312,2013,2013,t,35000,A,Official value,,Banana
QCL,Crops and livestock products,195,Senegal,5312,Area harvested,1312,2014,2014,ha,1410,I,Value imputed by a receiving agency,,Banana
QCL,Crops and livestock products,195,Senegal,5412,Yield,1312,2014,2014,kg/ha,25221.8,E,Estimated value,,Banana
QCL,Crops and livestock products,195,Senegal,5510,Production,1312,2014,2014,t,35575,A,Official value,,Banana
QCL,Crops and livestock products,195,Senegal,5312,Area harvested,1312,2015,2015,ha,1423,I,Value imputed by a receiving agency,,Banana
QCL,Crops and livestock products,195,Senegal,5412,Yield,1312,2015,2015,kg/ha,25657.9,E,Estimated value,,Banana
QCL,Crops and livestock products,195,Senegal,5510,Production,1312,2015,2015,t,36500,A,Official value,,Banana
QCL,Crops and livestock products,195,Senegal,5312,Area harvested,1312,2016,2016,ha,1428,I,Value imputed by a receiving agency,,Banana
QCL,Crops and livestock products,195,Senegal,5412,Yield,1312,2016,2016,kg/ha,25902.8,E,Estimated value,,Banana
QCL,Crops and livestock products,195,Senegal,5510,Production,1312,2016,2016,t,37000,A,Official value,,Banana
QCL,Crops and livestock products,195,Senegal,5312,Area harvested,1312,2017,2017,ha,1416,I,Value imputed by a receiving agency,,Banana
QCL,Crops and livestock products,195,Senegal,5412,Yield,1312,2017,2017,kg/ha,26133,E,Estimated value,,Banana
QCL,Crops and livestock products,195,Senegal,5510,Production,1312,2017,2017,t,37000,A,Official value,,Banana
QCL,Crops and livestock products,195,Senegal,5312,Area harvested,1312,2018,2018,ha,1141,I,Value imputed by a receiving agency,,Banana
QCL,Crops and livestock products,195,Senegal,5412,Yield,1312,2018,2018,kg/ha,26291.2,E,Estimated value,,Banana
QCL,Crops and livestock products,195,Senegal,5510,Production,1312,2018,2018,t,30000,A,Official value,,Banana
QCL,Crops and livestock products,195,Senegal,5312,Area harvested,1312,2019,2019,ha,1186,I,Value imputed by a receiving agency,,Banana
QCL,Crops and livestock products,195,Senegal,5412,Yield,1312,2019,2019,kg/ha,26504.8,E,Estimated value,,Banana
QCL,Crops and livestock products,195,Senegal,5510,Production,1312,2019,2019,t,31422,A,Official value,,Banana
QCL,Crops and livestock products,195,Senegal,5312,Area harvested,1312,2020,2020,ha,1369,I,Value imputed by a receiving agency,,Banana
QCL,Crops and livestock products,195,Senegal,5412,Yield,1312,2020,2020,kg/ha,26660.1,E,Estimated value,,Banana
QCL,Crops and livestock products,195,Senegal,5510,Production,1312,2020,2020,t,36500,A,Official value,,Banana
QCL,Crops and livestock products,195,Senegal,5312,Area harvested,1312,2021,2021,ha,1326,I,Value imputed by a receiving agency,,Banana
QCL,Crops and livestock products,195,Senegal,5412,Yield,1312,2021,2021,kg/ha,26772.4,E,Estimated value,,Banana
QCL,Crops and livestock products,195,Senegal,5510,Production,1312,2021,2021,t,35500,A,Official value,,Banana
QCL,Crops and livestock products,195,Senegal,5312,Area harvested,1312,2022,2022,ha,1361,I,Value imputed by a receiving agency,,Banana
QCL,Crops and livestock products,195,Senegal,5412,Yield,1312,2022,2022,kg/ha,26448.8,E,Estimated value,,Banana
QCL,Crops and livestock products,195,Senegal,5510,Production,1312,2022,2022,t,36000,A,Official value,,Banana
QCL,Crops and livestock products,195,Senegal,5312,Area harvested,1312,2023,2023,ha,1412,I,Value imputed by a receiving agency,,Banana
QCL,Crops and livestock products,195,Senegal,5412,Yield,1312,2023,2023,kg/ha,26561.3,E,Estimated value,,Banana
QCL,Crops and livestock products,195,Senegal,5510,Production,1312,2023,2023,t,37500,A,Official value,,Banana
QCL,Crops and livestock products,195,Senegal,5312,Area harvested,1312,2024,2024,ha,1448,I,Value imputed by a receiving agency,,Banana
QCL,Crops and livestock products,195,Senegal,5412,Yield,1312,2024,2024,kg/ha,26673.8,E,Estimated value,,Banana
QCL,Crops and livestock products,195,Senegal,5510,Production,1312,2024,2024,t,38625,A,Official value,,Banana
QCL,Crops and livestock products,196,Seychelles,5312,Area harvested,1312,2010,2010,ha,90,E,Estimated value,,Banana
QCL,Crops and livestock products,196,Seychelles,5412,Yield,1312,2010,2010,kg/ha,19777.8,E,Estimated value,,Banana
QCL,Crops and livestock products,196,Seychelles,5510,Production,1312,2010,2010,t,1780,E,Estimated value,,Banana
QCL,Crops and livestock products,196,Seychelles,5312,Area harvested,1312,2011,2011,ha,90,A,Official value,,Banana
QCL,Crops and livestock products,196,Seychelles,5412,Yield,1312,2011,2011,kg/ha,20344.4,A,Official value,,Banana
QCL,Crops and livestock products,196,Seychelles,5510,Production,1312,2011,2011,t,1831,A,Official value,,Banana
QCL,Crops and livestock products,196,Seychelles,5312,Area harvested,1312,2012,2012,ha,95,E,Estimated value,,Banana
QCL,Crops and livestock products,196,Seychelles,5412,Yield,1312,2012,2012,kg/ha,21052.6,E,Estimated value,,Banana
QCL,Crops and livestock products,196,Seychelles,5510,Production,1312,2012,2012,t,2000,E,Estimated value,,Banana
QCL,Crops and livestock products,196,Seychelles,5312,Area harvested,1312,2013,2013,ha,96,I,Value imputed by a receiving agency,,Banana
QCL,Crops and livestock products,196,Seychelles,5412,Yield,1312,2013,2013,kg/ha,20834.9,E,Estimated value,,Banana
QCL,Crops and livestock products,196,Seychelles,5510,Production,1312,2013,2013,t,2006.02,I,Value imputed by a receiving agency,,Banana
QCL,Crops and livestock products,196,Seychelles,5312,Area harvested,1312,2014,2014,ha,95,I,Value imputed by a receiving agency,,Banana
QCL,Crops and livestock products,196,Seychelles,5412,Yield,1312,2014,2014,kg/ha,20844.3,E,Estimated value,,Banana
QCL,Crops and livestock products,196,Seychelles,5510,Production,1312,2014,2014,t,1983.27,I,Value imputed by a receiving agency,,Banana
QCL,Crops and livestock products,196,Seychelles,5312,Area harvested,1312,2015,2015,ha,96,I,Value imputed by a receiving agency,,Banana
QCL,Crops and livestock products,196,Seychelles,5412,Yield,1312,2015,2015,kg/ha,20683.8,E,Estimated value,,Banana
QCL,Crops and livestock products,196,Seychelles,5510,Production,1312,2015,2015,t,1980.18,I,Value imputed by a receiving agency,,Banana
QCL,Crops and livestock products,196,Seychelles,5312,Area harvested,1312,2016,2016,ha,96,I,Value imputed by a receiving agency,,Banana
QCL,Crops and livestock products,196,Seychelles,5412,Yield,1312,2016,2016,kg/ha,20733.5,E,Estimated value,,Banana
QCL,Crops and livestock products,196,Seychelles,5510,Production,1312,2016,2016,t,1980.09,I,Value imputed by a receiving agency,,Banana
QCL,Crops and livestock products,196,Seychelles,5312,Area harvested,1312,2017,2017,ha,96,I,Value imputed by a receiving agency,,Banana
QCL,Crops and livestock products,196,Seychelles,5412,Yield,1312,2017,2017,kg/ha,20747.8,E,Estimated value,,Banana
QCL,Crops and livestock products,196,Seychelles,5510,Production,1312,2017,2017,t,1982.24,I,Value imputed by a receiving agency,,Banana
QCL,Crops and livestock products,196,Seychelles,5312,Area harvested,1312,2018,2018,ha,97,I,Value imputed by a receiving agency,,Banana
QCL,Crops and livestock products,196,Seychelles,5412,Yield,1312,2018,2018,kg/ha,20634.6,E,Estimated value,,Banana
QCL,Crops and livestock products,196,Seychelles,5510,Production,1312,2018,2018,t,1991.88,I,Value imputed by a receiving agency,,Banana
QCL,Crops and livestock products,196,Seychelles,5312,Area harvested,1312,2019,2019,ha,97,I,Value imputed by a receiving agency,,Banana
QCL,Crops and livestock products,196,Seychelles,5412,Yield,1312,2019,2019,kg/ha,20547,E,Estimated value,,Banana
QCL,Crops and livestock products,196,Seychelles,5510,Production,1312,2019,2019,t,1999.46,I,Value imputed by a receiving agency,,Banana
QCL,Crops and livestock products,196,Seychelles,5312,Area harvested,1312,2020,2020,ha,98,I,Value imputed by a receiving agency,,Banana
QCL,Crops and livestock products,196,Seychelles,5412,Yield,1312,2020,2020,kg/ha,20511.5,E,Estimated value,,Banana
QCL,Crops and livestock products,196,Seychelles,5510,Production,1312,2020,2020,t,2011.56,I,Value imputed by a receiving agency,,Banana
QCL,Crops and livestock products,196,Seychelles,5312,Area harvested,1312,2021,2021,ha,98,I,Value imputed by a receiving agency,,Banana
QCL,Crops and livestock products,196,Seychelles,5412,Yield,1312,2021,2021,kg/ha,20533.6,E,Estimated value,,Banana
QCL,Crops and livestock products,196,Seychelles,5510,Production,1312,2021,2021,t,2013.95,I,Value imputed by a receiving agency,,Banana
QCL,Crops and livestock products,196,Seychelles,5312,Area harvested,1312,2022,2022,ha,98,I,Value imputed by a receiving agency,,Banana
QCL,Crops and livestock products,196,Seychelles,5412,Yield,1312,2022,2022,kg/ha,20425.8,E,Estimated value,,Banana
QCL,Crops and livestock products,196,Seychelles,5510,Production,1312,2022,2022,t,2008.06,I,Value imputed by a receiving agency,,Banana
QCL,Crops and livestock products,196,Seychelles,5312,Area harvested,1312,2023,2023,ha,99,I,Value imputed by a receiving agency,,Banana
QCL,Crops and livestock products,196,Seychelles,5412,Yield,1312,2023,2023,kg/ha,20365.8,E,Estimated value,,Banana
QCL,Crops and livestock products,196,Seychelles,5510,Production,1312,2023,2023,t,2012.23,I,Value imputed by a receiving agency,,Banana
QCL,Crops and livestock products,196,Seychelles,5312,Area harvested,1312,2024,2024,ha,99,I,Value imputed by a receiving agency,,Banana
QCL,Crops and livestock products,196,Seychelles,5412,Yield,1312,2024,2024,kg/ha,20305.7,E,Estimated value,,Banana
QCL,Crops and livestock products,196,Seychelles,5510,Production,1312,2024,2024,t,2016.39,I,Value imputed by a receiving agency,,Banana
QCL,Crops and livestock products,200,Singapore,5312,Area harvested,1312,2010,2010,ha,,M,Missing value; data cannot exist,,Banana
QCL,Crops and livestock products,200,Singapore,5510,Production,1312,2010,2010,t,,M,Missing value; data cannot exist,,Banana
QCL,Crops and livestock products,200,Singapore,5312,Area harvested,1312,2011,2011,ha,,M,Missing value; data cannot exist,,Banana
QCL,Crops and livestock products,200,Singapore,5510,Production,1312,2011,2011,t,,M,Missing value; data cannot exist,,Banana
QCL,Crops and livestock products,200,Singapore,5312,Area harvested,1312,2012,2012,ha,,M,Missing value; data cannot exist,,Banana
QCL,Crops and livestock products,200,Singapore,5510,Production,1312,2012,2012,t,,M,Missing value; data cannot exist,,Banana
QCL,Crops and livestock products,200,Singapore,5312,Area harvested,1312,2013,2013,ha,,M,Missing value; data cannot exist,,Banana
QCL,Crops and livestock products,200,Singapore,5510,Production,1312,2013,2013,t,,M,Missing value; data cannot exist,,Banana
QCL,Crops and livestock products,200,Singapore,5312,Area harvested,1312,2014,2014,ha,,M,Missing value; data cannot exist,,Banana
QCL,Crops and livestock products,200,Singapore,5510,Production,1312,2014,2014,t,,M,Missing value; data cannot exist,,Banana
QCL,Crops and livestock products,200,Singapore,5312,Area harvested,1312,2015,2015,ha,,M,Missing value; data cannot exist,,Banana
QCL,Crops and livestock products,200,Singapore,5510,Production,1312,2015,2015,t,,M,Missing value; data cannot exist,,Banana
QCL,Crops and livestock products,200,Singapore,5312,Area harvested,1312,2016,2016,ha,,M,Missing value; data cannot exist,,Banana
QCL,Crops and livestock products,200,Singapore,5510,Production,1312,2016,2016,t,,M,Missing value; data cannot exist,,Banana
QCL,Crops and livestock products,200,Singapore,5312,Area harvested,1312,2017,2017,ha,,M,Missing value; data cannot exist,,Banana
QCL,Crops and livestock products,200,Singapore,5510,Production,1312,2017,2017,t,,M,Missing value; data cannot exist,,Banana
QCL,Crops and livestock products,200,Singapore,5312,Area harvested,1312,2018,2018,ha,,M,Missing value; data cannot exist,,Banana
QCL,Crops and livestock products,200,Singapore,5510,Production,1312,2018,2018,t,,M,Missing value; data cannot exist,,Banana
QCL,Crops and livestock products,200,Singapore,5312,Area harvested,1312,2019,2019,ha,,M,Missing value; data cannot exist,,Banana
QCL,Crops and livestock products,200,Singapore,5510,Production,1312,2019,2019,t,,M,Missing value; data cannot exist,,Banana
QCL,Crops and livestock products,200,Singapore,5312,Area harvested,1312,2020,2020,ha,,M,Missing value; data cannot exist,,Banana
QCL,Crops and livestock products,200,Singapore,5510,Production,1312,2020,2020,t,,M,Missing value; data cannot exist,,Banana
QCL,Crops and livestock products,200,Singapore,5312,Area harvested,1312,2021,2021,ha,,M,Missing value; data cannot exist,,Banana
QCL,Crops and livestock products,200,Singapore,5510,Production,1312,2021,2021,t,,M,Missing value; data cannot exist,,Banana
QCL,Crops and livestock products,200,Singapore,5312,Area harvested,1312,2022,2022,ha,,M,Missing value; data cannot exist,,Banana
QCL,Crops and livestock products,200,Singapore,5510,Production,1312,2022,2022,t,,M,Missing value; data cannot exist,,Banana
QCL,Crops and livestock products,200,Singapore,5312,Area harvested,1312,2023,2023,ha,,M,Missing value; data cannot exist,,Banana
QCL,Crops and livestock products,200,Singapore,5510,Production,1312,2023,2023,t,,M,Missing value; data cannot exist,,Banana
QCL,Crops and livestock products,200,Singapore,5312,Area harvested,1312,2024,2024,ha,,M,Missing value; data cannot exist,,Banana
QCL,Crops and livestock products,200,Singapore,5510,Production,1312,2024,2024,t,,M,Missing value; data cannot exist,,Banana
QCL,Crops and livestock products,199,Slovakia,5312,Area harvested,1312,2018,2018,ha,0,A,Official value,,Banana
QCL,Crops and livestock products,199,Slovakia,5510,Production,1312,2018,2018,t,0,A,Official value,,Banana
QCL,Crops and livestock products,199,Slovakia,5312,Area harvested,1312,2019,2019,ha,0,A,Official value,,Banana
QCL,Crops and livestock products,199,Slovakia,5510,Production,1312,2019,2019,t,0,A,Official value,,Banana
QCL,Crops and livestock products,199,Slovakia,5312,Area harvested,1312,2020,2020,ha,0,A,Official value,,Banana
QCL,Crops and livestock products,199,Slovakia,5510,Production,1312,2020,2020,t,0,A,Official value,,Banana
QCL,Crops and livestock products,199,Slovakia,5312,Area harvested,1312,2021,2021,ha,0,A,Official value,,Banana
QCL,Crops and livestock products,199,Slovakia,5510,Production,1312,2021,2021,t,0,A,Official value,,Banana
QCL,Crops and livestock products,199,Slovakia,5312,Area harvested,1312,2022,2022,ha,0,A,Official value,,Banana
QCL,Crops and livestock products,199,Slovakia,5510,Production,1312,2022,2022,t,0,A,Official value,,Banana
QCL,Crops and livestock products,199,Slovakia,5312,Area harvested,1312,2023,2023,ha,0,A,Official value,,Banana
QCL,Crops and livestock products,199,Slovakia,5510,Production,1312,2023,2023,t,0,A,Official value,,Banana
QCL,Crops and livestock products,199,Slovakia,5312,Area harvested,1312,2024,2024,ha,0,A,Official value,,Banana
QCL,Crops and livestock products,199,Slovakia,5510,Production,1312,2024,2024,t,0,A,Official value,,Banana
QCL,Crops and livestock products,198,Slovenia,5312,Area harvested,1312,2018,2018,ha,0,A,Official value,,Banana
QCL,Crops and livestock products,198,Slovenia,5510,Production,1312,2018,2018,t,0,A,Official value,,Banana
QCL,Crops and livestock products,198,Slovenia,5312,Area harvested,1312,2019,2019,ha,0,A,Official value,,Banana
QCL,Crops and livestock products,198,Slovenia,5510,Production,1312,2019,2019,t,0,A,Official value,,Banana
QCL,Crops and livestock products,198,Slovenia,5312,Area harvested,1312,2020,2020,ha,0,A,Official value,,Banana
QCL,Crops and livestock products,198,Slovenia,5510,Production,1312,2020,2020,t,0,A,Official value,,Banana
QCL,Crops and livestock products,198,Slovenia,5312,Area harvested,1312,2021,2021,ha,0,A,Official value,,Banana
QCL,Crops and livestock products,198,Slovenia,5510,Production,1312,2021,2021,t,0,A,Official value,,Banana
QCL,Crops and livestock products,198,Slovenia,5312,Area harvested,1312,2022,2022,ha,0,A,Official value,,Banana
QCL,Crops and livestock products,198,Slovenia,5510,Production,1312,2022,2022,t,0,A,Official value,,Banana
QCL,Crops and livestock products,198,Slovenia,5312,Area harvested,1312,2023,2023,ha,0,A,Official value,,Banana
QCL,Crops and livestock products,198,Slovenia,5510,Production,1312,2023,2023,t,0,A,Official value,,Banana
QCL,Crops and livestock products,198,Slovenia,5312,Area harvested,1312,2024,2024,ha,0,A,Official value,,Banana
QCL,Crops and livestock products,198,Slovenia,5510,Production,1312,2024,2024,t,0,A,Official value,,Banana
QCL,Crops and livestock products,25,Solomon Islands,5312,Area harvested,1312,2010,2010,ha,122,I,Value imputed by a receiving agency,,Banana
QCL,Crops and livestock products,25,Solomon Islands,5412,Yield,1312,2010,2010,kg/ha,2564.8,E,Estimated value,,Banana
QCL,Crops and livestock products,25,Solomon Islands,5510,Production,1312,2010,2010,t,313,I,Value imputed by a receiving agency,,Banana
QCL,Crops and livestock products,25,Solomon Islands,5312,Area harvested,1312,2011,2011,ha,125,I,Value imputed by a receiving agency,,Banana
QCL,Crops and livestock products,25,Solomon Islands,5412,Yield,1312,2011,2011,kg/ha,2463.6,E,Estimated value,,Banana
QCL,Crops and livestock products,25,Solomon Islands,5510,Production,1312,2011,2011,t,307.66,I,Value imputed by a receiving agency,,Banana
QCL,Crops and livestock products,25,Solomon Islands,5312,Area harvested,1312,2012,2012,ha,115,E,Estimated value,,Banana
QCL,Crops and livestock products,25,Solomon Islands,5412,Yield,1312,2012,2012,kg/ha,2217.4,E,Estimated value,,Banana
QCL,Crops and livestock products,25,Solomon Islands,5510,Production,1312,2012,2012,t,255,E,Estimated value,,Banana
QCL,Crops and livestock products,25,Solomon Islands,5312,Area harvested,1312,2013,2013,ha,128,I,Value imputed by a receiving agency,,Banana
QCL,Crops and livestock products,25,Solomon Islands,5412,Yield,1312,2013,2013,kg/ha,2353.2,E,Estimated value,,Banana
QCL,Crops and livestock products,25,Solomon Islands,5510,Production,1312,2013,2013,t,301.44,I,Value imputed by a receiving agency,,Banana
QCL,Crops and livestock products,25,Solomon Islands,5312,Area harvested,1312,2014,2014,ha,131,I,Value imputed by a receiving agency,,Banana
QCL,Crops and livestock products,25,Solomon Islands,5412,Yield,1312,2014,2014,kg/ha,2384.5,E,Estimated value,,Banana
QCL,Crops and livestock products,25,Solomon Islands,5510,Production,1312,2014,2014,t,313.41,I,Value imputed by a receiving agency,,Banana
QCL,Crops and livestock products,25,Solomon Islands,5312,Area harvested,1312,2015,2015,ha,142,I,Value imputed by a receiving agency,,Banana
QCL,Crops and livestock products,25,Solomon Islands,5412,Yield,1312,2015,2015,kg/ha,2207.8,E,Estimated value,,Banana
QCL,Crops and livestock products,25,Solomon Islands,5510,Production,1312,2015,2015,t,312.83,I,Value imputed by a receiving agency,,Banana
QCL,Crops and livestock products,25,Solomon Islands,5312,Area harvested,1312,2016,2016,ha,134,E,Estimated value,,Banana
QCL,Crops and livestock products,25,Solomon Islands,5412,Yield,1312,2016,2016,kg/ha,2353.8,E,Estimated value,,Banana
QCL,Crops and livestock products,25,Solomon Islands,5510,Production,1312,2016,2016,t,314.8,I,Value imputed by a receiving agency,,Banana
QCL,Crops and livestock products,25,Solomon Islands,5312,Area harvested,1312,2017,2017,ha,134,I,Value imputed by a receiving agency,,Banana
QCL,Crops and livestock products,25,Solomon Islands,5412,Yield,1312,2017,2017,kg/ha,2357.8,E,Estimated value,,Banana
QCL,Crops and livestock products,25,Solomon Islands,5510,Production,1312,2017,2017,t,315.43,I,Value imputed by a receiving agency,,Banana
QCL,Crops and livestock products,25,Solomon Islands,5312,Area harvested,1312,2018,2018,ha,138,I,Value imputed by a receiving agency,,Banana
QCL,Crops and livestock products,25,Solomon Islands,5412,Yield,1312,2018,2018,kg/ha,2298.5,E,Estimated value,,Banana
QCL,Crops and livestock products,25,Solomon Islands,5510,Production,1312,2018,2018,t,316.11,I,Value imputed by a receiving agency,,Banana
QCL,Crops and livestock products,25,Solomon Islands,5312,Area harvested,1312,2019,2019,ha,135,E,Estimated value,,Banana
QCL,Crops and livestock products,25,Solomon Islands,5412,Yield,1312,2019,2019,kg/ha,2343.5,E,Estimated value,,Banana
QCL,Crops and livestock products,25,Solomon Islands,5510,Production,1312,2019,2019,t,316.42,I,Value imputed by a receiving agency,,Banana
QCL,Crops and livestock products,25,Solomon Islands,5312,Area harvested,1312,2020,2020,ha,141,I,Value imputed by a receiving agency,,Banana
QCL,Crops and livestock products,25,Solomon Islands,5412,Yield,1312,2020,2020,kg/ha,2266.6,E,Estimated value,,Banana
QCL,Crops and livestock products,25,Solomon Islands,5510,Production,1312,2020,2020,t,318.86,I,Value imputed by a receiving agency,,Banana
QCL,Crops and livestock products,25,Solomon Islands,5312,Area harvested,1312,2021,2021,ha,138,E,Estimated value,,Banana
QCL,Crops and livestock products,25,Solomon Islands,5412,Yield,1312,2021,2021,kg/ha,2320.4,E,Estimated value,,Banana
QCL,Crops and livestock products,25,Solomon Islands,5510,Production,1312,2021,2021,t,319.62,I,Value imputed by a receiving agency,,Banana
QCL,Crops and livestock products,25,Solomon Islands,5312,Area harvested,1312,2022,2022,ha,138,E,Estimated value,,Banana
QCL,Crops and livestock products,25,Solomon Islands,5412,Yield,1312,2022,2022,kg/ha,2311.2,E,Estimated value,,Banana
QCL,Crops and livestock products,25,Solomon Islands,5510,Production,1312,2022,2022,t,318.51,I,Value imputed by a receiving agency,,Banana
QCL,Crops and livestock products,25,Solomon Islands,5312,Area harvested,1312,2023,2023,ha,139,E,Estimated value,,Banana
QCL,Crops and livestock products,25,Solomon Islands,5412,Yield,1312,2023,2023,kg/ha,2301.5,E,Estimated value,,Banana
QCL,Crops and livestock products,25,Solomon Islands,5510,Production,1312,2023,2023,t,319.32,I,Value imputed by a receiving agency,,Banana
QCL,Crops and livestock products,25,Solomon Islands,5312,Area harvested,1312,2024,2024,ha,138,E,Estimated value,,Banana
QCL,Crops and livestock products,25,Solomon Islands,5412,Yield,1312,2024,2024,kg/ha,2318.1,E,Estimated value,,Banana
QCL,Crops and livestock products,25,Solomon Islands,5510,Production,1312,2024,2024,t,320.13,I,Value imputed by a receiving agency,,Banana
QCL,Crops and livestock products,201,Somalia,5312,Area harvested,1312,2010,2010,ha,1649,I,Value imputed by a receiving agency,,Banana
QCL,Crops and livestock products,201,Somalia,5412,Yield,1312,2010,2010,kg/ha,17031.9,E,Estimated value,,Banana
QCL,Crops and livestock products,201,Somalia,5510,Production,1312,2010,2010,t,28088.62,I,Value imputed by a receiving agency,,Banana
QCL,Crops and livestock products,201,Somalia,5312,Area harvested,1312,2011,2011,ha,1579,I,Value imputed by a receiving agency,,Banana
QCL,Crops and livestock products,201,Somalia,5412,Yield,1312,2011,2011,kg/ha,17040.2,E,Estimated value,,Banana
QCL,Crops and livestock products,201,Somalia,5510,Production,1312,2011,2011,t,26906.38,I,Value imputed by a receiving agency,,Banana
QCL,Crops and livestock products,201,Somalia,5312,Area harvested,1312,2012,2012,ha,1509,I,Value imputed by a receiving agency,,Banana
QCL,Crops and livestock products,201,Somalia,5412,Yield,1312,2012,2012,kg/ha,17048.5,E,Estimated value,,Banana
QCL,Crops and livestock products,201,Somalia,5510,Production,1312,2012,2012,t,25724.13,I,Value imputed by a receiving agency,,Banana
QCL,Crops and livestock products,201,Somalia,5312,Area harvested,1312,2013,2013,ha,1439,I,Value imputed by a receiving agency,,Banana
QCL,Crops and livestock products,201,Somalia,5412,Yield,1312,2013,2013,kg/ha,17056.9,E,Estimated value,,Banana
QCL,Crops and livestock products,201,Somalia,5510,Production,1312,2013,2013,t,24541.89,I,Value imputed by a receiving agency,,Banana
QCL,Crops and livestock products,201,Somalia,5312,Area harvested,1312,2014,2014,ha,1368,I,Value imputed by a receiving agency,,Banana
QCL,Crops and livestock products,201,Somalia,5412,Yield,1312,2014,2014,kg/ha,17057.5,E,Estimated value,,Banana
QCL,Crops and livestock products,201,Somalia,5510,Production,1312,2014,2014,t,23338.85,I,Value imputed by a receiving agency,,Banana
QCL,Crops and livestock products,201,Somalia,5312,Area harvested,1312,2015,2015,ha,1310,I,Value imputed by a receiving agency,,Banana
QCL,Crops and livestock products,201,Somalia,5412,Yield,1312,2015,2015,kg/ha,17059.1,E,Estimated value,,Banana
QCL,Crops and livestock products,201,Somalia,5510,Production,1312,2015,2015,t,22341.55,I,Value imputed by a receiving agency,,Banana
QCL,Crops and livestock products,201,Somalia,5312,Area harvested,1312,2016,2016,ha,1372,E,Estimated value,,Banana
QCL,Crops and livestock products,201,Somalia,5412,Yield,1312,2016,2016,kg/ha,17057.8,E,Estimated value,,Banana
QCL,Crops and livestock products,201,Somalia,5510,Production,1312,2016,2016,t,23407.43,E,Estimated value,,Banana
QCL,Crops and livestock products,201,Somalia,5312,Area harvested,1312,2017,2017,ha,1415,I,Value imputed by a receiving agency,,Banana
QCL,Crops and livestock products,201,Somalia,5412,Yield,1312,2017,2017,kg/ha,17062.9,E,Estimated value,,Banana
QCL,Crops and livestock products,201,Somalia,5510,Production,1312,2017,2017,t,24141.14,I,Value imputed by a receiving agency,,Banana
QCL,Crops and livestock products,201,Somalia,5312,Area harvested,1312,2018,2018,ha,1366,E,Estimated value,,Banana
QCL,Crops and livestock products,201,Somalia,5412,Yield,1312,2018,2018,kg/ha,17060,E,Estimated value,,Banana
QCL,Crops and livestock products,201,Somalia,5510,Production,1312,2018,2018,t,23296.71,E,Estimated value,,Banana
QCL,Crops and livestock products,201,Somalia,5312,Area harvested,1312,2019,2019,ha,1384,E,Estimated value,,Banana
QCL,Crops and livestock products,201,Somalia,5412,Yield,1312,2019,2019,kg/ha,17060.2,E,Estimated value,,Banana
QCL,Crops and livestock products,201,Somalia,5510,Production,1312,2019,2019,t,23615.09,E,Estimated value,,Banana
QCL,Crops and livestock products,201,Somalia,5312,Area harvested,1312,2020,2020,ha,1384,I,Value imputed by a receiving agency,,Banana
QCL,Crops and livestock products,201,Somalia,5412,Yield,1312,2020,2020,kg/ha,17059,E,Estimated value,,Banana
QCL,Crops and livestock products,201,Somalia,5510,Production,1312,2020,2020,t,23618.19,I,Value imputed by a receiving agency,,Banana
QCL,Crops and livestock products,201,Somalia,5312,Area harvested,1312,2021,2021,ha,1378,E,Estimated value,,Banana
QCL,Crops and livestock products,201,Somalia,5412,Yield,1312,2021,2021,kg/ha,17059.7,E,Estimated value,,Banana
QCL,Crops and livestock products,201,Somalia,5510,Production,1312,2021,2021,t,23510,E,Estimated value,,Banana
QCL,Crops and livestock products,201,Somalia,5312,Area harvested,1312,2022,2022,ha,1382,E,Estimated value,,Banana
QCL,Crops and livestock products,201,Somalia,5412,Yield,1312,2022,2022,kg/ha,17059.7,E,Estimated value,,Banana
QCL,Crops and livestock products,201,Somalia,5510,Production,1312,2022,2022,t,23581.09,E,Estimated value,,Banana
QCL,Crops and livestock products,201,Somalia,5312,Area harvested,1312,2023,2023,ha,1382,E,Estimated value,,Banana
QCL,Crops and livestock products,201,Somalia,5412,Yield,1312,2023,2023,kg/ha,17059.5,E,Estimated value,,Banana
QCL,Crops and livestock products,201,Somalia,5510,Production,1312,2023,2023,t,23569.76,E,Estimated value,,Banana
QCL,Crops and livestock products,201,Somalia,5312,Area harvested,1312,2024,2024,ha,1381,E,Estimated value,,Banana
QCL,Crops and livestock products,201,Somalia,5412,Yield,1312,2024,2024,kg/ha,17059.6,E,Estimated value,,Banana
QCL,Crops and livestock products,201,Somalia,5510,Production,1312,2024,2024,t,23553.62,E,Estimated value,,Banana
QCL,Crops and livestock products,202,South Africa,5312,Area harvested,1312,2010,2010,ha,7852,I,Value imputed by a receiving agency,,Banana
QCL,Crops and livestock products,202,South Africa,5412,Yield,1312,2010,2010,kg/ha,50932.1,E,Estimated value,,Banana
QCL,Crops and livestock products,202,South Africa,5510,Production,1312,2010,2010,t,399898,A,Official value,,Banana
QCL,Crops and livestock products,202,South Africa,5312,Area harvested,1312,2011,2011,ha,7500,E,Estimated value,,Banana
QCL,Crops and livestock products,202,South Africa,5412,Yield,1312,2011,2011,kg/ha,51303.1,E,Estimated value,,Banana
QCL,Crops and livestock products,202,South Africa,5510,Production,1312,2011,2011,t,384773,A,Official value,,Banana
QCL,Crops and livestock products,202,South Africa,5312,Area harvested,1312,2012,2012,ha,7600,E,Estimated value,,Banana
QCL,Crops and livestock products,202,South Africa,5412,Yield,1312,2012,2012,kg/ha,50878.9,E,Estimated value,,Banana
QCL,Crops and livestock products,202,South Africa,5510,Production,1312,2012,2012,t,386680,A,Official value,,Banana
QCL,Crops and livestock products,202,South Africa,5312,Area harvested,1312,2013,2013,ha,7600,E,Estimated value,,Banana
QCL,Crops and livestock products,202,South Africa,5412,Yield,1312,2013,2013,kg/ha,55205.8,E,Estimated value,,Banana
QCL,Crops and livestock products,202,South Africa,5510,Production,1312,2013,2013,t,419564,A,Official value,,Banana
QCL,Crops and livestock products,202,South Africa,5312,Area harvested,1312,2014,2014,ha,8000,E,Estimated value,,Banana
QCL,Crops and livestock products,202,South Africa,5412,Yield,1312,2014,2014,kg/ha,57119,E,Estimated value,,Banana
QCL,Crops and livestock products,202,South Africa,5510,Production,1312,2014,2014,t,456952,A,Official value,,Banana
QCL,Crops and livestock products,202,South Africa,5312,Area harvested,1312,2015,2015,ha,7634,I,Value imputed by a receiving agency,,Banana
QCL,Crops and livestock products,202,South Africa,5412,Yield,1312,2015,2015,kg/ha,57017,E,Estimated value,,Banana
QCL,Crops and livestock products,202,South Africa,5510,Production,1312,2015,2015,t,435252,A,Official value,,Banana
QCL,Crops and livestock products,202,South Africa,5312,Area harvested,1312,2016,2016,ha,5442,I,Value imputed by a receiving agency,,Banana
QCL,Crops and livestock products,202,South Africa,5412,Yield,1312,2016,2016,kg/ha,56980.3,E,Estimated value,,Banana
QCL,Crops and livestock products,202,South Africa,5510,Production,1312,2016,2016,t,310070,A,Official value,,Banana
QCL,Crops and livestock products,202,South Africa,5312,Area harvested,1312,2017,2017,ha,5852,I,Value imputed by a receiving agency,,Banana
QCL,Crops and livestock products,202,South Africa,5412,Yield,1312,2017,2017,kg/ha,57280,E,Estimated value,,Banana
QCL,Crops and livestock products,202,South Africa,5510,Production,1312,2017,2017,t,335208,A,Official value,,Banana
QCL,Crops and livestock products,202,South Africa,5312,Area harvested,1312,2018,2018,ha,7724,I,Value imputed by a receiving agency,,Banana
QCL,Crops and livestock products,202,South Africa,5412,Yield,1312,2018,2018,kg/ha,57595.5,E,Estimated value,,Banana
QCL,Crops and livestock products,202,South Africa,5510,Production,1312,2018,2018,t,444879,A,Official value,,Banana
QCL,Crops and livestock products,202,South Africa,5312,Area harvested,1312,2019,2019,ha,7192,I,Value imputed by a receiving agency,,Banana
QCL,Crops and livestock products,202,South Africa,5412,Yield,1312,2019,2019,kg/ha,57867.5,E,Estimated value,,Banana
QCL,Crops and livestock products,202,South Africa,5510,Production,1312,2019,2019,t,416169,A,Official value,,Banana
QCL,Crops and livestock products,202,South Africa,5312,Area harvested,1312,2020,2020,ha,5541,I,Value imputed by a receiving agency,,Banana
QCL,Crops and livestock products,202,South Africa,5412,Yield,1312,2020,2020,kg/ha,58282.2,E,Estimated value,,Banana
QCL,Crops and livestock products,202,South Africa,5510,Production,1312,2020,2020,t,322915,A,Official value,,Banana
QCL,Crops and livestock products,202,South Africa,5312,Area harvested,1312,2021,2021,ha,5740,I,Value imputed by a receiving agency,,Banana
QCL,Crops and livestock products,202,South Africa,5412,Yield,1312,2021,2021,kg/ha,61246.9,E,Estimated value,,Banana
QCL,Crops and livestock products,202,South Africa,5510,Production,1312,2021,2021,t,351574,A,Official value,,Banana
QCL,Crops and livestock products,202,South Africa,5312,Area harvested,1312,2022,2022,ha,8146,I,Value imputed by a receiving agency,,Banana
QCL,Crops and livestock products,202,South Africa,5412,Yield,1312,2022,2022,kg/ha,61632.8,E,Estimated value,,Banana
QCL,Crops and livestock products,202,South Africa,5510,Production,1312,2022,2022,t,502069,A,Official value,,Banana
QCL,Crops and livestock products,202,South Africa,5312,Area harvested,1312,2023,2023,ha,6875,I,Value imputed by a receiving agency,,Banana
QCL,Crops and livestock products,202,South Africa,5412,Yield,1312,2023,2023,kg/ha,62366.7,E,Estimated value,,Banana
QCL,Crops and livestock products,202,South Africa,5510,Production,1312,2023,2023,t,428789.44,A,Official value,,Banana
QCL,Crops and livestock products,202,South Africa,5312,Area harvested,1312,2024,2024,ha,6829,I,Value imputed by a receiving agency,,Banana
QCL,Crops and livestock products,202,South Africa,5412,Yield,1312,2024,2024,kg/ha,63100.6,E,Estimated value,,Banana
QCL,Crops and livestock products,202,South Africa,5510,Production,1312,2024,2024,t,430924.96,A,Official value,,Banana
QCL,Crops and livestock products,203,Spain,5312,Area harvested,1312,2010,2010,ha,9117,A,Official value,,Banana
QCL,Crops and livestock products,203,Spain,5412,Yield,1312,2010,2010,kg/ha,43499.9,A,Official value,,Banana
QCL,Crops and livestock products,203,Spain,5510,Production,1312,2010,2010,t,396589,A,Official value,,Banana
QCL,Crops and livestock products,203,Spain,5312,Area harvested,1312,2011,2011,ha,9144,A,Official value,,Banana
QCL,Crops and livestock products,203,Spain,5412,Yield,1312,2011,2011,kg/ha,37893.7,A,Official value,,Banana
QCL,Crops and livestock products,203,Spain,5510,Production,1312,2011,2011,t,346500,A,Official value,,Banana
QCL,Crops and livestock products,203,Spain,5312,Area harvested,1312,2012,2012,ha,9164,A,Official value,,Banana
QCL,Crops and livestock products,203,Spain,5412,Yield,1312,2012,2012,kg/ha,40507.5,A,Official value,,Banana
QCL,Crops and livestock products,203,Spain,5510,Production,1312,2012,2012,t,371211,A,Official value,,Banana
QCL,Crops and livestock products,203,Spain,5312,Area harvested,1312,2013,2013,ha,9100,A,Official value,,Banana
QCL,Crops and livestock products,203,Spain,5412,Yield,1312,2013,2013,kg/ha,39670.3,A,Official value,,Banana
QCL,Crops and livestock products,203,Spain,5510,Production,1312,2013,2013,t,361000,A,Official value,,Banana
QCL,Crops and livestock products,203,Spain,5312,Area harvested,1312,2014,2014,ha,9130,A,Official value,,Banana
QCL,Crops and livestock products,203,Spain,5412,Yield,1312,2014,2014,kg/ha,40007.4,A,Official value,,Banana
QCL,Crops and livestock products,203,Spain,5510,Production,1312,2014,2014,t,365268,A,Official value,,Banana
QCL,Crops and livestock products,203,Spain,5312,Area harvested,1312,2015,2015,ha,8975,A,Official value,,Banana
QCL,Crops and livestock products,203,Spain,5412,Yield,1312,2015,2015,kg/ha,42560.8,A,Official value,,Banana
QCL,Crops and livestock products,203,Spain,5510,Production,1312,2015,2015,t,381983,A,Official value,,Banana
QCL,Crops and livestock products,203,Spain,5312,Area harvested,1312,2016,2016,ha,9040,A,Official value,,Banana
QCL,Crops and livestock products,203,Spain,5412,Yield,1312,2016,2016,kg/ha,45211.9,A,Official value,,Banana
QCL,Crops and livestock products,203,Spain,5510,Production,1312,2016,2016,t,408716,A,Official value,,Banana
QCL,Crops and livestock products,203,Spain,5312,Area harvested,1312,2017,2017,ha,9076,A,Official value,,Banana
QCL,Crops and livestock products,203,Spain,5412,Yield,1312,2017,2017,kg/ha,46420.6,A,Official value,,Banana
QCL,Crops and livestock products,203,Spain,5510,Production,1312,2017,2017,t,421313,A,Official value,,Banana
QCL,Crops and livestock products,203,Spain,5312,Area harvested,1312,2018,2018,ha,9090,A,Official value,,Banana
QCL,Crops and livestock products,203,Spain,5412,Yield,1312,2018,2018,kg/ha,42489.5,A,Official value,,Banana
QCL,Crops and livestock products,203,Spain,5510,Production,1312,2018,2018,t,386230,A,Official value,,Banana
QCL,Crops and livestock products,203,Spain,5312,Area harvested,1312,2019,2019,ha,9060,A,Official value,,Banana
QCL,Crops and livestock products,203,Spain,5412,Yield,1312,2019,2019,kg/ha,44008.8,A,Official value,,Banana
QCL,Crops and livestock products,203,Spain,5510,Production,1312,2019,2019,t,398720,A,Official value,,Banana
QCL,Crops and livestock products,203,Spain,5312,Area harvested,1312,2020,2020,ha,9100,A,Official value,,Banana
QCL,Crops and livestock products,203,Spain,5412,Yield,1312,2020,2020,kg/ha,46169.2,A,Official value,,Banana
QCL,Crops and livestock products,203,Spain,5510,Production,1312,2020,2020,t,420140,A,Official value,,Banana
QCL,Crops and livestock products,203,Spain,5312,Area harvested,1312,2021,2021,ha,9100,A,Official value,,Banana
QCL,Crops and livestock products,203,Spain,5412,Yield,1312,2021,2021,kg/ha,44957.1,A,Official value,,Banana
QCL,Crops and livestock products,203,Spain,5510,Production,1312,2021,2021,t,409110,A,Official value,,Banana
QCL,Crops and livestock products,203,Spain,5312,Area harvested,1312,2022,2022,ha,8890,A,Official value,,Banana
QCL,Crops and livestock products,203,Spain,5412,Yield,1312,2022,2022,kg/ha,39243,A,Official value,,Banana
QCL,Crops and livestock products,203,Spain,5510,Production,1312,2022,2022,t,348870,A,Official value,,Banana
QCL,Crops and livestock products,203,Spain,5312,Area harvested,1312,2023,2023,ha,8800,A,Official value,,Banana
QCL,Crops and livestock products,203,Spain,5412,Yield,1312,2023,2023,kg/ha,53097.7,A,Official value,,Banana
QCL,Crops and livestock products,203,Spain,5510,Production,1312,2023,2023,t,467260,A,Official value,,Banana
QCL,Crops and livestock products,203,Spain,5312,Area harvested,1312,2024,2024,ha,8760,A,Official value,,Banana
QCL,Crops and livestock products,203,Spain,5412,Yield,1312,2024,2024,kg/ha,48095.9,A,Official value,,Banana
QCL,Crops and livestock products,203,Spain,5510,Production,1312,2024,2024,t,421320,A,Official value,,Banana
QCL,Crops and livestock products,276,Sudan,5312,Area harvested,1312,2012,2012,ha,26250,A,Official value,,Banana
QCL,Crops and livestock products,276,Sudan,5412,Yield,1312,2012,2012,kg/ha,28571.4,A,Official value,,Banana
QCL,Crops and livestock products,276,Sudan,5510,Production,1312,2012,2012,t,750000,A,Official value,,Banana
QCL,Crops and livestock products,276,Sudan,5312,Area harvested,1312,2013,2013,ha,26513,A,Official value,,Banana
QCL,Crops and livestock products,276,Sudan,5412,Yield,1312,2013,2013,kg/ha,28570.9,A,Official value,,Banana
QCL,Crops and livestock products,276,Sudan,5510,Production,1312,2013,2013,t,757500,A,Official value,,Banana
QCL,Crops and livestock products,276,Sudan,5312,Area harvested,1312,2014,2014,ha,35000,A,Official value,,Banana
QCL,Crops and livestock products,276,Sudan,5412,Yield,1312,2014,2014,kg/ha,25971.4,A,Official value,,Banana
QCL,Crops and livestock products,276,Sudan,5510,Production,1312,2014,2014,t,909000,A,Official value,,Banana
QCL,Crops and livestock products,276,Sudan,5312,Area harvested,1312,2015,2015,ha,39774,A,Official value,,Banana
QCL,Crops and livestock products,276,Sudan,5412,Yield,1312,2015,2015,kg/ha,22879.3,A,Official value,,Banana
QCL,Crops and livestock products,276,Sudan,5510,Production,1312,2015,2015,t,910000,A,Official value,,Banana
QCL,Crops and livestock products,276,Sudan,5312,Area harvested,1312,2016,2016,ha,45108,A,Official value,,Banana
QCL,Crops and livestock products,276,Sudan,5412,Yield,1312,2016,2016,kg/ha,20176.2,A,Official value,,Banana
QCL,Crops and livestock products,276,Sudan,5510,Production,1312,2016,2016,t,910110,A,Official value,,Banana
QCL,Crops and livestock products,276,Sudan,5312,Area harvested,1312,2017,2017,ha,47000,A,Official value,,Banana
QCL,Crops and livestock products,276,Sudan,5412,Yield,1312,2017,2017,kg/ha,19751.1,A,Official value,,Banana
QCL,Crops and livestock products,276,Sudan,5510,Production,1312,2017,2017,t,928300,A,Official value,,Banana
QCL,Crops and livestock products,276,Sudan,5312,Area harvested,1312,2018,2018,ha,47000,A,Official value,,Banana
QCL,Crops and livestock products,276,Sudan,5412,Yield,1312,2018,2018,kg/ha,19430.1,A,Official value,,Banana
QCL,Crops and livestock products,276,Sudan,5510,Production,1312,2018,2018,t,913217,A,Official value,,Banana
QCL,Crops and livestock products,276,Sudan,5312,Area harvested,1312,2019,2019,ha,47000,A,Official value,,Banana
QCL,Crops and livestock products,276,Sudan,5412,Yield,1312,2019,2019,kg/ha,19543.9,A,Official value,,Banana
QCL,Crops and livestock products,276,Sudan,5510,Production,1312,2019,2019,t,918562,A,Official value,,Banana
QCL,Crops and livestock products,276,Sudan,5312,Area harvested,1312,2020,2020,ha,47000,A,Official value,,Banana
QCL,Crops and livestock products,276,Sudan,5412,Yield,1312,2020,2020,kg/ha,19658.3,A,Official value,,Banana
QCL,Crops and livestock products,276,Sudan,5510,Production,1312,2020,2020,t,923938.28,A,Official value,,Banana
QCL,Crops and livestock products,276,Sudan,5312,Area harvested,1312,2021,2021,ha,48019,I,Value imputed by a receiving agency,,Banana
QCL,Crops and livestock products,276,Sudan,5412,Yield,1312,2021,2021,kg/ha,19454.2,E,Estimated value,,Banana
QCL,Crops and livestock products,276,Sudan,5510,Production,1312,2021,2021,t,934178.01,I,Value imputed by a receiving agency,,Banana
QCL,Crops and livestock products,276,Sudan,5312,Area harvested,1312,2022,2022,ha,53285,I,Value imputed by a receiving agency,,Banana
QCL,Crops and livestock products,276,Sudan,5412,Yield,1312,2022,2022,kg/ha,17774.7,E,Estimated value,,Banana
QCL,Crops and livestock products,276,Sudan,5510,Production,1312,2022,2022,t,947118.76,I,Value imputed by a receiving agency,,Banana
QCL,Crops and livestock products,276,Sudan,5312,Area harvested,1312,2023,2023,ha,52404,I,Value imputed by a receiving agency,,Banana
QCL,Crops and livestock products,276,Sudan,5412,Yield,1312,2023,2023,kg/ha,18068.4,E,Estimated value,,Banana
QCL,Crops and livestock products,276,Sudan,5510,Production,1312,2023,2023,t,946863.27,I,Value imputed by a receiving agency,,Banana
QCL,Crops and livestock products,276,Sudan,5312,Area harvested,1312,2024,2024,ha,53668,I,Value imputed by a receiving agency,,Banana
QCL,Crops and livestock products,276,Sudan,5412,Yield,1312,2024,2024,kg/ha,17743.9,E,Estimated value,,Banana
QCL,Crops and livestock products,276,Sudan,5510,Production,1312,2024,2024,t,952279.2,I,Value imputed by a receiving agency,,Banana
QCL,Crops and livestock products,206,Sudan (former),5312,Area harvested,1312,2010,2010,ha,23940,A,Official value,,Banana
QCL,Crops and livestock products,206,Sudan (former),5412,Yield,1312,2010,2010,kg/ha,28571.4,A,Official value,,Banana
QCL,Crops and livestock products,206,Sudan (former),5510,Production,1312,2010,2010,t,684000,A,Official value,,Banana
QCL,Crops and livestock products,206,Sudan (former),5312,Area harvested,1312,2011,2011,ha,24024,A,Official value,,Banana
QCL,Crops and livestock products,206,Sudan (former),5412,Yield,1312,2011,2011,kg/ha,28596.4,A,Official value,,Banana
QCL,Crops and livestock products,206,Sudan (former),5510,Production,1312,2011,2011,t,687000,A,Official value,,Banana
QCL,Crops and livestock products,207,Suriname,5312,Area harvested,1312,2010,2010,ha,2081,A,Official value,,Banana
QCL,Crops and livestock products,207,Suriname,5412,Yield,1312,2010,2010,kg/ha,45301.3,A,Official value,,Banana
QCL,Crops and livestock products,207,Suriname,5510,Production,1312,2010,2010,t,94272,A,Official value,,Banana
QCL,Crops and livestock products,207,Suriname,5312,Area harvested,1312,2011,2011,ha,2044,A,Official value,,Banana
QCL,Crops and livestock products,207,Suriname,5412,Yield,1312,2011,2011,kg/ha,41593.4,A,Official value,,Banana
QCL,Crops and livestock products,207,Suriname,5510,Production,1312,2011,2011,t,85017,A,Official value,,Banana
QCL,Crops and livestock products,207,Suriname,5312,Area harvested,1312,2012,2012,ha,2051,A,Official value,,Banana
QCL,Crops and livestock products,207,Suriname,5412,Yield,1312,2012,2012,kg/ha,45046.8,A,Official value,,Banana
QCL,Crops and livestock products,207,Suriname,5510,Production,1312,2012,2012,t,92391,A,Official value,,Banana
QCL,Crops and livestock products,207,Suriname,5312,Area harvested,1312,2013,2013,ha,2173,A,Official value,,Banana
QCL,Crops and livestock products,207,Suriname,5412,Yield,1312,2013,2013,kg/ha,39385.2,A,Official value,,Banana
QCL,Crops and livestock products,207,Suriname,5510,Production,1312,2013,2013,t,85584,A,Official value,,Banana
QCL,Crops and livestock products,207,Suriname,5312,Area harvested,1312,2014,2014,ha,2164,A,Official value,,Banana
QCL,Crops and livestock products,207,Suriname,5412,Yield,1312,2014,2014,kg/ha,35588.7,A,Official value,,Banana
QCL,Crops and livestock products,207,Suriname,5510,Production,1312,2014,2014,t,77014,A,Official value,,Banana
QCL,Crops and livestock products,207,Suriname,5312,Area harvested,1312,2015,2015,ha,1993,A,Official value,,Banana
QCL,Crops and livestock products,207,Suriname,5412,Yield,1312,2015,2015,kg/ha,34616.7,A,Official value,,Banana
QCL,Crops and livestock products,207,Suriname,5510,Production,1312,2015,2015,t,68991,A,Official value,,Banana
QCL,Crops and livestock products,207,Suriname,5312,Area harvested,1312,2016,2016,ha,1993,A,Official value,,Banana
QCL,Crops and livestock products,207,Suriname,5412,Yield,1312,2016,2016,kg/ha,30643.8,A,Official value,,Banana
QCL,Crops and livestock products,207,Suriname,5510,Production,1312,2016,2016,t,61073,A,Official value,,Banana
QCL,Crops and livestock products,207,Suriname,5312,Area harvested,1312,2017,2017,ha,1953,A,Official value,,Banana
QCL,Crops and livestock products,207,Suriname,5412,Yield,1312,2017,2017,kg/ha,32200.2,A,Official value,,Banana
QCL,Crops and livestock products,207,Suriname,5510,Production,1312,2017,2017,t,62887,A,Official value,,Banana
QCL,Crops and livestock products,207,Suriname,5312,Area harvested,1312,2018,2018,ha,1730,A,Official value,,Banana
QCL,Crops and livestock products,207,Suriname,5412,Yield,1312,2018,2018,kg/ha,28228.3,A,Official value,,Banana
QCL,Crops and livestock products,207,Suriname,5510,Production,1312,2018,2018,t,48835,A,Official value,,Banana
QCL,Crops and livestock products,207,Suriname,5312,Area harvested,1312,2019,2019,ha,1051,A,Official value,,Banana
QCL,Crops and livestock products,207,Suriname,5412,Yield,1312,2019,2019,kg/ha,23615.6,A,Official value,,Banana
QCL,Crops and livestock products,207,Suriname,5510,Production,1312,2019,2019,t,24820,A,Official value,,Banana
QCL,Crops and livestock products,207,Suriname,5312,Area harvested,1312,2020,2020,ha,1073,A,Official value,,Banana
QCL,Crops and livestock products,207,Suriname,5412,Yield,1312,2020,2020,kg/ha,5816.4,A,Official value,,Banana
QCL,Crops and livestock products,207,Suriname,5510,Production,1312,2020,2020,t,6241,A,Official value,,Banana
QCL,Crops and livestock products,207,Suriname,5312,Area harvested,1312,2021,2021,ha,646,A,Official value,,Banana
QCL,Crops and livestock products,207,Suriname,5412,Yield,1312,2021,2021,kg/ha,12298.8,A,Official value,,Banana
QCL,Crops and livestock products,207,Suriname,5510,Production,1312,2021,2021,t,7945,A,Official value,,Banana
QCL,Crops and livestock products,207,Suriname,5312,Area harvested,1312,2022,2022,ha,503,A,Official value,,Banana
QCL,Crops and livestock products,207,Suriname,5412,Yield,1312,2022,2022,kg/ha,9761.4,A,Official value,,Banana
QCL,Crops and livestock products,207,Suriname,5510,Production,1312,2022,2022,t,4910,A,Official value,,Banana
QCL,Crops and livestock products,207,Suriname,5312,Area harvested,1312,2023,2023,ha,246,A,Official value,,Banana
QCL,Crops and livestock products,207,Suriname,5412,Yield,1312,2023,2023,kg/ha,16406.5,A,Official value,,Banana
QCL,Crops and livestock products,207,Suriname,5510,Production,1312,2023,2023,t,4036,A,Official value,,Banana
QCL,Crops and livestock products,207,Suriname,5312,Area harvested,1312,2024,2024,ha,209,I,Value imputed by a receiving agency,,Banana
QCL,Crops and livestock products,207,Suriname,5412,Yield,1312,2024,2024,kg/ha,17155.9,E,Estimated value,,Banana
QCL,Crops and livestock products,207,Suriname,5510,Production,1312,2024,2024,t,3586.26,I,Value imputed by a receiving agency,,Banana
QCL,Crops and livestock products,210,Sweden,5312,Area harvested,1312,2018,2018,ha,0,A,Official value,,Banana
QCL,Crops and livestock products,210,Sweden,5510,Production,1312,2018,2018,t,0,A,Official value,,Banana
QCL,Crops and livestock products,210,Sweden,5312,Area harvested,1312,2019,2019,ha,0,A,Official value,,Banana
QCL,Crops and livestock products,210,Sweden,5510,Production,1312,2019,2019,t,0,A,Official value,,Banana
QCL,Crops and livestock products,210,Sweden,5312,Area harvested,1312,2020,2020,ha,0,A,Official value,,Banana
QCL,Crops and livestock products,210,Sweden,5510,Production,1312,2020,2020,t,0,A,Official value,,Banana
QCL,Crops and livestock products,210,Sweden,5312,Area harvested,1312,2021,2021,ha,0,A,Official value,,Banana
QCL,Crops and livestock products,210,Sweden,5510,Production,1312,2021,2021,t,0,A,Official value,,Banana
QCL,Crops and livestock products,210,Sweden,5312,Area harvested,1312,2022,2022,ha,0,A,Official value,,Banana
QCL,Crops and livestock products,210,Sweden,5510,Production,1312,2022,2022,t,0,A,Official value,,Banana
QCL,Crops and livestock products,210,Sweden,5312,Area harvested,1312,2023,2023,ha,0,A,Official value,,Banana
QCL,Crops and livestock products,210,Sweden,5510,Production,1312,2023,2023,t,0,A,Official value,,Banana
QCL,Crops and livestock products,210,Sweden,5312,Area harvested,1312,2024,2024,ha,0,A,Official value,,Banana
QCL,Crops and livestock products,210,Sweden,5510,Production,1312,2024,2024,t,0,A,Official value,,Banana
QCL,Crops and livestock products,212,Syrian Arab Republic,5312,Area harvested,1312,2010,2010,ha,6,A,Official value,,Banana
QCL,Crops and livestock products,212,Syrian Arab Republic,5412,Yield,1312,2010,2010,kg/ha,31500,A,Official value,,Banana
QCL,Crops and livestock products,212,Syrian Arab Republic,5510,Production,1312,2010,2010,t,189,A,Official value,,Banana
QCL,Crops and livestock products,212,Syrian Arab Republic,5312,Area harvested,1312,2011,2011,ha,5,A,Official value,,Banana
QCL,Crops and livestock products,212,Syrian Arab Republic,5412,Yield,1312,2011,2011,kg/ha,36600,A,Official value,,Banana
QCL,Crops and livestock products,212,Syrian Arab Republic,5510,Production,1312,2011,2011,t,183,A,Official value,,Banana
QCL,Crops and livestock products,212,Syrian Arab Republic,5312,Area harvested,1312,2012,2012,ha,5,A,Official value,,Banana
QCL,Crops and livestock products,212,Syrian Arab Republic,5412,Yield,1312,2012,2012,kg/ha,49800,A,Official value,,Banana
QCL,Crops and livestock products,212,Syrian Arab Republic,5510,Production,1312,2012,2012,t,249,A,Official value,,Banana
QCL,Crops and livestock products,212,Syrian Arab Republic,5312,Area harvested,1312,2013,2013,ha,2,A,Official value,,Banana
QCL,Crops and livestock products,212,Syrian Arab Republic,5412,Yield,1312,2013,2013,kg/ha,73500,A,Official value,,Banana
QCL,Crops and livestock products,212,Syrian Arab Republic,5510,Production,1312,2013,2013,t,147,A,Official value,,Banana
QCL,Crops and livestock products,212,Syrian Arab Republic,5312,Area harvested,1312,2014,2014,ha,2,A,Official value,,Banana
QCL,Crops and livestock products,212,Syrian Arab Republic,5412,Yield,1312,2014,2014,kg/ha,76000,A,Official value,,Banana
QCL,Crops and livestock products,212,Syrian Arab Republic,5510,Production,1312,2014,2014,t,152,A,Official value,,Banana
QCL,Crops and livestock products,212,Syrian Arab Republic,5312,Area harvested,1312,2015,2015,ha,2,I,Value imputed by a receiving agency,,Banana
QCL,Crops and livestock products,212,Syrian Arab Republic,5412,Yield,1312,2015,2015,kg/ha,76854.5,E,Estimated value,,Banana
QCL,Crops and livestock products,212,Syrian Arab Republic,5510,Production,1312,2015,2015,t,170.13,I,Value imputed by a receiving agency,,Banana
QCL,Crops and livestock products,212,Syrian Arab Republic,5312,Area harvested,1312,2016,2016,ha,2,I,Value imputed by a receiving agency,,Banana
QCL,Crops and livestock products,212,Syrian Arab Republic,5412,Yield,1312,2016,2016,kg/ha,84904.3,E,Estimated value,,Banana
QCL,Crops and livestock products,212,Syrian Arab Republic,5510,Production,1312,2016,2016,t,185.83,I,Value imputed by a receiving agency,,Banana
QCL,Crops and livestock products,212,Syrian Arab Republic,5312,Area harvested,1312,2017,2017,ha,2,A,Official value,,Banana
QCL,Crops and livestock products,212,Syrian Arab Republic,5412,Yield,1312,2017,2017,kg/ha,102500,A,Official value,,Banana
QCL,Crops and livestock products,212,Syrian Arab Republic,5510,Production,1312,2017,2017,t,205,A,Official value,,Banana
QCL,Crops and livestock products,212,Syrian Arab Republic,5312,Area harvested,1312,2018,2018,ha,2,A,Official value,,Banana
QCL,Crops and livestock products,212,Syrian Arab Republic,5412,Yield,1312,2018,2018,kg/ha,107000,A,Official value,,Banana
QCL,Crops and livestock products,212,Syrian Arab Republic,5510,Production,1312,2018,2018,t,214,A,Official value,,Banana
QCL,Crops and livestock products,212,Syrian Arab Republic,5312,Area harvested,1312,2019,2019,ha,2,A,Official value,,Banana
QCL,Crops and livestock products,212,Syrian Arab Republic,5412,Yield,1312,2019,2019,kg/ha,60500,A,Official value,,Banana
QCL,Crops and livestock products,212,Syrian Arab Republic,5510,Production,1312,2019,2019,t,121,A,Official value,,Banana
QCL,Crops and livestock products,212,Syrian Arab Republic,5312,Area harvested,1312,2020,2020,ha,4,A,Official value,,Banana
QCL,Crops and livestock products,212,Syrian Arab Republic,5412,Yield,1312,2020,2020,kg/ha,36250,A,Official value,,Banana
QCL,Crops and livestock products,212,Syrian Arab Republic,5510,Production,1312,2020,2020,t,145,A,Official value,,Banana
QCL,Crops and livestock products,212,Syrian Arab Republic,5312,Area harvested,1312,2021,2021,ha,4,A,Official value,,Banana
QCL,Crops and livestock products,212,Syrian Arab Republic,5412,Yield,1312,2021,2021,kg/ha,35500,A,Official value,,Banana
QCL,Crops and livestock products,212,Syrian Arab Republic,5510,Production,1312,2021,2021,t,142,A,Official value,,Banana
QCL,Crops and livestock products,212,Syrian Arab Republic,5312,Area harvested,1312,2022,2022,ha,7,A,Official value,,Banana
QCL,Crops and livestock products,212,Syrian Arab Republic,5412,Yield,1312,2022,2022,kg/ha,28142.9,A,Official value,,Banana
QCL,Crops and livestock products,212,Syrian Arab Republic,5510,Production,1312,2022,2022,t,197,A,Official value,,Banana
QCL,Crops and livestock products,212,Syrian Arab Republic,5312,Area harvested,1312,2023,2023,ha,15,A,Official value,,Banana
QCL,Crops and livestock products,212,Syrian Arab Republic,5412,Yield,1312,2023,2023,kg/ha,88800,A,Official value,,Banana
QCL,Crops and livestock products,212,Syrian Arab Republic,5510,Production,1312,2023,2023,t,1332,A,Official value,,Banana
QCL,Crops and livestock products,212,Syrian Arab Republic,5312,Area harvested,1312,2024,2024,ha,37,A,Official value,,Banana
QCL,Crops and livestock products,212,Syrian Arab Republic,5412,Yield,1312,2024,2024,kg/ha,63540.5,A,Official value,,Banana
QCL,Crops and livestock products,212,Syrian Arab Republic,5510,Production,1312,2024,2024,t,2351,A,Official value,,Banana
QCL,Crops and livestock products,216,Thailand,5312,Area harvested,1312,2010,2010,ha,133527,A,Official value,,Banana
QCL,Crops and livestock products,216,Thailand,5412,Yield,1312,2010,2010,kg/ha,11869.5,A,Official value,,Banana
QCL,Crops and livestock products,216,Thailand,5510,Production,1312,2010,2010,t,1584898,A,Official value,,Banana
QCL,Crops and livestock products,216,Thailand,5312,Area harvested,1312,2011,2011,ha,86729,I,Value imputed by a receiving agency,,Banana
QCL,Crops and livestock products,216,Thailand,5412,Yield,1312,2011,2011,kg/ha,15892.5,E,Estimated value,,Banana
QCL,Crops and livestock products,216,Thailand,5510,Production,1312,2011,2011,t,1378338.36,I,Value imputed by a receiving agency,,Banana
QCL,Crops and livestock products,216,Thailand,5312,Area harvested,1312,2012,2012,ha,80439,A,Official value,,Banana
QCL,Crops and livestock products,216,Thailand,5412,Yield,1312,2012,2012,kg/ha,12686.1,A,Official value,,Banana
QCL,Crops and livestock products,216,Thailand,5510,Production,1312,2012,2012,t,1020458,A,Official value,,Banana
QCL,Crops and livestock products,216,Thailand,5312,Area harvested,1312,2013,2013,ha,40071,A,Official value,,Banana
QCL,Crops and livestock products,216,Thailand,5412,Yield,1312,2013,2013,kg/ha,25738.1,A,Official value,,Banana
QCL,Crops and livestock products,216,Thailand,5510,Production,1312,2013,2013,t,1031351,A,Official value,,Banana
QCL,Crops and livestock products,216,Thailand,5312,Area harvested,1312,2014,2014,ha,36821,A,Official value,,Banana
QCL,Crops and livestock products,216,Thailand,5412,Yield,1312,2014,2014,kg/ha,37973,A,Official value,,Banana
QCL,Crops and livestock products,216,Thailand,5510,Production,1312,2014,2014,t,1398202,A,Official value,,Banana
QCL,Crops and livestock products,216,Thailand,5312,Area harvested,1312,2015,2015,ha,38061,A,Official value,,Banana
QCL,Crops and livestock products,216,Thailand,5412,Yield,1312,2015,2015,kg/ha,27128.6,A,Official value,,Banana
QCL,Crops and livestock products,216,Thailand,5510,Production,1312,2015,2015,t,1032542,A,Official value,,Banana
QCL,Crops and livestock products,216,Thailand,5312,Area harvested,1312,2016,2016,ha,49440,I,Value imputed by a receiving agency,,Banana
QCL,Crops and livestock products,216,Thailand,5412,Yield,1312,2016,2016,kg/ha,22616.8,E,Estimated value,,Banana
QCL,Crops and livestock products,216,Thailand,5510,Production,1312,2016,2016,t,1118170.97,I,Value imputed by a receiving agency,,Banana
QCL,Crops and livestock products,216,Thailand,5312,Area harvested,1312,2017,2017,ha,55250,A,Official value,,Banana
QCL,Crops and livestock products,216,Thailand,5412,Yield,1312,2017,2017,kg/ha,20168,A,Official value,,Banana
QCL,Crops and livestock products,216,Thailand,5510,Production,1312,2017,2017,t,1114280,A,Official value,,Banana
QCL,Crops and livestock products,216,Thailand,5312,Area harvested,1312,2018,2018,ha,59720,A,Official value,,Banana
QCL,Crops and livestock products,216,Thailand,5412,Yield,1312,2018,2018,kg/ha,21189.2,A,Official value,,Banana
QCL,Crops and livestock products,216,Thailand,5510,Production,1312,2018,2018,t,1265420,A,Official value,,Banana
QCL,Crops and livestock products,216,Thailand,5312,Area harvested,1312,2019,2019,ha,60830,A,Official value,,Banana
QCL,Crops and livestock products,216,Thailand,5412,Yield,1312,2019,2019,kg/ha,21331.4,A,Official value,,Banana
QCL,Crops and livestock products,216,Thailand,5510,Production,1312,2019,2019,t,1297590,A,Official value,,Banana
QCL,Crops and livestock products,216,Thailand,5312,Area harvested,1312,2020,2020,ha,62650,A,Official value,,Banana
QCL,Crops and livestock products,216,Thailand,5412,Yield,1312,2020,2020,kg/ha,21718.6,A,Official value,,Banana
QCL,Crops and livestock products,216,Thailand,5510,Production,1312,2020,2020,t,1360670,A,Official value,,Banana
QCL,Crops and livestock products,216,Thailand,5312,Area harvested,1312,2021,2021,ha,59751,I,Value imputed by a receiving agency,,Banana
QCL,Crops and livestock products,216,Thailand,5412,Yield,1312,2021,2021,kg/ha,22230.6,E,Estimated value,,Banana
QCL,Crops and livestock products,216,Thailand,5510,Production,1312,2021,2021,t,1328295.2,I,Value imputed by a receiving agency,,Banana
QCL,Crops and livestock products,216,Thailand,5312,Area harvested,1312,2022,2022,ha,57304,I,Value imputed by a receiving agency,,Banana
QCL,Crops and livestock products,216,Thailand,5412,Yield,1312,2022,2022,kg/ha,22468.2,E,Estimated value,,Banana
QCL,Crops and livestock products,216,Thailand,5510,Production,1312,2022,2022,t,1287522.33,I,Value imputed by a receiving agency,,Banana
QCL,Crops and livestock products,216,Thailand,5312,Area harvested,1312,2023,2023,ha,57756,I,Value imputed by a receiving agency,,Banana
QCL,Crops and livestock products,216,Thailand,5412,Yield,1312,2023,2023,kg/ha,22500.3,E,Estimated value,,Banana
QCL,Crops and livestock products,216,Thailand,5510,Production,1312,2023,2023,t,1299525.58,I,Value imputed by a receiving agency,,Banana
QCL,Crops and livestock products,216,Thailand,5312,Area harvested,1312,2024,2024,ha,57399,I,Value imputed by a receiving agency,,Banana
QCL,Crops and livestock products,216,Thailand,5412,Yield,1312,2024,2024,kg/ha,22630.9,E,Estimated value,,Banana
QCL,Crops and livestock products,216,Thailand,5510,Production,1312,2024,2024,t,1298997.77,I,Value imputed by a receiving agency,,Banana
QCL,Crops and livestock products,176,Timor-Leste,5312,Area harvested,1312,2010,2010,ha,143,A,Official value,,Banana
QCL,Crops and livestock products,176,Timor-Leste,5412,Yield,1312,2010,2010,kg/ha,4965,A,Official value,,Banana
QCL,Crops and livestock products,176,Timor-Leste,5510,Production,1312,2010,2010,t,710,A,Official value,,Banana
QCL,Crops and livestock products,176,Timor-Leste,5312,Area harvested,1312,2011,2011,ha,129,I,Value imputed by a receiving agency,,Banana
QCL,Crops and livestock products,176,Timor-Leste,5412,Yield,1312,2011,2011,kg/ha,3617.1,E,Estimated value,,Banana
QCL,Crops and livestock products,176,Timor-Leste,5510,Production,1312,2011,2011,t,467.83,I,Value imputed by a receiving agency,,Banana
QCL,Crops and livestock products,176,Timor-Leste,5312,Area harvested,1312,2012,2012,ha,238,I,Value imputed by a receiving agency,,Banana
QCL,Crops and livestock products,176,Timor-Leste,5412,Yield,1312,2012,2012,kg/ha,2086,E,Estimated value,,Banana
QCL,Crops and livestock products,176,Timor-Leste,5510,Production,1312,2012,2012,t,497.11,I,Value imputed by a receiving agency,,Banana
QCL,Crops and livestock products,176,Timor-Leste,5312,Area harvested,1312,2013,2013,ha,416,I,Value imputed by a receiving agency,,Banana
QCL,Crops and livestock products,176,Timor-Leste,5412,Yield,1312,2013,2013,kg/ha,1242,E,Estimated value,,Banana
QCL,Crops and livestock products,176,Timor-Leste,5510,Production,1312,2013,2013,t,516.28,I,Value imputed by a receiving agency,,Banana
QCL,Crops and livestock products,176,Timor-Leste,5312,Area harvested,1312,2014,2014,ha,482,I,Value imputed by a receiving agency,,Banana
QCL,Crops and livestock products,176,Timor-Leste,5412,Yield,1312,2014,2014,kg/ha,844,E,Estimated value,,Banana
QCL,Crops and livestock products,176,Timor-Leste,5510,Production,1312,2014,2014,t,406.56,I,Value imputed by a receiving agency,,Banana
QCL,Crops and livestock products,176,Timor-Leste,5312,Area harvested,1312,2015,2015,ha,821,I,Value imputed by a receiving agency,,Banana
QCL,Crops and livestock products,176,Timor-Leste,5412,Yield,1312,2015,2015,kg/ha,523.6,E,Estimated value,,Banana
QCL,Crops and livestock products,176,Timor-Leste,5510,Production,1312,2015,2015,t,429.65,I,Value imputed by a receiving agency,,Banana
QCL,Crops and livestock products,176,Timor-Leste,5312,Area harvested,1312,2016,2016,ha,573,E,Estimated value,,Banana
QCL,Crops and livestock products,176,Timor-Leste,5412,Yield,1312,2016,2016,kg/ha,787.3,E,Estimated value,,Banana
QCL,Crops and livestock products,176,Timor-Leste,5510,Production,1312,2016,2016,t,450.83,E,Estimated value,,Banana
QCL,Crops and livestock products,176,Timor-Leste,5312,Area harvested,1312,2017,2017,ha,909,I,Value imputed by a receiving agency,,Banana
QCL,Crops and livestock products,176,Timor-Leste,5412,Yield,1312,2017,2017,kg/ha,446.7,E,Estimated value,,Banana
QCL,Crops and livestock products,176,Timor-Leste,5510,Production,1312,2017,2017,t,405.89,I,Value imputed by a receiving agency,,Banana
QCL,Crops and livestock products,176,Timor-Leste,5312,Area harvested,1312,2018,2018,ha,498,I,Value imputed by a receiving agency,,Banana
QCL,Crops and livestock products,176,Timor-Leste,5412,Yield,1312,2018,2018,kg/ha,801.1,E,Estimated value,,Banana
QCL,Crops and livestock products,176,Timor-Leste,5510,Production,1312,2018,2018,t,398.71,I,Value imputed by a receiving agency,,Banana
QCL,Crops and livestock products,176,Timor-Leste,5312,Area harvested,1312,2019,2019,ha,594,I,Value imputed by a receiving agency,,Banana
QCL,Crops and livestock products,176,Timor-Leste,5412,Yield,1312,2019,2019,kg/ha,769,E,Estimated value,,Banana
QCL,Crops and livestock products,176,Timor-Leste,5510,Production,1312,2019,2019,t,456.5,I,Value imputed by a receiving agency,,Banana
QCL,Crops and livestock products,176,Timor-Leste,5312,Area harvested,1312,2020,2020,ha,854,I,Value imputed by a receiving agency,,Banana
QCL,Crops and livestock products,176,Timor-Leste,5412,Yield,1312,2020,2020,kg/ha,602.9,E,Estimated value,,Banana
QCL,Crops and livestock products,176,Timor-Leste,5510,Production,1312,2020,2020,t,514.75,I,Value imputed by a receiving agency,,Banana
QCL,Crops and livestock products,176,Timor-Leste,5312,Area harvested,1312,2021,2021,ha,2204,I,Value imputed by a receiving agency,,Banana
QCL,Crops and livestock products,176,Timor-Leste,5412,Yield,1312,2021,2021,kg/ha,585.2,E,Estimated value,,Banana
QCL,Crops and livestock products,176,Timor-Leste,5510,Production,1312,2021,2021,t,1290,A,Official value,,Banana
QCL,Crops and livestock products,176,Timor-Leste,5312,Area harvested,1312,2022,2022,ha,1140,I,Value imputed by a receiving agency,,Banana
QCL,Crops and livestock products,176,Timor-Leste,5412,Yield,1312,2022,2022,kg/ha,603.9,E,Estimated value,,Banana
QCL,Crops and livestock products,176,Timor-Leste,5510,Production,1312,2022,2022,t,688.6,I,Value imputed by a receiving agency,,Banana
QCL,Crops and livestock products,176,Timor-Leste,5312,Area harvested,1312,2023,2023,ha,856,I,Value imputed by a receiving agency,,Banana
QCL,Crops and livestock products,176,Timor-Leste,5412,Yield,1312,2023,2023,kg/ha,597.4,E,Estimated value,,Banana
QCL,Crops and livestock products,176,Timor-Leste,5510,Production,1312,2023,2023,t,511.23,I,Value imputed by a receiving agency,,Banana
QCL,Crops and livestock products,176,Timor-Leste,5312,Area harvested,1312,2024,2024,ha,932,I,Value imputed by a receiving agency,,Banana
QCL,Crops and livestock products,176,Timor-Leste,5412,Yield,1312,2024,2024,kg/ha,600.4,E,Estimated value,,Banana
QCL,Crops and livestock products,176,Timor-Leste,5510,Production,1312,2024,2024,t,559.59,I,Value imputed by a receiving agency,,Banana
QCL,Crops and livestock products,217,Togo,5312,Area harvested,1312,2010,2010,ha,1800,E,Estimated value,,Banana
QCL,Crops and livestock products,217,Togo,5412,Yield,1312,2010,2010,kg/ha,11666.7,E,Estimated value,,Banana
QCL,Crops and livestock products,217,Togo,5510,Production,1312,2010,2010,t,21000,E,Estimated value,,Banana
QCL,Crops and livestock products,217,Togo,5312,Area harvested,1312,2011,2011,ha,1850,I,Value imputed by a receiving agency,,Banana
QCL,Crops and livestock products,217,Togo,5412,Yield,1312,2011,2011,kg/ha,11889,E,Estimated value,,Banana
QCL,Crops and livestock products,217,Togo,5510,Production,1312,2011,2011,t,22000,E,Estimated value,,Banana
QCL,Crops and livestock products,217,Togo,5312,Area harvested,1312,2012,2012,ha,1850,E,Estimated value,,Banana
QCL,Crops and livestock products,217,Togo,5412,Yield,1312,2012,2012,kg/ha,12432.4,E,Estimated value,,Banana
QCL,Crops and livestock products,217,Togo,5510,Production,1312,2012,2012,t,23000,E,Estimated value,,Banana
QCL,Crops and livestock products,217,Togo,5312,Area harvested,1312,2013,2013,ha,1985,I,Value imputed by a receiving agency,,Banana
QCL,Crops and livestock products,217,Togo,5412,Yield,1312,2013,2013,kg/ha,12052,E,Estimated value,,Banana
QCL,Crops and livestock products,217,Togo,5510,Production,1312,2013,2013,t,23923.43,I,Value imputed by a receiving agency,,Banana
QCL,Crops and livestock products,217,Togo,5312,Area harvested,1312,2014,2014,ha,2046,I,Value imputed by a receiving agency,,Banana
QCL,Crops and livestock products,217,Togo,5412,Yield,1312,2014,2014,kg/ha,12148.6,E,Estimated value,,Banana
QCL,Crops and livestock products,217,Togo,5510,Production,1312,2014,2014,t,24858.34,I,Value imputed by a receiving agency,,Banana
QCL,Crops and livestock products,217,Togo,5312,Area harvested,1312,2015,2015,ha,1950,I,Value imputed by a receiving agency,,Banana
QCL,Crops and livestock products,217,Togo,5412,Yield,1312,2015,2015,kg/ha,12417,E,Estimated value,,Banana
QCL,Crops and livestock products,217,Togo,5510,Production,1312,2015,2015,t,24211.65,I,Value imputed by a receiving agency,,Banana
QCL,Crops and livestock products,217,Togo,5312,Area harvested,1312,2016,2016,ha,1931,I,Value imputed by a receiving agency,,Banana
QCL,Crops and livestock products,217,Togo,5412,Yield,1312,2016,2016,kg/ha,12605.7,E,Estimated value,,Banana
QCL,Crops and livestock products,217,Togo,5510,Production,1312,2016,2016,t,24339.09,I,Value imputed by a receiving agency,,Banana
QCL,Crops and livestock products,217,Togo,5312,Area harvested,1312,2017,2017,ha,1910,I,Value imputed by a receiving agency,,Banana
QCL,Crops and livestock products,217,Togo,5412,Yield,1312,2017,2017,kg/ha,12745.1,E,Estimated value,,Banana
QCL,Crops and livestock products,217,Togo,5510,Production,1312,2017,2017,t,24339.49,I,Value imputed by a receiving agency,,Banana
QCL,Crops and livestock products,217,Togo,5312,Area harvested,1312,2018,2018,ha,1892,I,Value imputed by a receiving agency,,Banana
QCL,Crops and livestock products,217,Togo,5412,Yield,1312,2018,2018,kg/ha,12885.4,E,Estimated value,,Banana
QCL,Crops and livestock products,217,Togo,5510,Production,1312,2018,2018,t,24379.24,I,Value imputed by a receiving agency,,Banana
QCL,Crops and livestock products,217,Togo,5312,Area harvested,1312,2019,2019,ha,1878,I,Value imputed by a receiving agency,,Banana
QCL,Crops and livestock products,217,Togo,5412,Yield,1312,2019,2019,kg/ha,13030,E,Estimated value,,Banana
QCL,Crops and livestock products,217,Togo,5510,Production,1312,2019,2019,t,24464.48,I,Value imputed by a receiving agency,,Banana
QCL,Crops and livestock products,217,Togo,5312,Area harvested,1312,2020,2020,ha,1863,I,Value imputed by a receiving agency,,Banana
QCL,Crops and livestock products,217,Togo,5412,Yield,1312,2020,2020,kg/ha,13182.2,E,Estimated value,,Banana
QCL,Crops and livestock products,217,Togo,5510,Production,1312,2020,2020,t,24552.42,I,Value imputed by a receiving agency,,Banana
QCL,Crops and livestock products,217,Togo,5312,Area harvested,1312,2021,2021,ha,1886,I,Value imputed by a receiving agency,,Banana
QCL,Crops and livestock products,217,Togo,5412,Yield,1312,2021,2021,kg/ha,13317.2,E,Estimated value,,Banana
QCL,Crops and livestock products,217,Togo,5510,Production,1312,2021,2021,t,25118.91,I,Value imputed by a receiving agency,,Banana
QCL,Crops and livestock products,217,Togo,5312,Area harvested,1312,2022,2022,ha,1871,I,Value imputed by a receiving agency,,Banana
QCL,Crops and livestock products,217,Togo,5412,Yield,1312,2022,2022,kg/ha,13469.5,E,Estimated value,,Banana
QCL,Crops and livestock products,217,Togo,5510,Production,1312,2022,2022,t,25206.71,I,Value imputed by a receiving agency,,Banana
QCL,Crops and livestock products,217,Togo,5312,Area harvested,1312,2023,2023,ha,1864,I,Value imputed by a receiving agency,,Banana
QCL,Crops and livestock products,217,Togo,5412,Yield,1312,2023,2023,kg/ha,13606.7,E,Estimated value,,Banana
QCL,Crops and livestock products,217,Togo,5510,Production,1312,2023,2023,t,25361.18,I,Value imputed by a receiving agency,,Banana
QCL,Crops and livestock products,217,Togo,5312,Area harvested,1312,2024,2024,ha,1856,I,Value imputed by a receiving agency,,Banana
QCL,Crops and livestock products,217,Togo,5412,Yield,1312,2024,2024,kg/ha,13743.9,E,Estimated value,,Banana
QCL,Crops and livestock products,217,Togo,5510,Production,1312,2024,2024,t,25513.31,I,Value imputed by a receiving agency,,Banana
QCL,Crops and livestock products,219,Tonga,5312,Area harvested,1312,2010,2010,ha,547,I,Value imputed by a receiving agency,,Banana
QCL,Crops and livestock products,219,Tonga,5412,Yield,1312,2010,2010,kg/ha,1505.3,E,Estimated value,,Banana
QCL,Crops and livestock products,219,Tonga,5510,Production,1312,2010,2010,t,823.09,I,Value imputed by a receiving agency,,Banana
QCL,Crops and livestock products,219,Tonga,5312,Area harvested,1312,2011,2011,ha,547,I,Value imputed by a receiving agency,,Banana
QCL,Crops and livestock products,219,Tonga,5412,Yield,1312,2011,2011,kg/ha,1496.8,E,Estimated value,,Banana
QCL,Crops and livestock products,219,Tonga,5510,Production,1312,2011,2011,t,818.12,I,Value imputed by a receiving agency,,Banana
QCL,Crops and livestock products,219,Tonga,5312,Area harvested,1312,2012,2012,ha,560,E,Estimated value,,Banana
QCL,Crops and livestock products,219,Tonga,5412,Yield,1312,2012,2012,kg/ha,1473.2,E,Estimated value,,Banana
QCL,Crops and livestock products,219,Tonga,5510,Production,1312,2012,2012,t,825,E,Estimated value,,Banana
QCL,Crops and livestock products,219,Tonga,5312,Area harvested,1312,2013,2013,ha,540,I,Value imputed by a receiving agency,,Banana
QCL,Crops and livestock products,219,Tonga,5412,Yield,1312,2013,2013,kg/ha,1482.3,E,Estimated value,,Banana
QCL,Crops and livestock products,219,Tonga,5510,Production,1312,2013,2013,t,801.05,I,Value imputed by a receiving agency,,Banana
QCL,Crops and livestock products,219,Tonga,5312,Area harvested,1312,2014,2014,ha,557,I,Value imputed by a receiving agency,,Banana
QCL,Crops and livestock products,219,Tonga,5412,Yield,1312,2014,2014,kg/ha,1454.9,E,Estimated value,,Banana
QCL,Crops and livestock products,219,Tonga,5510,Production,1312,2014,2014,t,810.36,I,Value imputed by a receiving agency,,Banana
QCL,Crops and livestock products,219,Tonga,5312,Area harvested,1312,2015,2015,ha,582,I,Value imputed by a receiving agency,,Banana
QCL,Crops and livestock products,219,Tonga,5412,Yield,1312,2015,2015,kg/ha,1464.1,E,Estimated value,,Banana
QCL,Crops and livestock products,219,Tonga,5510,Production,1312,2015,2015,t,852.37,I,Value imputed by a receiving agency,,Banana
QCL,Crops and livestock products,219,Tonga,5312,Area harvested,1312,2016,2016,ha,560,E,Estimated value,,Banana
QCL,Crops and livestock products,219,Tonga,5412,Yield,1312,2016,2016,kg/ha,1466.9,E,Estimated value,,Banana
QCL,Crops and livestock products,219,Tonga,5510,Production,1312,2016,2016,t,821.26,E,Estimated value,,Banana
QCL,Crops and livestock products,219,Tonga,5312,Area harvested,1312,2017,2017,ha,565,I,Value imputed by a receiving agency,,Banana
QCL,Crops and livestock products,219,Tonga,5412,Yield,1312,2017,2017,kg/ha,1439.3,E,Estimated value,,Banana
QCL,Crops and livestock products,219,Tonga,5510,Production,1312,2017,2017,t,813.73,I,Value imputed by a receiving agency,,Banana
QCL,Crops and livestock products,219,Tonga,5312,Area harvested,1312,2018,2018,ha,572,I,Value imputed by a receiving agency,,Banana
QCL,Crops and livestock products,219,Tonga,5412,Yield,1312,2018,2018,kg/ha,1431.6,E,Estimated value,,Banana
QCL,Crops and livestock products,219,Tonga,5510,Production,1312,2018,2018,t,819.18,I,Value imputed by a receiving agency,,Banana
QCL,Crops and livestock products,219,Tonga,5312,Area harvested,1312,2019,2019,ha,582,I,Value imputed by a receiving agency,,Banana
QCL,Crops and livestock products,219,Tonga,5412,Yield,1312,2019,2019,kg/ha,1426.2,E,Estimated value,,Banana
QCL,Crops and livestock products,219,Tonga,5510,Production,1312,2019,2019,t,829.89,I,Value imputed by a receiving agency,,Banana
QCL,Crops and livestock products,219,Tonga,5312,Area harvested,1312,2020,2020,ha,585,I,Value imputed by a receiving agency,,Banana
QCL,Crops and livestock products,219,Tonga,5412,Yield,1312,2020,2020,kg/ha,1415.3,E,Estimated value,,Banana
QCL,Crops and livestock products,219,Tonga,5510,Production,1312,2020,2020,t,828.39,I,Value imputed by a receiving agency,,Banana
QCL,Crops and livestock products,219,Tonga,5312,Area harvested,1312,2021,2021,ha,572,I,Value imputed by a receiving agency,,Banana
QCL,Crops and livestock products,219,Tonga,5412,Yield,1312,2021,2021,kg/ha,1424.5,E,Estimated value,,Banana
QCL,Crops and livestock products,219,Tonga,5510,Production,1312,2021,2021,t,814.72,I,Value imputed by a receiving agency,,Banana
QCL,Crops and livestock products,219,Tonga,5312,Area harvested,1312,2022,2022,ha,568,I,Value imputed by a receiving agency,,Banana
QCL,Crops and livestock products,219,Tonga,5412,Yield,1312,2022,2022,kg/ha,1439.3,E,Estimated value,,Banana
QCL,Crops and livestock products,219,Tonga,5510,Production,1312,2022,2022,t,817.74,I,Value imputed by a receiving agency,,Banana
QCL,Crops and livestock products,219,Tonga,5312,Area harvested,1312,2023,2023,ha,569,I,Value imputed by a receiving agency,,Banana
QCL,Crops and livestock products,219,Tonga,5412,Yield,1312,2023,2023,kg/ha,1435.4,E,Estimated value,,Banana
QCL,Crops and livestock products,219,Tonga,5510,Production,1312,2023,2023,t,817.42,I,Value imputed by a receiving agency,,Banana
QCL,Crops and livestock products,219,Tonga,5312,Area harvested,1312,2024,2024,ha,571,I,Value imputed by a receiving agency,,Banana
QCL,Crops and livestock products,219,Tonga,5412,Yield,1312,2024,2024,kg/ha,1431.2,E,Estimated value,,Banana
QCL,Crops and livestock products,219,Tonga,5510,Production,1312,2024,2024,t,817.1,I,Value imputed by a receiving agency,,Banana
QCL,Crops and livestock products,220,Trinidad and Tobago,5312,Area harvested,1312,2010,2010,ha,1000,E,Estimated value,,Banana
QCL,Crops and livestock products,220,Trinidad and Tobago,5412,Yield,1312,2010,2010,kg/ha,3500,E,Estimated value,,Banana
QCL,Crops and livestock products,220,Trinidad and Tobago,5510,Production,1312,2010,2010,t,3500,E,Estimated value,,Banana
QCL,Crops and livestock products,220,Trinidad and Tobago,5312,Area harvested,1312,2011,2011,ha,1000,E,Estimated value,,Banana
QCL,Crops and livestock products,220,Trinidad and Tobago,5412,Yield,1312,2011,2011,kg/ha,3500,E,Estimated value,,Banana
QCL,Crops and livestock products,220,Trinidad and Tobago,5510,Production,1312,2011,2011,t,3500,E,Estimated value,,Banana
QCL,Crops and livestock products,220,Trinidad and Tobago,5312,Area harvested,1312,2012,2012,ha,1000,E,Estimated value,,Banana
QCL,Crops and livestock products,220,Trinidad and Tobago,5412,Yield,1312,2012,2012,kg/ha,3600,E,Estimated value,,Banana
QCL,Crops and livestock products,220,Trinidad and Tobago,5510,Production,1312,2012,2012,t,3600,E,Estimated value,,Banana
QCL,Crops and livestock products,220,Trinidad and Tobago,5312,Area harvested,1312,2013,2013,ha,1098,I,Value imputed by a receiving agency,,Banana
QCL,Crops and livestock products,220,Trinidad and Tobago,5412,Yield,1312,2013,2013,kg/ha,3451.9,E,Estimated value,,Banana
QCL,Crops and livestock products,220,Trinidad and Tobago,5510,Production,1312,2013,2013,t,3788.65,I,Value imputed by a receiving agency,,Banana
QCL,Crops and livestock products,220,Trinidad and Tobago,5312,Area harvested,1312,2014,2014,ha,1082,I,Value imputed by a receiving agency,,Banana
QCL,Crops and livestock products,220,Trinidad and Tobago,5412,Yield,1312,2014,2014,kg/ha,3321,E,Estimated value,,Banana
QCL,Crops and livestock products,220,Trinidad and Tobago,5510,Production,1312,2014,2014,t,3593.32,I,Value imputed by a receiving agency,,Banana
QCL,Crops and livestock products,220,Trinidad and Tobago,5312,Area harvested,1312,2015,2015,ha,997,I,Value imputed by a receiving agency,,Banana
QCL,Crops and livestock products,220,Trinidad and Tobago,5412,Yield,1312,2015,2015,kg/ha,3213.1,E,Estimated value,,Banana
QCL,Crops and livestock products,220,Trinidad and Tobago,5510,Production,1312,2015,2015,t,3204.18,I,Value imputed by a receiving agency,,Banana
QCL,Crops and livestock products,220,Trinidad and Tobago,5312,Area harvested,1312,2016,2016,ha,1059,E,Estimated value,,Banana
QCL,Crops and livestock products,220,Trinidad and Tobago,5412,Yield,1312,2016,2016,kg/ha,3332.4,E,Estimated value,,Banana
QCL,Crops and livestock products,220,Trinidad and Tobago,5510,Production,1312,2016,2016,t,3528.72,E,Estimated value,,Banana
QCL,Crops and livestock products,220,Trinidad and Tobago,5312,Area harvested,1312,2017,2017,ha,1023,I,Value imputed by a receiving agency,,Banana
QCL,Crops and livestock products,220,Trinidad and Tobago,5412,Yield,1312,2017,2017,kg/ha,3334.1,E,Estimated value,,Banana
QCL,Crops and livestock products,220,Trinidad and Tobago,5510,Production,1312,2017,2017,t,3409.26,I,Value imputed by a receiving agency,,Banana
QCL,Crops and livestock products,220,Trinidad and Tobago,5312,Area harvested,1312,2018,2018,ha,992,I,Value imputed by a receiving agency,,Banana
QCL,Crops and livestock products,220,Trinidad and Tobago,5412,Yield,1312,2018,2018,kg/ha,3321.9,E,Estimated value,,Banana
QCL,Crops and livestock products,220,Trinidad and Tobago,5510,Production,1312,2018,2018,t,3294.67,I,Value imputed by a receiving agency,,Banana
QCL,Crops and livestock products,220,Trinidad and Tobago,5312,Area harvested,1312,2019,2019,ha,979,I,Value imputed by a receiving agency,,Banana
QCL,Crops and livestock products,220,Trinidad and Tobago,5412,Yield,1312,2019,2019,kg/ha,3484.6,E,Estimated value,,Banana
QCL,Crops and livestock products,220,Trinidad and Tobago,5510,Production,1312,2019,2019,t,3410.88,E,Estimated value,,Banana
QCL,Crops and livestock products,220,Trinidad and Tobago,5312,Area harvested,1312,2020,2020,ha,998,E,Estimated value,,Banana
QCL,Crops and livestock products,220,Trinidad and Tobago,5412,Yield,1312,2020,2020,kg/ha,3377.5,E,Estimated value,,Banana
QCL,Crops and livestock products,220,Trinidad and Tobago,5510,Production,1312,2020,2020,t,3369.87,I,Value imputed by a receiving agency,,Banana
QCL,Crops and livestock products,220,Trinidad and Tobago,5312,Area harvested,1312,2021,2021,ha,979,I,Value imputed by a receiving agency,,Banana
QCL,Crops and livestock products,220,Trinidad and Tobago,5412,Yield,1312,2021,2021,kg/ha,3394.4,E,Estimated value,,Banana
QCL,Crops and livestock products,220,Trinidad and Tobago,5510,Production,1312,2021,2021,t,3324.8,I,Value imputed by a receiving agency,,Banana
QCL,Crops and livestock products,220,Trinidad and Tobago,5312,Area harvested,1312,2022,2022,ha,967,I,Value imputed by a receiving agency,,Banana
QCL,Crops and livestock products,220,Trinidad and Tobago,5412,Yield,1312,2022,2022,kg/ha,3415.6,E,Estimated value,,Banana
QCL,Crops and livestock products,220,Trinidad and Tobago,5510,Production,1312,2022,2022,t,3303.26,I,Value imputed by a receiving agency,,Banana
QCL,Crops and livestock products,220,Trinidad and Tobago,5312,Area harvested,1312,2023,2023,ha,981,E,Estimated value,,Banana
QCL,Crops and livestock products,220,Trinidad and Tobago,5412,Yield,1312,2023,2023,kg/ha,3335.3,E,Estimated value,,Banana
QCL,Crops and livestock products,220,Trinidad and Tobago,5510,Production,1312,2023,2023,t,3273.44,I,Value imputed by a receiving agency,,Banana
QCL,Crops and livestock products,220,Trinidad and Tobago,5312,Area harvested,1312,2024,2024,ha,976,E,Estimated value,,Banana
QCL,Crops and livestock products,220,Trinidad and Tobago,5412,Yield,1312,2024,2024,kg/ha,3325.4,E,Estimated value,,Banana
QCL,Crops and livestock products,220,Trinidad and Tobago,5510,Production,1312,2024,2024,t,3245.59,I,Value imputed by a receiving agency,,Banana
QCL,Crops and livestock products,223,Türkiye,5312,Area harvested,1312,2010,2010,ha,4428,A,Official value,,Banana
QCL,Crops and livestock products,223,Türkiye,5412,Yield,1312,2010,2010,kg/ha,47465.7,A,Official value,,Banana
QCL,Crops and livestock products,223,Türkiye,5510,Production,1312,2010,2010,t,210178,A,Official value,,Banana
QCL,Crops and livestock products,223,Türkiye,5312,Area harvested,1312,2011,2011,ha,4507,A,Official value,,Banana
QCL,Crops and livestock products,223,Türkiye,5412,Yield,1312,2011,2011,kg/ha,45817.8,A,Official value,,Banana
QCL,Crops and livestock products,223,Türkiye,5510,Production,1312,2011,2011,t,206501,A,Official value,,Banana
QCL,Crops and livestock products,223,Türkiye,5312,Area harvested,1312,2012,2012,ha,4492,A,Official value,,Banana
QCL,Crops and livestock products,223,Türkiye,5412,Yield,1312,2012,2012,kg/ha,46243.8,A,Official value,,Banana
QCL,Crops and livestock products,223,Türkiye,5510,Production,1312,2012,2012,t,207727,A,Official value,,Banana
QCL,Crops and livestock products,223,Türkiye,5312,Area harvested,1312,2013,2013,ha,4670,A,Official value,,Banana
QCL,Crops and livestock products,223,Türkiye,5412,Yield,1312,2013,2013,kg/ha,46139.6,A,Official value,,Banana
QCL,Crops and livestock products,223,Türkiye,5510,Production,1312,2013,2013,t,215472,A,Official value,,Banana
QCL,Crops and livestock products,223,Türkiye,5312,Area harvested,1312,2014,2014,ha,5350,A,Official value,,Banana
QCL,Crops and livestock products,223,Türkiye,5412,Yield,1312,2014,2014,kg/ha,47101.7,A,Official value,,Banana
QCL,Crops and livestock products,223,Türkiye,5510,Production,1312,2014,2014,t,251994,A,Official value,,Banana
QCL,Crops and livestock products,223,Türkiye,5312,Area harvested,1312,2015,2015,ha,5838,A,Official value,,Banana
QCL,Crops and livestock products,223,Türkiye,5412,Yield,1312,2015,2015,kg/ha,46334.4,A,Official value,,Banana
QCL,Crops and livestock products,223,Türkiye,5510,Production,1312,2015,2015,t,270500,A,Official value,,Banana
QCL,Crops and livestock products,223,Türkiye,5312,Area harvested,1312,2016,2016,ha,6225,A,Official value,,Banana
QCL,Crops and livestock products,223,Türkiye,5412,Yield,1312,2016,2016,kg/ha,49144.7,A,Official value,,Banana
QCL,Crops and livestock products,223,Türkiye,5510,Production,1312,2016,2016,t,305926,A,Official value,,Banana
QCL,Crops and livestock products,223,Türkiye,5312,Area harvested,1312,2017,2017,ha,6821,A,Official value,,Banana
QCL,Crops and livestock products,223,Türkiye,5412,Yield,1312,2017,2017,kg/ha,54099,A,Official value,,Banana
QCL,Crops and livestock products,223,Türkiye,5510,Production,1312,2017,2017,t,369009,A,Official value,,Banana
QCL,Crops and livestock products,223,Türkiye,5312,Area harvested,1312,2018,2018,ha,7616,A,Official value,,Banana
QCL,Crops and livestock products,223,Türkiye,5412,Yield,1312,2018,2018,kg/ha,65505.3,A,Official value,,Banana
QCL,Crops and livestock products,223,Türkiye,5510,Production,1312,2018,2018,t,498888,A,Official value,,Banana
QCL,Crops and livestock products,223,Türkiye,5312,Area harvested,1312,2019,2019,ha,8488,A,Official value,,Banana
QCL,Crops and livestock products,223,Türkiye,5412,Yield,1312,2019,2019,kg/ha,64599.8,A,Official value,,Banana
QCL,Crops and livestock products,223,Türkiye,5510,Production,1312,2019,2019,t,548323,A,Official value,,Banana
QCL,Crops and livestock products,223,Türkiye,5312,Area harvested,1312,2020,2020,ha,11154,A,Official value,,Banana
QCL,Crops and livestock products,223,Türkiye,5412,Yield,1312,2020,2020,kg/ha,65280,A,Official value,,Banana
QCL,Crops and livestock products,223,Türkiye,5510,Production,1312,2020,2020,t,728133,A,Official value,,Banana
QCL,Crops and livestock products,223,Türkiye,5312,Area harvested,1312,2021,2021,ha,12286,A,Official value,,Banana
QCL,Crops and livestock products,223,Türkiye,5412,Yield,1312,2021,2021,kg/ha,71907.5,A,Official value,,Banana
QCL,Crops and livestock products,223,Türkiye,5510,Production,1312,2021,2021,t,883455,A,Official value,,Banana
QCL,Crops and livestock products,223,Türkiye,5312,Area harvested,1312,2022,2022,ha,14203,A,Official value,,Banana
QCL,Crops and livestock products,223,Türkiye,5412,Yield,1312,2022,2022,kg/ha,70213.6,A,Official value,,Banana
QCL,Crops and livestock products,223,Türkiye,5510,Production,1312,2022,2022,t,997244,A,Official value,,Banana
QCL,Crops and livestock products,223,Türkiye,5312,Area harvested,1312,2023,2023,ha,13611,A,Official value,,Banana
QCL,Crops and livestock products,223,Türkiye,5412,Yield,1312,2023,2023,kg/ha,68344.7,A,Official value,,Banana
QCL,Crops and livestock products,223,Türkiye,5510,Production,1312,2023,2023,t,930240,A,Official value,,Banana
QCL,Crops and livestock products,223,Türkiye,5312,Area harvested,1312,2024,2024,ha,12918,A,Official value,,Banana
QCL,Crops and livestock products,223,Türkiye,5412,Yield,1312,2024,2024,kg/ha,67734.9,A,Official value,,Banana
QCL,Crops and livestock products,223,Türkiye,5510,Production,1312,2024,2024,t,875000,A,Official value,,Banana
QCL,Crops and livestock products,227,Tuvalu,5312,Area harvested,1312,2010,2010,ha,15,E,Estimated value,,Banana
QCL,Crops and livestock products,227,Tuvalu,5412,Yield,1312,2010,2010,kg/ha,18446.8,E,Estimated value,,Banana
QCL,Crops and livestock products,227,Tuvalu,5510,Production,1312,2010,2010,t,276.7,I,Value imputed by a receiving agency,,Banana
QCL,Crops and livestock products,227,Tuvalu,5312,Area harvested,1312,2011,2011,ha,15,E,Estimated value,,Banana
QCL,Crops and livestock products,227,Tuvalu,5412,Yield,1312,2011,2011,kg/ha,18434.9,E,Estimated value,,Banana
QCL,Crops and livestock products,227,Tuvalu,5510,Production,1312,2011,2011,t,276.52,I,Value imputed by a receiving agency,,Banana
QCL,Crops and livestock products,227,Tuvalu,5312,Area harvested,1312,2012,2012,ha,15,E,Estimated value,,Banana
QCL,Crops and livestock products,227,Tuvalu,5412,Yield,1312,2012,2012,kg/ha,18000,E,Estimated value,,Banana
QCL,Crops and livestock products,227,Tuvalu,5510,Production,1312,2012,2012,t,270,E,Estimated value,,Banana
QCL,Crops and livestock products,227,Tuvalu,5312,Area harvested,1312,2013,2013,ha,15,E,Estimated value,,Banana
QCL,Crops and livestock products,227,Tuvalu,5412,Yield,1312,2013,2013,kg/ha,18477,E,Estimated value,,Banana
QCL,Crops and livestock products,227,Tuvalu,5510,Production,1312,2013,2013,t,277.15,I,Value imputed by a receiving agency,,Banana
QCL,Crops and livestock products,227,Tuvalu,5312,Area harvested,1312,2014,2014,ha,15,E,Estimated value,,Banana
QCL,Crops and livestock products,227,Tuvalu,5412,Yield,1312,2014,2014,kg/ha,18675.3,E,Estimated value,,Banana
QCL,Crops and livestock products,227,Tuvalu,5510,Production,1312,2014,2014,t,280.13,I,Value imputed by a receiving agency,,Banana
QCL,Crops and livestock products,227,Tuvalu,5312,Area harvested,1312,2015,2015,ha,16,E,Estimated value,,Banana
QCL,Crops and livestock products,227,Tuvalu,5412,Yield,1312,2015,2015,kg/ha,17774.9,E,Estimated value,,Banana
QCL,Crops and livestock products,227,Tuvalu,5510,Production,1312,2015,2015,t,284.4,I,Value imputed by a receiving agency,,Banana
QCL,Crops and livestock products,227,Tuvalu,5312,Area harvested,1312,2016,2016,ha,16,E,Estimated value,,Banana
QCL,Crops and livestock products,227,Tuvalu,5412,Yield,1312,2016,2016,kg/ha,17781.5,E,Estimated value,,Banana
QCL,Crops and livestock products,227,Tuvalu,5510,Production,1312,2016,2016,t,284.5,I,Value imputed by a receiving agency,,Banana
QCL,Crops and livestock products,227,Tuvalu,5312,Area harvested,1312,2017,2017,ha,16,E,Estimated value,,Banana
QCL,Crops and livestock products,227,Tuvalu,5412,Yield,1312,2017,2017,kg/ha,17785.8,E,Estimated value,,Banana
QCL,Crops and livestock products,227,Tuvalu,5510,Production,1312,2017,2017,t,284.57,I,Value imputed by a receiving agency,,Banana
QCL,Crops and livestock products,227,Tuvalu,5312,Area harvested,1312,2018,2018,ha,16,E,Estimated value,,Banana
QCL,Crops and livestock products,227,Tuvalu,5412,Yield,1312,2018,2018,kg/ha,17953.2,E,Estimated value,,Banana
QCL,Crops and livestock products,227,Tuvalu,5510,Production,1312,2018,2018,t,287.25,I,Value imputed by a receiving agency,,Banana
QCL,Crops and livestock products,227,Tuvalu,5312,Area harvested,1312,2019,2019,ha,16,E,Estimated value,,Banana
QCL,Crops and livestock products,227,Tuvalu,5412,Yield,1312,2019,2019,kg/ha,18009.7,E,Estimated value,,Banana
QCL,Crops and livestock products,227,Tuvalu,5510,Production,1312,2019,2019,t,288.16,I,Value imputed by a receiving agency,,Banana
QCL,Crops and livestock products,227,Tuvalu,5312,Area harvested,1312,2020,2020,ha,16,E,Estimated value,,Banana
QCL,Crops and livestock products,227,Tuvalu,5412,Yield,1312,2020,2020,kg/ha,17993.2,E,Estimated value,,Banana
QCL,Crops and livestock products,227,Tuvalu,5510,Production,1312,2020,2020,t,287.89,I,Value imputed by a receiving agency,,Banana
QCL,Crops and livestock products,227,Tuvalu,5312,Area harvested,1312,2021,2021,ha,16,E,Estimated value,,Banana
QCL,Crops and livestock products,227,Tuvalu,5412,Yield,1312,2021,2021,kg/ha,17996.5,E,Estimated value,,Banana
QCL,Crops and livestock products,227,Tuvalu,5510,Production,1312,2021,2021,t,288.94,I,Value imputed by a receiving agency,,Banana
QCL,Crops and livestock products,227,Tuvalu,5312,Area harvested,1312,2022,2022,ha,16,I,Value imputed by a receiving agency,,Banana
QCL,Crops and livestock products,227,Tuvalu,5412,Yield,1312,2022,2022,kg/ha,18031.6,E,Estimated value,,Banana
QCL,Crops and livestock products,227,Tuvalu,5510,Production,1312,2022,2022,t,289.33,I,Value imputed by a receiving agency,,Banana
QCL,Crops and livestock products,227,Tuvalu,5312,Area harvested,1312,2023,2023,ha,16,I,Value imputed by a receiving agency,,Banana
QCL,Crops and livestock products,227,Tuvalu,5412,Yield,1312,2023,2023,kg/ha,18022.4,E,Estimated value,,Banana
QCL,Crops and livestock products,227,Tuvalu,5510,Production,1312,2023,2023,t,293.58,I,Value imputed by a receiving agency,,Banana
QCL,Crops and livestock products,227,Tuvalu,5312,Area harvested,1312,2024,2024,ha,16,I,Value imputed by a receiving agency,,Banana
QCL,Crops and livestock products,227,Tuvalu,5412,Yield,1312,2024,2024,kg/ha,18013.2,E,Estimated value,,Banana
QCL,Crops and livestock products,227,Tuvalu,5510,Production,1312,2024,2024,t,293.52,I,Value imputed by a receiving agency,,Banana
QCL,Crops and livestock products,226,Uganda,5312,Area harvested,1312,2010,2010,ha,,M,Missing value; data cannot exist,,Banana
QCL,Crops and livestock products,226,Uganda,5510,Production,1312,2010,2010,t,,M,Missing value; data cannot exist,,Banana
QCL,Crops and livestock products,226,Uganda,5312,Area harvested,1312,2011,2011,ha,,M,Missing value; data cannot exist,,Banana
QCL,Crops and livestock products,226,Uganda,5510,Production,1312,2011,2011,t,,M,Missing value; data cannot exist,,Banana
QCL,Crops and livestock products,226,Uganda,5312,Area harvested,1312,2012,2012,ha,,M,Missing value; data cannot exist,,Banana
QCL,Crops and livestock products,226,Uganda,5510,Production,1312,2012,2012,t,,M,Missing value; data cannot exist,,Banana
QCL,Crops and livestock products,226,Uganda,5312,Area harvested,1312,2013,2013,ha,,M,Missing value; data cannot exist,,Banana
QCL,Crops and livestock products,226,Uganda,5510,Production,1312,2013,2013,t,,M,Missing value; data cannot exist,,Banana
QCL,Crops and livestock products,226,Uganda,5312,Area harvested,1312,2014,2014,ha,,M,Missing value; data cannot exist,,Banana
QCL,Crops and livestock products,226,Uganda,5510,Production,1312,2014,2014,t,,M,Missing value; data cannot exist,,Banana
QCL,Crops and livestock products,226,Uganda,5312,Area harvested,1312,2015,2015,ha,,M,Missing value; data cannot exist,,Banana
QCL,Crops and livestock products,226,Uganda,5510,Production,1312,2015,2015,t,,M,Missing value; data cannot exist,,Banana
QCL,Crops and livestock products,226,Uganda,5312,Area harvested,1312,2016,2016,ha,,M,Missing value; data cannot exist,,Banana
QCL,Crops and livestock products,226,Uganda,5510,Production,1312,2016,2016,t,,M,Missing value; data cannot exist,,Banana
QCL,Crops and livestock products,226,Uganda,5312,Area harvested,1312,2017,2017,ha,,M,Missing value; data cannot exist,,Banana
QCL,Crops and livestock products,226,Uganda,5510,Production,1312,2017,2017,t,,M,Missing value; data cannot exist,,Banana
QCL,Crops and livestock products,226,Uganda,5312,Area harvested,1312,2018,2018,ha,,M,Missing value; data cannot exist,,Banana
QCL,Crops and livestock products,226,Uganda,5510,Production,1312,2018,2018,t,,M,Missing value; data cannot exist,,Banana
QCL,Crops and livestock products,226,Uganda,5312,Area harvested,1312,2019,2019,ha,,M,Missing value; data cannot exist,,Banana
QCL,Crops and livestock products,226,Uganda,5510,Production,1312,2019,2019,t,,M,Missing value; data cannot exist,,Banana
QCL,Crops and livestock products,226,Uganda,5312,Area harvested,1312,2020,2020,ha,,M,Missing value; data cannot exist,,Banana
QCL,Crops and livestock products,226,Uganda,5510,Production,1312,2020,2020,t,,M,Missing value; data cannot exist,,Banana
QCL,Crops and livestock products,226,Uganda,5312,Area harvested,1312,2021,2021,ha,,M,Missing value; data cannot exist,,Banana
QCL,Crops and livestock products,226,Uganda,5510,Production,1312,2021,2021,t,,M,Missing value; data cannot exist,,Banana
QCL,Crops and livestock products,226,Uganda,5312,Area harvested,1312,2022,2022,ha,,M,Missing value; data cannot exist,,Banana
QCL,Crops and livestock products,226,Uganda,5510,Production,1312,2022,2022,t,,M,Missing value; data cannot exist,,Banana
QCL,Crops and livestock products,226,Uganda,5312,Area harvested,1312,2023,2023,ha,,M,Missing value; data cannot exist,,Banana
QCL,Crops and livestock products,226,Uganda,5510,Production,1312,2023,2023,t,,M,Missing value; data cannot exist,,Banana
QCL,Crops and livestock products,226,Uganda,5312,Area harvested,1312,2024,2024,ha,,M,Missing value; data cannot exist,,Banana
QCL,Crops and livestock products,226,Uganda,5510,Production,1312,2024,2024,t,,M,Missing value; data cannot exist,,Banana
QCL,Crops and livestock products,225,United Arab Emirates,5312,Area harvested,1312,2010,2010,ha,13,I,Value imputed by a receiving agency,,Banana
QCL,Crops and livestock products,225,United Arab Emirates,5412,Yield,1312,2010,2010,kg/ha,14689.7,E,Estimated value,,Banana
QCL,Crops and livestock products,225,United Arab Emirates,5510,Production,1312,2010,2010,t,186.85,I,Value imputed by a receiving agency,,Banana
QCL,Crops and livestock products,225,United Arab Emirates,5312,Area harvested,1312,2011,2011,ha,11,I,Value imputed by a receiving agency,,Banana
QCL,Crops and livestock products,225,United Arab Emirates,5412,Yield,1312,2011,2011,kg/ha,17202.3,E,Estimated value,,Banana
QCL,Crops and livestock products,225,United Arab Emirates,5510,Production,1312,2011,2011,t,188,I,Value imputed by a receiving agency,,Banana
QCL,Crops and livestock products,225,United Arab Emirates,5312,Area harvested,1312,2012,2012,ha,11,I,Value imputed by a receiving agency,,Banana
QCL,Crops and livestock products,225,United Arab Emirates,5412,Yield,1312,2012,2012,kg/ha,17528.7,E,Estimated value,,Banana
QCL,Crops and livestock products,225,United Arab Emirates,5510,Production,1312,2012,2012,t,188.7,I,Value imputed by a receiving agency,,Banana
QCL,Crops and livestock products,225,United Arab Emirates,5312,Area harvested,1312,2013,2013,ha,11,I,Value imputed by a receiving agency,,Banana
QCL,Crops and livestock products,225,United Arab Emirates,5412,Yield,1312,2013,2013,kg/ha,17993.5,E,Estimated value,,Banana
QCL,Crops and livestock products,225,United Arab Emirates,5510,Production,1312,2013,2013,t,191.02,I,Value imputed by a receiving agency,,Banana
QCL,Crops and livestock products,225,United Arab Emirates,5312,Area harvested,1312,2014,2014,ha,11,I,Value imputed by a receiving agency,,Banana
QCL,Crops and livestock products,225,United Arab Emirates,5412,Yield,1312,2014,2014,kg/ha,18230.9,E,Estimated value,,Banana
QCL,Crops and livestock products,225,United Arab Emirates,5510,Production,1312,2014,2014,t,194.27,I,Value imputed by a receiving agency,,Banana
QCL,Crops and livestock products,225,United Arab Emirates,5312,Area harvested,1312,2015,2015,ha,10,I,Value imputed by a receiving agency,,Banana
QCL,Crops and livestock products,225,United Arab Emirates,5412,Yield,1312,2015,2015,kg/ha,18862.3,E,Estimated value,,Banana
QCL,Crops and livestock products,225,United Arab Emirates,5510,Production,1312,2015,2015,t,197.41,I,Value imputed by a receiving agency,,Banana
QCL,Crops and livestock products,225,United Arab Emirates,5312,Area harvested,1312,2016,2016,ha,9,I,Value imputed by a receiving agency,,Banana
QCL,Crops and livestock products,225,United Arab Emirates,5412,Yield,1312,2016,2016,kg/ha,22948.2,E,Estimated value,,Banana
QCL,Crops and livestock products,225,United Arab Emirates,5510,Production,1312,2016,2016,t,210.5,I,Value imputed by a receiving agency,,Banana
QCL,Crops and livestock products,225,United Arab Emirates,5312,Area harvested,1312,2017,2017,ha,8,I,Value imputed by a receiving agency,,Banana
QCL,Crops and livestock products,225,United Arab Emirates,5412,Yield,1312,2017,2017,kg/ha,40798.4,E,Estimated value,,Banana
QCL,Crops and livestock products,225,United Arab Emirates,5510,Production,1312,2017,2017,t,318.67,I,Value imputed by a receiving agency,,Banana
QCL,Crops and livestock products,225,United Arab Emirates,5312,Area harvested,1312,2018,2018,ha,6,I,Value imputed by a receiving agency,,Banana
QCL,Crops and livestock products,225,United Arab Emirates,5412,Yield,1312,2018,2018,kg/ha,45445,E,Estimated value,,Banana
QCL,Crops and livestock products,225,United Arab Emirates,5510,Production,1312,2018,2018,t,278,I,Value imputed by a receiving agency,,Banana
QCL,Crops and livestock products,225,United Arab Emirates,5312,Area harvested,1312,2019,2019,ha,6,A,Official value,,Banana
QCL,Crops and livestock products,225,United Arab Emirates,5412,Yield,1312,2019,2019,kg/ha,49642.9,A,Official value,,Banana
QCL,Crops and livestock products,225,United Arab Emirates,5510,Production,1312,2019,2019,t,278,A,Official value,,Banana
QCL,Crops and livestock products,225,United Arab Emirates,5312,Area harvested,1312,2020,2020,ha,14,A,Official value,,Banana
QCL,Crops and livestock products,225,United Arab Emirates,5412,Yield,1312,2020,2020,kg/ha,50000,A,Official value,,Banana
QCL,Crops and livestock products,225,United Arab Emirates,5510,Production,1312,2020,2020,t,700,A,Official value,,Banana
QCL,Crops and livestock products,225,United Arab Emirates,5312,Area harvested,1312,2021,2021,ha,5,A,Official value,,Banana
QCL,Crops and livestock products,225,United Arab Emirates,5412,Yield,1312,2021,2021,kg/ha,56382.3,A,Official value,,Banana
QCL,Crops and livestock products,225,United Arab Emirates,5510,Production,1312,2021,2021,t,261,A,Official value,,Banana
QCL,Crops and livestock products,225,United Arab Emirates,5312,Area harvested,1312,2022,2022,ha,5,A,Official value,,Banana
QCL,Crops and livestock products,225,United Arab Emirates,5412,Yield,1312,2022,2022,kg/ha,51800,A,Official value,,Banana
QCL,Crops and livestock products,225,United Arab Emirates,5510,Production,1312,2022,2022,t,259,A,Official value,,Banana
QCL,Crops and livestock products,225,United Arab Emirates,5312,Area harvested,1312,2023,2023,ha,12,A,Official value,,Banana
QCL,Crops and livestock products,225,United Arab Emirates,5412,Yield,1312,2023,2023,kg/ha,26666.7,A,Official value,,Banana
QCL,Crops and livestock products,225,United Arab Emirates,5510,Production,1312,2023,2023,t,320,A,Official value,,Banana
QCL,Crops and livestock products,225,United Arab Emirates,5312,Area harvested,1312,2024,2024,ha,15,I,Value imputed by a receiving agency,,Banana
QCL,Crops and livestock products,225,United Arab Emirates,5412,Yield,1312,2024,2024,kg/ha,22273.2,E,Estimated value,,Banana
QCL,Crops and livestock products,225,United Arab Emirates,5510,Production,1312,2024,2024,t,327,I,Value imputed by a receiving agency,,Banana
QCL,Crops and livestock products,215,United Republic of Tanzania,5312,Area harvested,1312,2010,2010,ha,417910,A,Official value,,Banana
QCL,Crops and livestock products,215,United Republic of Tanzania,5412,Yield,1312,2010,2010,kg/ha,7551.2,A,Official value,,Banana
QCL,Crops and livestock products,215,United Republic of Tanzania,5510,Production,1312,2010,2010,t,3155710,A,Official value,,Banana
QCL,Crops and livestock products,215,United Republic of Tanzania,5312,Area harvested,1312,2011,2011,ha,532077,A,Official value,,Banana
QCL,Crops and livestock products,215,United Republic of Tanzania,5412,Yield,1312,2011,2011,kg/ha,5908.6,A,Official value,,Banana
QCL,Crops and livestock products,215,United Republic of Tanzania,5510,Production,1312,2011,2011,t,3143835,A,Official value,,Banana
QCL,Crops and livestock products,215,United Republic of Tanzania,5312,Area harvested,1312,2012,2012,ha,442190,A,Official value,,Banana
QCL,Crops and livestock products,215,United Republic of Tanzania,5412,Yield,1312,2012,2012,kg/ha,5709.6,A,Official value,,Banana
QCL,Crops and livestock products,215,United Republic of Tanzania,5510,Production,1312,2012,2012,t,2524740,A,Official value,,Banana
QCL,Crops and livestock products,215,United Republic of Tanzania,5312,Area harvested,1312,2013,2013,ha,469590,A,Official value,,Banana
QCL,Crops and livestock products,215,United Republic of Tanzania,5412,Yield,1312,2013,2013,kg/ha,5704.3,A,Official value,,Banana
QCL,Crops and livestock products,215,United Republic of Tanzania,5510,Production,1312,2013,2013,t,2678680,A,Official value,,Banana
QCL,Crops and livestock products,215,United Republic of Tanzania,5312,Area harvested,1312,2014,2014,ha,505320,A,Official value,,Banana
QCL,Crops and livestock products,215,United Republic of Tanzania,5412,Yield,1312,2014,2014,kg/ha,6316.8,A,Official value,,Banana
QCL,Crops and livestock products,215,United Republic of Tanzania,5510,Production,1312,2014,2014,t,3192030,A,Official value,,Banana
QCL,Crops and livestock products,215,United Republic of Tanzania,5312,Area harvested,1312,2015,2015,ha,452562,A,Official value,,Banana
QCL,Crops and livestock products,215,United Republic of Tanzania,5412,Yield,1312,2015,2015,kg/ha,7920.5,A,Official value,,Banana
QCL,Crops and livestock products,215,United Republic of Tanzania,5510,Production,1312,2015,2015,t,3584532,A,Official value,,Banana
QCL,Crops and livestock products,215,United Republic of Tanzania,5312,Area harvested,1312,2016,2016,ha,409786,I,Value imputed by a receiving agency,,Banana
QCL,Crops and livestock products,215,United Republic of Tanzania,5412,Yield,1312,2016,2016,kg/ha,7723.3,E,Estimated value,,Banana
QCL,Crops and livestock products,215,United Republic of Tanzania,5510,Production,1312,2016,2016,t,3164910.71,I,Value imputed by a receiving agency,,Banana
QCL,Crops and livestock products,215,United Republic of Tanzania,5312,Area harvested,1312,2017,2017,ha,440797,A,Official value,,Banana
QCL,Crops and livestock products,215,United Republic of Tanzania,5412,Yield,1312,2017,2017,kg/ha,5747.9,A,Official value,,Banana
QCL,Crops and livestock products,215,United Republic of Tanzania,5510,Production,1312,2017,2017,t,2533674,A,Official value,,Banana
QCL,Crops and livestock products,215,United Republic of Tanzania,5312,Area harvested,1312,2018,2018,ha,281486,A,Official value,,Banana
QCL,Crops and livestock products,215,United Republic of Tanzania,5412,Yield,1312,2018,2018,kg/ha,12062.8,A,Official value,,Banana
QCL,Crops and livestock products,215,United Republic of Tanzania,5510,Production,1312,2018,2018,t,3395499,A,Official value,,Banana
QCL,Crops and livestock products,215,United Republic of Tanzania,5312,Area harvested,1312,2019,2019,ha,302758,A,Official value,,Banana
QCL,Crops and livestock products,215,United Republic of Tanzania,5412,Yield,1312,2019,2019,kg/ha,11253,A,Official value,,Banana
QCL,Crops and livestock products,215,United Republic of Tanzania,5510,Production,1312,2019,2019,t,3406936,A,Official value,,Banana
QCL,Crops and livestock products,215,United Republic of Tanzania,5312,Area harvested,1312,2020,2020,ha,341680,E,Estimated value,,Banana
QCL,Crops and livestock products,215,United Republic of Tanzania,5412,Yield,1312,2020,2020,kg/ha,9108,E,Estimated value,,Banana
QCL,Crops and livestock products,215,United Republic of Tanzania,5510,Production,1312,2020,2020,t,3112036.33,E,Estimated value,,Banana
QCL,Crops and livestock products,215,United Republic of Tanzania,5312,Area harvested,1312,2021,2021,ha,308641,E,Estimated value,,Banana
QCL,Crops and livestock products,215,United Republic of Tanzania,5412,Yield,1312,2021,2021,kg/ha,10707.6,E,Estimated value,,Banana
QCL,Crops and livestock products,215,United Republic of Tanzania,5510,Production,1312,2021,2021,t,3304823.78,E,Estimated value,,Banana
QCL,Crops and livestock products,215,United Republic of Tanzania,5312,Area harvested,1312,2022,2022,ha,317693,E,Estimated value,,Banana
QCL,Crops and livestock products,215,United Republic of Tanzania,5412,Yield,1312,2022,2022,kg/ha,10307.4,E,Estimated value,,Banana
QCL,Crops and livestock products,215,United Republic of Tanzania,5510,Production,1312,2022,2022,t,3274598.7,E,Estimated value,,Banana
QCL,Crops and livestock products,215,United Republic of Tanzania,5312,Area harvested,1312,2023,2023,ha,322672,E,Estimated value,,Banana
QCL,Crops and livestock products,215,United Republic of Tanzania,5412,Yield,1312,2023,2023,kg/ha,10011.7,E,Estimated value,,Banana
QCL,Crops and livestock products,215,United Republic of Tanzania,5510,Production,1312,2023,2023,t,3230486.27,E,Estimated value,,Banana
QCL,Crops and livestock products,215,United Republic of Tanzania,5312,Area harvested,1312,2024,2024,ha,316335,E,Estimated value,,Banana
QCL,Crops and livestock products,215,United Republic of Tanzania,5412,Yield,1312,2024,2024,kg/ha,10337,E,Estimated value,,Banana
QCL,Crops and livestock products,215,United Republic of Tanzania,5510,Production,1312,2024,2024,t,3269969.58,E,Estimated value,,Banana
QCL,Crops and livestock products,231,United States of America,5312,Area harvested,1312,2010,2010,ha,445,A,Official value,,Banana
QCL,Crops and livestock products,231,United States of America,5412,Yield,1312,2010,2010,kg/ha,18143.8,A,Official value,,Banana
QCL,Crops and livestock products,231,United States of America,5510,Production,1312,2010,2010,t,8074,A,Official value,,Banana
QCL,Crops and livestock products,231,United States of America,5312,Area harvested,1312,2011,2011,ha,405,A,Official value,,Banana
QCL,Crops and livestock products,231,United States of America,5412,Yield,1312,2011,2011,kg/ha,19488.9,A,Official value,,Banana
QCL,Crops and livestock products,231,United States of America,5510,Production,1312,2011,2011,t,7893,A,Official value,,Banana
QCL,Crops and livestock products,231,United States of America,5312,Area harvested,1312,2012,2012,ha,396,I,Value imputed by a receiving agency,,Banana
QCL,Crops and livestock products,231,United States of America,5412,Yield,1312,2012,2012,kg/ha,18184.5,E,Estimated value,,Banana
QCL,Crops and livestock products,231,United States of America,5510,Production,1312,2012,2012,t,7201.96,I,Value imputed by a receiving agency,,Banana
QCL,Crops and livestock products,231,United States of America,5312,Area harvested,1312,2013,2013,ha,364,A,Official value,,Banana
QCL,Crops and livestock products,231,United States of America,5412,Yield,1312,2013,2013,kg/ha,18192.3,A,Official value,,Banana
QCL,Crops and livestock products,231,United States of America,5510,Production,1312,2013,2013,t,6622,A,Official value,,Banana
QCL,Crops and livestock products,231,United States of America,5312,Area harvested,1312,2014,2014,ha,348,A,Official value,,Banana
QCL,Crops and livestock products,231,United States of America,5412,Yield,1312,2014,2014,kg/ha,18770.1,A,Official value,,Banana
QCL,Crops and livestock products,231,United States of America,5510,Production,1312,2014,2014,t,6532,A,Official value,,Banana
QCL,Crops and livestock products,231,United States of America,5312,Area harvested,1312,2015,2015,ha,336,A,Official value,,Banana
QCL,Crops and livestock products,231,United States of America,5412,Yield,1312,2015,2015,kg/ha,16199.4,A,Official value,,Banana
QCL,Crops and livestock products,231,United States of America,5510,Production,1312,2015,2015,t,5443,A,Official value,,Banana
QCL,Crops and livestock products,231,United States of America,5312,Area harvested,1312,2016,2016,ha,294,A,Official value,,Banana
QCL,Crops and livestock products,231,United States of America,5412,Yield,1312,2016,2016,kg/ha,11520.4,A,Official value,,Banana
QCL,Crops and livestock products,231,United States of America,5510,Production,1312,2016,2016,t,3387,A,Official value,,Banana
QCL,Crops and livestock products,231,United States of America,5312,Area harvested,1312,2017,2017,ha,380,A,Official value,,Banana
QCL,Crops and livestock products,231,United States of America,5412,Yield,1312,2017,2017,kg/ha,7947.4,A,Official value,,Banana
QCL,Crops and livestock products,231,United States of America,5510,Production,1312,2017,2017,t,3020,A,Official value,,Banana
QCL,Crops and livestock products,231,United States of America,5312,Area harvested,1312,2018,2018,ha,337,E,Estimated value,,Banana
QCL,Crops and livestock products,231,United States of America,5412,Yield,1312,2018,2018,kg/ha,11732.7,E,Estimated value,,Banana
QCL,Crops and livestock products,231,United States of America,5510,Production,1312,2018,2018,t,3950,E,Estimated value,,Banana
QCL,Crops and livestock products,231,United States of America,5312,Area harvested,1312,2019,2019,ha,348,I,Value imputed by a receiving agency,,Banana
QCL,Crops and livestock products,231,United States of America,5412,Yield,1312,2019,2019,kg/ha,9907.2,E,Estimated value,,Banana
QCL,Crops and livestock products,231,United States of America,5510,Production,1312,2019,2019,t,3452.33,E,Estimated value,,Banana
QCL,Crops and livestock products,231,United States of America,5312,Area harvested,1312,2020,2020,ha,339,I,Value imputed by a receiving agency,,Banana
QCL,Crops and livestock products,231,United States of America,5412,Yield,1312,2020,2020,kg/ha,10262.2,E,Estimated value,,Banana
QCL,Crops and livestock products,231,United States of America,5510,Production,1312,2020,2020,t,3474.11,E,Estimated value,,Banana
QCL,Crops and livestock products,231,United States of America,5312,Area harvested,1312,2021,2021,ha,328,I,Value imputed by a receiving agency,,Banana
QCL,Crops and livestock products,231,United States of America,5412,Yield,1312,2021,2021,kg/ha,11036.9,E,Estimated value,,Banana
QCL,Crops and livestock products,231,United States of America,5510,Production,1312,2021,2021,t,3625.48,E,Estimated value,,Banana
QCL,Crops and livestock products,231,United States of America,5312,Area harvested,1312,2022,2022,ha,338,E,Estimated value,,Banana
QCL,Crops and livestock products,231,United States of America,5412,Yield,1312,2022,2022,kg/ha,10391,E,Estimated value,,Banana
QCL,Crops and livestock products,231,United States of America,5510,Production,1312,2022,2022,t,3517.31,E,Estimated value,,Banana
QCL,Crops and livestock products,231,United States of America,5312,Area harvested,1312,2023,2023,ha,335,E,Estimated value,,Banana
QCL,Crops and livestock products,231,United States of America,5412,Yield,1312,2023,2023,kg/ha,10558.6,E,Estimated value,,Banana
QCL,Crops and livestock products,231,United States of America,5510,Production,1312,2023,2023,t,3538.97,E,Estimated value,,Banana
QCL,Crops and livestock products,231,United States of America,5312,Area harvested,1312,2024,2024,ha,334,E,Estimated value,,Banana
QCL,Crops and livestock products,231,United States of America,5412,Yield,1312,2024,2024,kg/ha,10658.7,E,Estimated value,,Banana
QCL,Crops and livestock products,231,United States of America,5510,Production,1312,2024,2024,t,3560.59,E,Estimated value,,Banana
QCL,Crops and livestock products,155,Vanuatu,5312,Area harvested,1312,2010,2010,ha,1500,E,Estimated value,,Banana
QCL,Crops and livestock products,155,Vanuatu,5412,Yield,1312,2010,2010,kg/ha,10666.7,E,Estimated value,,Banana
QCL,Crops and livestock products,155,Vanuatu,5510,Production,1312,2010,2010,t,16000,E,Estimated value,,Banana
QCL,Crops and livestock products,155,Vanuatu,5312,Area harvested,1312,2011,2011,ha,1424,I,Value imputed by a receiving agency,,Banana
QCL,Crops and livestock products,155,Vanuatu,5412,Yield,1312,2011,2011,kg/ha,10533.5,E,Estimated value,,Banana
QCL,Crops and livestock products,155,Vanuatu,5510,Production,1312,2011,2011,t,15000,E,Estimated value,,Banana
QCL,Crops and livestock products,155,Vanuatu,5312,Area harvested,1312,2012,2012,ha,1500,E,Estimated value,,Banana
QCL,Crops and livestock products,155,Vanuatu,5412,Yield,1312,2012,2012,kg/ha,10333.3,E,Estimated value,,Banana
QCL,Crops and livestock products,155,Vanuatu,5510,Production,1312,2012,2012,t,15500,E,Estimated value,,Banana
QCL,Crops and livestock products,155,Vanuatu,5312,Area harvested,1312,2013,2013,ha,1558,I,Value imputed by a receiving agency,,Banana
QCL,Crops and livestock products,155,Vanuatu,5412,Yield,1312,2013,2013,kg/ha,10162.5,E,Estimated value,,Banana
QCL,Crops and livestock products,155,Vanuatu,5510,Production,1312,2013,2013,t,15829.19,I,Value imputed by a receiving agency,,Banana
QCL,Crops and livestock products,155,Vanuatu,5312,Area harvested,1312,2014,2014,ha,1610,I,Value imputed by a receiving agency,,Banana
QCL,Crops and livestock products,155,Vanuatu,5412,Yield,1312,2014,2014,kg/ha,9963.6,E,Estimated value,,Banana
QCL,Crops and livestock products,155,Vanuatu,5510,Production,1312,2014,2014,t,16040.4,I,Value imputed by a receiving agency,,Banana
QCL,Crops and livestock products,155,Vanuatu,5312,Area harvested,1312,2015,2015,ha,1643,I,Value imputed by a receiving agency,,Banana
QCL,Crops and livestock products,155,Vanuatu,5412,Yield,1312,2015,2015,kg/ha,9865.2,E,Estimated value,,Banana
QCL,Crops and livestock products,155,Vanuatu,5510,Production,1312,2015,2015,t,16211.13,I,Value imputed by a receiving agency,,Banana
QCL,Crops and livestock products,155,Vanuatu,5312,Area harvested,1312,2016,2016,ha,1604,E,Estimated value,,Banana
QCL,Crops and livestock products,155,Vanuatu,5412,Yield,1312,2016,2016,kg/ha,10207.2,E,Estimated value,,Banana
QCL,Crops and livestock products,155,Vanuatu,5510,Production,1312,2016,2016,t,16368.2,I,Value imputed by a receiving agency,,Banana
QCL,Crops and livestock products,155,Vanuatu,5312,Area harvested,1312,2017,2017,ha,1597,I,Value imputed by a receiving agency,,Banana
QCL,Crops and livestock products,155,Vanuatu,5412,Yield,1312,2017,2017,kg/ha,10347.3,E,Estimated value,,Banana
QCL,Crops and livestock products,155,Vanuatu,5510,Production,1312,2017,2017,t,16521.19,I,Value imputed by a receiving agency,,Banana
QCL,Crops and livestock products,155,Vanuatu,5312,Area harvested,1312,2018,2018,ha,1598,I,Value imputed by a receiving agency,,Banana
QCL,Crops and livestock products,155,Vanuatu,5412,Yield,1312,2018,2018,kg/ha,10444.8,E,Estimated value,,Banana
QCL,Crops and livestock products,155,Vanuatu,5510,Production,1312,2018,2018,t,16689.71,I,Value imputed by a receiving agency,,Banana
QCL,Crops and livestock products,155,Vanuatu,5312,Area harvested,1312,2019,2019,ha,1603,I,Value imputed by a receiving agency,,Banana
QCL,Crops and livestock products,155,Vanuatu,5412,Yield,1312,2019,2019,kg/ha,10545.7,E,Estimated value,,Banana
QCL,Crops and livestock products,155,Vanuatu,5510,Production,1312,2019,2019,t,16907.31,I,Value imputed by a receiving agency,,Banana
QCL,Crops and livestock products,155,Vanuatu,5312,Area harvested,1312,2020,2020,ha,1610,I,Value imputed by a receiving agency,,Banana
QCL,Crops and livestock products,155,Vanuatu,5412,Yield,1312,2020,2020,kg/ha,10636.1,E,Estimated value,,Banana
QCL,Crops and livestock products,155,Vanuatu,5510,Production,1312,2020,2020,t,17122.02,I,Value imputed by a receiving agency,,Banana
QCL,Crops and livestock products,155,Vanuatu,5312,Area harvested,1312,2021,2021,ha,1658,I,Value imputed by a receiving agency,,Banana
QCL,Crops and livestock products,155,Vanuatu,5412,Yield,1312,2021,2021,kg/ha,10447.6,E,Estimated value,,Banana
QCL,Crops and livestock products,155,Vanuatu,5510,Production,1312,2021,2021,t,17324.79,I,Value imputed by a receiving agency,,Banana
QCL,Crops and livestock products,155,Vanuatu,5312,Area harvested,1312,2022,2022,ha,1674,I,Value imputed by a receiving agency,,Banana
QCL,Crops and livestock products,155,Vanuatu,5412,Yield,1312,2022,2022,kg/ha,10487.2,E,Estimated value,,Banana
QCL,Crops and livestock products,155,Vanuatu,5510,Production,1312,2022,2022,t,17556,A,Official value,,Banana
QCL,Crops and livestock products,155,Vanuatu,5312,Area harvested,1312,2023,2023,ha,1688,I,Value imputed by a receiving agency,,Banana
QCL,Crops and livestock products,155,Vanuatu,5412,Yield,1312,2023,2023,kg/ha,10495.3,E,Estimated value,,Banana
QCL,Crops and livestock products,155,Vanuatu,5510,Production,1312,2023,2023,t,17716.77,I,Value imputed by a receiving agency,,Banana
QCL,Crops and livestock products,155,Vanuatu,5312,Area harvested,1312,2024,2024,ha,1702,I,Value imputed by a receiving agency,,Banana
QCL,Crops and livestock products,155,Vanuatu,5412,Yield,1312,2024,2024,kg/ha,10497.9,E,Estimated value,,Banana
QCL,Crops and livestock products,155,Vanuatu,5510,Production,1312,2024,2024,t,17870.85,I,Value imputed by a receiving agency,,Banana
QCL,Crops and livestock products,236,Venezuela (Bolivarian Republic of),5312,Area harvested,1312,2010,2010,ha,38593,A,Official value,,Banana
QCL,Crops and livestock products,236,Venezuela (Bolivarian Republic of),5412,Yield,1312,2010,2010,kg/ha,9719.8,A,Official value,,Banana
QCL,Crops and livestock products,236,Venezuela (Bolivarian Republic of),5510,Production,1312,2010,2010,t,375118,A,Official value,,Banana
QCL,Crops and livestock products,236,Venezuela (Bolivarian Republic of),5312,Area harvested,1312,2011,2011,ha,41527,A,Official value,,Banana
QCL,Crops and livestock products,236,Venezuela (Bolivarian Republic of),5412,Yield,1312,2011,2011,kg/ha,10141.3,A,Official value,,Banana
QCL,Crops and livestock products,236,Venezuela (Bolivarian Republic of),5510,Production,1312,2011,2011,t,421136,A,Official value,,Banana
QCL,Crops and livestock products,236,Venezuela (Bolivarian Republic of),5312,Area harvested,1312,2012,2012,ha,28035,A,Official value,,Banana
QCL,Crops and livestock products,236,Venezuela (Bolivarian Republic of),5412,Yield,1312,2012,2012,kg/ha,15143.9,A,Official value,,Banana
QCL,Crops and livestock products,236,Venezuela (Bolivarian Republic of),5510,Production,1312,2012,2012,t,424558,A,Official value,,Banana
QCL,Crops and livestock products,236,Venezuela (Bolivarian Republic of),5312,Area harvested,1312,2013,2013,ha,27884,A,Official value,,Banana
QCL,Crops and livestock products,236,Venezuela (Bolivarian Republic of),5412,Yield,1312,2013,2013,kg/ha,15365,A,Official value,,Banana
QCL,Crops and livestock products,236,Venezuela (Bolivarian Republic of),5510,Production,1312,2013,2013,t,428438,A,Official value,,Banana
QCL,Crops and livestock products,236,Venezuela (Bolivarian Republic of),5312,Area harvested,1312,2014,2014,ha,32837,A,Official value,,Banana
QCL,Crops and livestock products,236,Venezuela (Bolivarian Republic of),5412,Yield,1312,2014,2014,kg/ha,14822.8,A,Official value,,Banana
QCL,Crops and livestock products,236,Venezuela (Bolivarian Republic of),5510,Production,1312,2014,2014,t,486737,A,Official value,,Banana
QCL,Crops and livestock products,236,Venezuela (Bolivarian Republic of),5312,Area harvested,1312,2015,2015,ha,35941,A,Official value,,Banana
QCL,Crops and livestock products,236,Venezuela (Bolivarian Republic of),5412,Yield,1312,2015,2015,kg/ha,14999.5,A,Official value,,Banana
QCL,Crops and livestock products,236,Venezuela (Bolivarian Republic of),5510,Production,1312,2015,2015,t,539097,A,Official value,,Banana
QCL,Crops and livestock products,236,Venezuela (Bolivarian Republic of),5312,Area harvested,1312,2016,2016,ha,36923,A,Official value,,Banana
QCL,Crops and livestock products,236,Venezuela (Bolivarian Republic of),5412,Yield,1312,2016,2016,kg/ha,15153.8,A,Official value,,Banana
QCL,Crops and livestock products,236,Venezuela (Bolivarian Republic of),5510,Production,1312,2016,2016,t,559525.45,A,Official value,,Banana
QCL,Crops and livestock products,236,Venezuela (Bolivarian Republic of),5312,Area harvested,1312,2017,2017,ha,35486,A,Official value,,Banana
QCL,Crops and livestock products,236,Venezuela (Bolivarian Republic of),5412,Yield,1312,2017,2017,kg/ha,15541.2,A,Official value,,Banana
QCL,Crops and livestock products,236,Venezuela (Bolivarian Republic of),5510,Production,1312,2017,2017,t,551494,A,Official value,,Banana
QCL,Crops and livestock products,236,Venezuela (Bolivarian Republic of),5312,Area harvested,1312,2018,2018,ha,39697,A,Official value,,Banana
QCL,Crops and livestock products,236,Venezuela (Bolivarian Republic of),5412,Yield,1312,2018,2018,kg/ha,16045.9,A,Official value,,Banana
QCL,Crops and livestock products,236,Venezuela (Bolivarian Republic of),5510,Production,1312,2018,2018,t,636973,A,Official value,,Banana
QCL,Crops and livestock products,236,Venezuela (Bolivarian Republic of),5312,Area harvested,1312,2019,2019,ha,39196,A,Official value,,Banana
QCL,Crops and livestock products,236,Venezuela (Bolivarian Republic of),5412,Yield,1312,2019,2019,kg/ha,12976.2,A,Official value,,Banana
QCL,Crops and livestock products,236,Venezuela (Bolivarian Republic of),5510,Production,1312,2019,2019,t,508615,A,Official value,,Banana
QCL,Crops and livestock products,236,Venezuela (Bolivarian Republic of),5312,Area harvested,1312,2020,2020,ha,34654,A,Official value,,Banana
QCL,Crops and livestock products,236,Venezuela (Bolivarian Republic of),5412,Yield,1312,2020,2020,kg/ha,15234.8,A,Official value,,Banana
QCL,Crops and livestock products,236,Venezuela (Bolivarian Republic of),5510,Production,1312,2020,2020,t,527948,A,Official value,,Banana
QCL,Crops and livestock products,236,Venezuela (Bolivarian Republic of),5312,Area harvested,1312,2021,2021,ha,31352,A,Official value,,Banana
QCL,Crops and livestock products,236,Venezuela (Bolivarian Republic of),5412,Yield,1312,2021,2021,kg/ha,16993.1,A,Official value,,Banana
QCL,Crops and livestock products,236,Venezuela (Bolivarian Republic of),5510,Production,1312,2021,2021,t,532767,A,Official value,,Banana
QCL,Crops and livestock products,236,Venezuela (Bolivarian Republic of),5312,Area harvested,1312,2022,2022,ha,34864,A,Official value,,Banana
QCL,Crops and livestock products,236,Venezuela (Bolivarian Republic of),5412,Yield,1312,2022,2022,kg/ha,15160.3,A,Official value,,Banana
QCL,Crops and livestock products,236,Venezuela (Bolivarian Republic of),5510,Production,1312,2022,2022,t,528550,A,Official value,,Banana
QCL,Crops and livestock products,236,Venezuela (Bolivarian Republic of),5312,Area harvested,1312,2023,2023,ha,35678,A,Official value,,Banana
QCL,Crops and livestock products,236,Venezuela (Bolivarian Republic of),5412,Yield,1312,2023,2023,kg/ha,15337.2,A,Official value,,Banana
QCL,Crops and livestock products,236,Venezuela (Bolivarian Republic of),5510,Production,1312,2023,2023,t,547199,A,Official value,,Banana
QCL,Crops and livestock products,236,Venezuela (Bolivarian Republic of),5312,Area harvested,1312,2024,2024,ha,35277,I,Value imputed by a receiving agency,,Banana
QCL,Crops and livestock products,236,Venezuela (Bolivarian Republic of),5412,Yield,1312,2024,2024,kg/ha,15134.6,E,Estimated value,,Banana
QCL,Crops and livestock products,236,Venezuela (Bolivarian Republic of),5510,Production,1312,2024,2024,t,533896.07,I,Value imputed by a receiving agency,,Banana
QCL,Crops and livestock products,237,Viet Nam,5312,Area harvested,1312,2010,2010,ha,103488,I,Value imputed by a receiving agency,,Banana
QCL,Crops and livestock products,237,Viet Nam,5412,Yield,1312,2010,2010,kg/ha,15636.9,E,Estimated value,,Banana
QCL,Crops and livestock products,237,Viet Nam,5510,Production,1312,2010,2010,t,1618231.44,I,Value imputed by a receiving agency,,Banana
QCL,Crops and livestock products,237,Viet Nam,5312,Area harvested,1312,2011,2011,ha,106452,A,Official value,,Banana
QCL,Crops and livestock products,237,Viet Nam,5412,Yield,1312,2011,2011,kg/ha,16368.2,A,Official value,,Banana
QCL,Crops and livestock products,237,Viet Nam,5510,Production,1312,2011,2011,t,1742424.4,A,Official value,,Banana
QCL,Crops and livestock products,237,Viet Nam,5312,Area harvested,1312,2012,2012,ha,108549,A,Official value,,Banana
QCL,Crops and livestock products,237,Viet Nam,5412,Yield,1312,2012,2012,kg/ha,16508.1,A,Official value,,Banana
QCL,Crops and livestock products,237,Viet Nam,5510,Production,1312,2012,2012,t,1791937,A,Official value,,Banana
QCL,Crops and livestock products,237,Viet Nam,5312,Area harvested,1312,2013,2013,ha,112434,A,Official value,,Banana
QCL,Crops and livestock products,237,Viet Nam,5412,Yield,1312,2013,2013,kg/ha,16832.4,A,Official value,,Banana
QCL,Crops and livestock products,237,Viet Nam,5510,Production,1312,2013,2013,t,1892523,A,Official value,,Banana
QCL,Crops and livestock products,237,Viet Nam,5312,Area harvested,1312,2014,2014,ha,114437,A,Official value,,Banana
QCL,Crops and livestock products,237,Viet Nam,5412,Yield,1312,2014,2014,kg/ha,16232.9,A,Official value,,Banana
QCL,Crops and livestock products,237,Viet Nam,5510,Production,1312,2014,2014,t,1857641,A,Official value,,Banana
QCL,Crops and livestock products,237,Viet Nam,5312,Area harvested,1312,2015,2015,ha,118092,A,Official value,,Banana
QCL,Crops and livestock products,237,Viet Nam,5412,Yield,1312,2015,2015,kg/ha,16456.1,A,Official value,,Banana
QCL,Crops and livestock products,237,Viet Nam,5510,Production,1312,2015,2015,t,1943337.2,A,Official value,,Banana
QCL,Crops and livestock products,237,Viet Nam,5312,Area harvested,1312,2016,2016,ha,120041,A,Official value,,Banana
QCL,Crops and livestock products,237,Viet Nam,5412,Yield,1312,2016,2016,kg/ha,16177.3,A,Official value,,Banana
QCL,Crops and livestock products,237,Viet Nam,5510,Production,1312,2016,2016,t,1941935,A,Official value,,Banana
QCL,Crops and livestock products,237,Viet Nam,5312,Area harvested,1312,2017,2017,ha,125456,A,Official value,,Banana
QCL,Crops and livestock products,237,Viet Nam,5412,Yield,1312,2017,2017,kg/ha,16303.3,A,Official value,,Banana
QCL,Crops and livestock products,237,Viet Nam,5510,Production,1312,2017,2017,t,2045351.78,A,Official value,,Banana
QCL,Crops and livestock products,237,Viet Nam,5312,Area harvested,1312,2018,2018,ha,128508,A,Official value,,Banana
QCL,Crops and livestock products,237,Viet Nam,5412,Yield,1312,2018,2018,kg/ha,16242.4,A,Official value,,Banana
QCL,Crops and livestock products,237,Viet Nam,5510,Production,1312,2018,2018,t,2087274.64,A,Official value,,Banana
QCL,Crops and livestock products,237,Viet Nam,5312,Area harvested,1312,2019,2019,ha,133638,A,Official value,,Banana
QCL,Crops and livestock products,237,Viet Nam,5412,Yield,1312,2019,2019,kg/ha,16419.3,A,Official value,,Banana
QCL,Crops and livestock products,237,Viet Nam,5510,Production,1312,2019,2019,t,2194247.09,A,Official value,,Banana
QCL,Crops and livestock products,237,Viet Nam,5312,Area harvested,1312,2020,2020,ha,136569,A,Official value,,Banana
QCL,Crops and livestock products,237,Viet Nam,5412,Yield,1312,2020,2020,kg/ha,16603.4,A,Official value,,Banana
QCL,Crops and livestock products,237,Viet Nam,5510,Production,1312,2020,2020,t,2267520.24,A,Official value,,Banana
QCL,Crops and livestock products,237,Viet Nam,5312,Area harvested,1312,2021,2021,ha,138876,A,Official value,,Banana
QCL,Crops and livestock products,237,Viet Nam,5412,Yield,1312,2021,2021,kg/ha,16908.6,A,Official value,,Banana
QCL,Crops and livestock products,237,Viet Nam,5510,Production,1312,2021,2021,t,2348199.55,A,Official value,,Banana
QCL,Crops and livestock products,237,Viet Nam,5312,Area harvested,1312,2022,2022,ha,143107,A,Official value,,Banana
QCL,Crops and livestock products,237,Viet Nam,5412,Yield,1312,2022,2022,kg/ha,17423.4,A,Official value,,Banana
QCL,Crops and livestock products,237,Viet Nam,5510,Production,1312,2022,2022,t,2493421.57,A,Official value,,Banana
QCL,Crops and livestock products,237,Viet Nam,5312,Area harvested,1312,2023,2023,ha,147134,A,Official value,,Banana
QCL,Crops and livestock products,237,Viet Nam,5412,Yield,1312,2023,2023,kg/ha,17938.6,A,Official value,,Banana
QCL,Crops and livestock products,237,Viet Nam,5510,Production,1312,2023,2023,t,2639387.91,A,Official value,,Banana
QCL,Crops and livestock products,237,Viet Nam,5312,Area harvested,1312,2024,2024,ha,144600,A,Official value,,Banana
QCL,Crops and livestock products,237,Viet Nam,5412,Yield,1312,2024,2024,kg/ha,18259,A,Official value,,Banana
QCL,Crops and livestock products,237,Viet Nam,5510,Production,1312,2024,2024,t,2640250,A,Official value,,Banana
QCL,Crops and livestock products,249,Yemen,5312,Area harvested,1312,2010,2010,ha,10313,A,Official value,,Banana
QCL,Crops and livestock products,249,Yemen,5412,Yield,1312,2010,2010,kg/ha,12930.5,A,Official value,,Banana
QCL,Crops and livestock products,249,Yemen,5510,Production,1312,2010,2010,t,133352,A,Official value,,Banana
QCL,Crops and livestock products,249,Yemen,5312,Area harvested,1312,2011,2011,ha,10241,A,Official value,,Banana
QCL,Crops and livestock products,249,Yemen,5412,Yield,1312,2011,2011,kg/ha,12629.3,A,Official value,,Banana
QCL,Crops and livestock products,249,Yemen,5510,Production,1312,2011,2011,t,129337,A,Official value,,Banana
QCL,Crops and livestock products,249,Yemen,5312,Area harvested,1312,2012,2012,ha,10063,A,Official value,,Banana
QCL,Crops and livestock products,249,Yemen,5412,Yield,1312,2012,2012,kg/ha,12667,A,Official value,,Banana
QCL,Crops and livestock products,249,Yemen,5510,Production,1312,2012,2012,t,127468,A,Official value,,Banana
QCL,Crops and livestock products,249,Yemen,5312,Area harvested,1312,2013,2013,ha,10060,A,Official value,,Banana
QCL,Crops and livestock products,249,Yemen,5412,Yield,1312,2013,2013,kg/ha,12557.9,A,Official value,,Banana
QCL,Crops and livestock products,249,Yemen,5510,Production,1312,2013,2013,t,126332,A,Official value,,Banana
QCL,Crops and livestock products,249,Yemen,5312,Area harvested,1312,2014,2014,ha,9955,A,Official value,,Banana
QCL,Crops and livestock products,249,Yemen,5412,Yield,1312,2014,2014,kg/ha,12560.5,A,Official value,,Banana
QCL,Crops and livestock products,249,Yemen,5510,Production,1312,2014,2014,t,125040,A,Official value,,Banana
QCL,Crops and livestock products,249,Yemen,5312,Area harvested,1312,2015,2015,ha,9607,A,Official value,,Banana
QCL,Crops and livestock products,249,Yemen,5412,Yield,1312,2015,2015,kg/ha,12410.6,A,Official value,,Banana
QCL,Crops and livestock products,249,Yemen,5510,Production,1312,2015,2015,t,119229,A,Official value,,Banana
QCL,Crops and livestock products,249,Yemen,5312,Area harvested,1312,2016,2016,ha,9474,A,Official value,,Banana
QCL,Crops and livestock products,249,Yemen,5412,Yield,1312,2016,2016,kg/ha,12321.3,A,Official value,,Banana
QCL,Crops and livestock products,249,Yemen,5510,Production,1312,2016,2016,t,116732,A,Official value,,Banana
QCL,Crops and livestock products,249,Yemen,5312,Area harvested,1312,2017,2017,ha,9472,A,Official value,,Banana
QCL,Crops and livestock products,249,Yemen,5412,Yield,1312,2017,2017,kg/ha,12308,A,Official value,,Banana
QCL,Crops and livestock products,249,Yemen,5510,Production,1312,2017,2017,t,116581,A,Official value,,Banana
QCL,Crops and livestock products,249,Yemen,5312,Area harvested,1312,2018,2018,ha,9244,A,Official value,,Banana
QCL,Crops and livestock products,249,Yemen,5412,Yield,1312,2018,2018,kg/ha,11817.6,A,Official value,,Banana
QCL,Crops and livestock products,249,Yemen,5510,Production,1312,2018,2018,t,109242,A,Official value,,Banana
QCL,Crops and livestock products,249,Yemen,5312,Area harvested,1312,2019,2019,ha,9431,A,Official value,,Banana
QCL,Crops and livestock products,249,Yemen,5412,Yield,1312,2019,2019,kg/ha,12331.7,A,Official value,,Banana
QCL,Crops and livestock products,249,Yemen,5510,Production,1312,2019,2019,t,116300,A,Official value,,Banana
QCL,Crops and livestock products,249,Yemen,5312,Area harvested,1312,2020,2020,ha,10021,X,Value from external organization,Unofficial figure,Banana
QCL,Crops and livestock products,249,Yemen,5412,Yield,1312,2020,2020,kg/ha,12313.6,X,Value from external organization,,Banana
QCL,Crops and livestock products,249,Yemen,5510,Production,1312,2020,2020,t,123395,X,Value from external organization,Unofficial figure,Banana
QCL,Crops and livestock products,249,Yemen,5312,Area harvested,1312,2021,2021,ha,10263,X,Value from external organization,Unofficial figure,Banana
QCL,Crops and livestock products,249,Yemen,5412,Yield,1312,2021,2021,kg/ha,12875.6,X,Value from external organization,,Banana
QCL,Crops and livestock products,249,Yemen,5510,Production,1312,2021,2021,t,132142,X,Value from external organization,Unofficial figure,Banana
QCL,Crops and livestock products,249,Yemen,5312,Area harvested,1312,2022,2022,ha,10333,X,Value from external organization,Unofficial figure,Banana
QCL,Crops and livestock products,249,Yemen,5412,Yield,1312,2022,2022,kg/ha,12852,X,Value from external organization,,Banana
QCL,Crops and livestock products,249,Yemen,5510,Production,1312,2022,2022,t,132800,X,Value from external organization,Unofficial figure,Banana
QCL,Crops and livestock products,249,Yemen,5312,Area harvested,1312,2023,2023,ha,10333,X,Value from external organization,Unofficial figure,Banana
QCL,Crops and livestock products,249,Yemen,5412,Yield,1312,2023,2023,kg/ha,12961.5,X,Value from external organization,,Banana
QCL,Crops and livestock products,249,Yemen,5510,Production,1312,2023,2023,t,133931,X,Value from external organization,Unofficial figure,Banana
QCL,Crops and livestock products,249,Yemen,5312,Area harvested,1312,2024,2024,ha,10421,I,Value imputed by a receiving agency,,Banana
QCL,Crops and livestock products,249,Yemen,5412,Yield,1312,2024,2024,kg/ha,12997.3,E,Estimated value,,Banana
QCL,Crops and livestock products,249,Yemen,5510,Production,1312,2024,2024,t,135447.6,I,Value imputed by a receiving agency,,Banana
QCL,Crops and livestock products,251,Zambia,5312,Area harvested,1312,2010,2010,ha,210,E,Estimated value,,Banana
QCL,Crops and livestock products,251,Zambia,5412,Yield,1312,2010,2010,kg/ha,3428.6,E,Estimated value,,Banana
QCL,Crops and livestock products,251,Zambia,5510,Production,1312,2010,2010,t,720,E,Estimated value,,Banana
QCL,Crops and livestock products,251,Zambia,5312,Area harvested,1312,2011,2011,ha,170,E,Estimated value,,Banana
QCL,Crops and livestock products,251,Zambia,5412,Yield,1312,2011,2011,kg/ha,3823.5,E,Estimated value,,Banana
QCL,Crops and livestock products,251,Zambia,5510,Production,1312,2011,2011,t,650,E,Estimated value,,Banana
QCL,Crops and livestock products,251,Zambia,5312,Area harvested,1312,2012,2012,ha,160,E,Estimated value,,Banana
QCL,Crops and livestock products,251,Zambia,5412,Yield,1312,2012,2012,kg/ha,4250,E,Estimated value,,Banana
QCL,Crops and livestock products,251,Zambia,5510,Production,1312,2012,2012,t,680,E,Estimated value,,Banana
QCL,Crops and livestock products,251,Zambia,5312,Area harvested,1312,2013,2013,ha,160,E,Estimated value,,Banana
QCL,Crops and livestock products,251,Zambia,5412,Yield,1312,2013,2013,kg/ha,4250,E,Estimated value,,Banana
QCL,Crops and livestock products,251,Zambia,5510,Production,1312,2013,2013,t,680,E,Estimated value,,Banana
QCL,Crops and livestock products,251,Zambia,5312,Area harvested,1312,2014,2014,ha,162,I,Value imputed by a receiving agency,,Banana
QCL,Crops and livestock products,251,Zambia,5412,Yield,1312,2014,2014,kg/ha,4223.2,E,Estimated value,,Banana
QCL,Crops and livestock products,251,Zambia,5510,Production,1312,2014,2014,t,684.89,I,Value imputed by a receiving agency,,Banana
QCL,Crops and livestock products,251,Zambia,5312,Area harvested,1312,2015,2015,ha,162,I,Value imputed by a receiving agency,,Banana
QCL,Crops and livestock products,251,Zambia,5412,Yield,1312,2015,2015,kg/ha,4159,E,Estimated value,,Banana
QCL,Crops and livestock products,251,Zambia,5510,Production,1312,2015,2015,t,675.72,I,Value imputed by a receiving agency,,Banana
QCL,Crops and livestock products,251,Zambia,5312,Area harvested,1312,2016,2016,ha,164,I,Value imputed by a receiving agency,,Banana
QCL,Crops and livestock products,251,Zambia,5412,Yield,1312,2016,2016,kg/ha,4195.1,E,Estimated value,,Banana
QCL,Crops and livestock products,251,Zambia,5510,Production,1312,2016,2016,t,686.66,I,Value imputed by a receiving agency,,Banana
QCL,Crops and livestock products,251,Zambia,5312,Area harvested,1312,2017,2017,ha,164,I,Value imputed by a receiving agency,,Banana
QCL,Crops and livestock products,251,Zambia,5412,Yield,1312,2017,2017,kg/ha,4250.9,E,Estimated value,,Banana
QCL,Crops and livestock products,251,Zambia,5510,Production,1312,2017,2017,t,695.7,I,Value imputed by a receiving agency,,Banana
QCL,Crops and livestock products,251,Zambia,5312,Area harvested,1312,2018,2018,ha,163,I,Value imputed by a receiving agency,,Banana
QCL,Crops and livestock products,251,Zambia,5412,Yield,1312,2018,2018,kg/ha,4306.8,E,Estimated value,,Banana
QCL,Crops and livestock products,251,Zambia,5510,Production,1312,2018,2018,t,701.61,I,Value imputed by a receiving agency,,Banana
QCL,Crops and livestock products,251,Zambia,5312,Area harvested,1312,2019,2019,ha,162,I,Value imputed by a receiving agency,,Banana
QCL,Crops and livestock products,251,Zambia,5412,Yield,1312,2019,2019,kg/ha,4358,E,Estimated value,,Banana
QCL,Crops and livestock products,251,Zambia,5510,Production,1312,2019,2019,t,704.73,I,Value imputed by a receiving agency,,Banana
QCL,Crops and livestock products,251,Zambia,5312,Area harvested,1312,2020,2020,ha,160,I,Value imputed by a receiving agency,,Banana
QCL,Crops and livestock products,251,Zambia,5412,Yield,1312,2020,2020,kg/ha,4397,E,Estimated value,,Banana
QCL,Crops and livestock products,251,Zambia,5510,Production,1312,2020,2020,t,704.52,I,Value imputed by a receiving agency,,Banana
QCL,Crops and livestock products,251,Zambia,5312,Area harvested,1312,2021,2021,ha,156,I,Value imputed by a receiving agency,,Banana
QCL,Crops and livestock products,251,Zambia,5412,Yield,1312,2021,2021,kg/ha,4454.7,E,Estimated value,,Banana
QCL,Crops and livestock products,251,Zambia,5510,Production,1312,2021,2021,t,694.71,I,Value imputed by a receiving agency,,Banana
QCL,Crops and livestock products,251,Zambia,5312,Area harvested,1312,2022,2022,ha,159,E,Estimated value,,Banana
QCL,Crops and livestock products,251,Zambia,5412,Yield,1312,2022,2022,kg/ha,4310.5,E,Estimated value,,Banana
QCL,Crops and livestock products,251,Zambia,5510,Production,1312,2022,2022,t,686.65,I,Value imputed by a receiving agency,,Banana
QCL,Crops and livestock products,251,Zambia,5312,Area harvested,1312,2023,2023,ha,158,E,Estimated value,,Banana
QCL,Crops and livestock products,251,Zambia,5412,Yield,1312,2023,2023,kg/ha,4320.2,E,Estimated value,,Banana
QCL,Crops and livestock products,251,Zambia,5510,Production,1312,2023,2023,t,684.72,I,Value imputed by a receiving agency,,Banana
QCL,Crops and livestock products,251,Zambia,5312,Area harvested,1312,2024,2024,ha,158,E,Estimated value,,Banana
QCL,Crops and livestock products,251,Zambia,5412,Yield,1312,2024,2024,kg/ha,4330.5,E,Estimated value,,Banana
QCL,Crops and livestock products,251,Zambia,5510,Production,1312,2024,2024,t,683.84,I,Value imputed by a receiving agency,,Banana
QCL,Crops and livestock products,181,Zimbabwe,5312,Area harvested,1312,2010,2010,ha,9813,I,Value imputed by a receiving agency,,Banana
QCL,Crops and livestock products,181,Zimbabwe,5412,Yield,1312,2010,2010,kg/ha,16117.8,E,Estimated value,,Banana
QCL,Crops and livestock products,181,Zimbabwe,5510,Production,1312,2010,2010,t,158169.97,I,Value imputed by a receiving agency,,Banana
QCL,Crops and livestock products,181,Zimbabwe,5312,Area harvested,1312,2011,2011,ha,9214,I,Value imputed by a receiving agency,,Banana
QCL,Crops and livestock products,181,Zimbabwe,5412,Yield,1312,2011,2011,kg/ha,18561.4,E,Estimated value,,Banana
QCL,Crops and livestock products,181,Zimbabwe,5510,Production,1312,2011,2011,t,171016.33,I,Value imputed by a receiving agency,,Banana
QCL,Crops and livestock products,181,Zimbabwe,5312,Area harvested,1312,2012,2012,ha,7976,I,Value imputed by a receiving agency,,Banana
QCL,Crops and livestock products,181,Zimbabwe,5412,Yield,1312,2012,2012,kg/ha,22512.3,E,Estimated value,,Banana
QCL,Crops and livestock products,181,Zimbabwe,5510,Production,1312,2012,2012,t,179554.43,I,Value imputed by a receiving agency,,Banana
QCL,Crops and livestock products,181,Zimbabwe,5312,Area harvested,1312,2013,2013,ha,7721,I,Value imputed by a receiving agency,,Banana
QCL,Crops and livestock products,181,Zimbabwe,5412,Yield,1312,2013,2013,kg/ha,24771.1,E,Estimated value,,Banana
QCL,Crops and livestock products,181,Zimbabwe,5510,Production,1312,2013,2013,t,191254.45,I,Value imputed by a receiving agency,,Banana
QCL,Crops and livestock products,181,Zimbabwe,5312,Area harvested,1312,2014,2014,ha,7503,I,Value imputed by a receiving agency,,Banana
QCL,Crops and livestock products,181,Zimbabwe,5412,Yield,1312,2014,2014,kg/ha,27036.5,E,Estimated value,,Banana
QCL,Crops and livestock products,181,Zimbabwe,5510,Production,1312,2014,2014,t,202860.65,I,Value imputed by a receiving agency,,Banana
QCL,Crops and livestock products,181,Zimbabwe,5312,Area harvested,1312,2015,2015,ha,7457,I,Value imputed by a receiving agency,,Banana
QCL,Crops and livestock products,181,Zimbabwe,5412,Yield,1312,2015,2015,kg/ha,29282.8,E,Estimated value,,Banana
QCL,Crops and livestock products,181,Zimbabwe,5510,Production,1312,2015,2015,t,218368,A,Official value,,Banana
QCL,Crops and livestock products,181,Zimbabwe,5312,Area harvested,1312,2016,2016,ha,7165,A,Official value,,Banana
QCL,Crops and livestock products,181,Zimbabwe,5412,Yield,1312,2016,2016,kg/ha,32012.3,A,Official value,,Banana
QCL,Crops and livestock products,181,Zimbabwe,5510,Production,1312,2016,2016,t,229368,A,Official value,,Banana
QCL,Crops and livestock products,181,Zimbabwe,5312,Area harvested,1312,2017,2017,ha,7187,A,Official value,,Banana
QCL,Crops and livestock products,181,Zimbabwe,5412,Yield,1312,2017,2017,kg/ha,35115.6,A,Official value,,Banana
QCL,Crops and livestock products,181,Zimbabwe,5510,Production,1312,2017,2017,t,252376,A,Official value,,Banana
QCL,Crops and livestock products,181,Zimbabwe,5312,Area harvested,1312,2018,2018,ha,7165,A,Official value,,Banana
QCL,Crops and livestock products,181,Zimbabwe,5412,Yield,1312,2018,2018,kg/ha,32000.8,A,Official value,,Banana
QCL,Crops and livestock products,181,Zimbabwe,5510,Production,1312,2018,2018,t,229286,A,Official value,,Banana
QCL,Crops and livestock products,181,Zimbabwe,5312,Area harvested,1312,2019,2019,ha,7187,A,Official value,,Banana
QCL,Crops and livestock products,181,Zimbabwe,5412,Yield,1312,2019,2019,kg/ha,35115.6,A,Official value,,Banana
QCL,Crops and livestock products,181,Zimbabwe,5510,Production,1312,2019,2019,t,252376,A,Official value,,Banana
QCL,Crops and livestock products,181,Zimbabwe,5312,Area harvested,1312,2020,2020,ha,7539,A,Official value,,Banana
QCL,Crops and livestock products,181,Zimbabwe,5412,Yield,1312,2020,2020,kg/ha,36000,A,Official value,,Banana
QCL,Crops and livestock products,181,Zimbabwe,5510,Production,1312,2020,2020,t,271404,A,Official value,,Banana
QCL,Crops and livestock products,181,Zimbabwe,5312,Area harvested,1312,2021,2021,ha,7844,A,Official value,,Banana
QCL,Crops and livestock products,181,Zimbabwe,5412,Yield,1312,2021,2021,kg/ha,38000,A,Official value,,Banana
QCL,Crops and livestock products,181,Zimbabwe,5510,Production,1312,2021,2021,t,298072,A,Official value,,Banana
QCL,Crops and livestock products,181,Zimbabwe,5312,Area harvested,1312,2022,2022,ha,7921,A,Official value,,Banana
QCL,Crops and livestock products,181,Zimbabwe,5412,Yield,1312,2022,2022,kg/ha,38000,A,Official value,,Banana
QCL,Crops and livestock products,181,Zimbabwe,5510,Production,1312,2022,2022,t,300998,A,Official value,,Banana
QCL,Crops and livestock products,181,Zimbabwe,5312,Area harvested,1312,2023,2023,ha,8042,A,Official value,,Banana
QCL,Crops and livestock products,181,Zimbabwe,5412,Yield,1312,2023,2023,kg/ha,39000,A,Official value,,Banana
QCL,Crops and livestock products,181,Zimbabwe,5510,Production,1312,2023,2023,t,313638,A,Official value,,Banana
QCL,Crops and livestock products,181,Zimbabwe,5312,Area harvested,1312,2024,2024,ha,8135,A,Official value,,Banana
QCL,Crops and livestock products,181,Zimbabwe,5412,Yield,1312,2024,2024,kg/ha,40000,A,Official value,,Banana
QCL,Crops and livestock products,181,Zimbabwe,5510,Production,1312,2024,2024,t,325400,A,Official value,,Banana
